serie,modelo,uso,fecha,real,pronostico,bajo,alto
NOVA total,Naive,horizonte,2026-08-10,123598232.57,154855556.63,,
NOVA total,Naive,horizonte,2026-08-17,123568723.44,154855556.63,,
NOVA total,Naive,horizonte,2026-08-24,121605637.51,154855556.63,,
NOVA total,Naive,horizonte,2026-08-31,122534349.15,154855556.63,,
NOVA total,Naive,horizonte,2026-09-07,139089210.38,154855556.63,,
NOVA total,Naive,horizonte,2026-09-14,137490364.95,154855556.63,,
NOVA total,Naive,horizonte,2026-09-21,134787178.53,154855556.63,,
NOVA total,Naive,horizonte,2026-09-28,129087000.1,154855556.63,,
NOVA total,Ajuste comercial,horizonte,2026-08-10,123598232.57,142467112.0996,,
NOVA total,Ajuste comercial,horizonte,2026-08-17,123568723.44,142467112.0996,,
NOVA total,Ajuste comercial,horizonte,2026-08-24,121605637.51,142467112.0996,,
NOVA total,Ajuste comercial,horizonte,2026-08-31,122534349.15,142467112.0996,,
NOVA total,Ajuste comercial,horizonte,2026-09-07,139089210.38,142467112.0996,,
NOVA total,Ajuste comercial,horizonte,2026-09-14,137490364.95,142467112.0996,,
NOVA total,Ajuste comercial,horizonte,2026-09-21,134787178.53,142467112.0996,,
NOVA total,Ajuste comercial,horizonte,2026-09-28,129087000.1,142467112.0996,,
NOVA total,Promedio móvil,horizonte,2026-08-10,123598232.57,151871220.2675,,
NOVA total,Promedio móvil,horizonte,2026-08-17,123568723.44,151871220.2675,,
NOVA total,Promedio móvil,horizonte,2026-08-24,121605637.51,151871220.2675,,
NOVA total,Promedio móvil,horizonte,2026-08-31,122534349.15,151871220.2675,,
NOVA total,Promedio móvil,horizonte,2026-09-07,139089210.38,151871220.2675,,
NOVA total,Promedio móvil,horizonte,2026-09-14,137490364.95,151871220.2675,,
NOVA total,Promedio móvil,horizonte,2026-09-21,134787178.53,151871220.2675,,
NOVA total,Promedio móvil,horizonte,2026-09-28,129087000.1,151871220.2675,,
NOVA total,Suavización simple,horizonte,2026-08-10,123598232.57,154636071.87861955,,
NOVA total,Suavización simple,horizonte,2026-08-17,123568723.44,154636071.87861955,,
NOVA total,Suavización simple,horizonte,2026-08-24,121605637.51,154636071.87861955,,
NOVA total,Suavización simple,horizonte,2026-08-31,122534349.15,154636071.87861955,,
NOVA total,Suavización simple,horizonte,2026-09-07,139089210.38,154636071.87861955,,
NOVA total,Suavización simple,horizonte,2026-09-14,137490364.95,154636071.87861955,,
NOVA total,Suavización simple,horizonte,2026-09-21,134787178.53,154636071.87861955,,
NOVA total,Suavización simple,horizonte,2026-09-28,129087000.1,154636071.87861955,,
NOVA total,Holt,horizonte,2026-08-10,123598232.57,155626024.84165937,,
NOVA total,Holt,horizonte,2026-08-17,123568723.44,156493120.8610702,,
NOVA total,Holt,horizonte,2026-08-24,121605637.51,157360216.88048097,,
NOVA total,Holt,horizonte,2026-08-31,122534349.15,158227312.89989176,,
NOVA total,Holt,horizonte,2026-09-07,139089210.38,159094408.91930258,,
NOVA total,Holt,horizonte,2026-09-14,137490364.95,159961504.93871337,,
NOVA total,Holt,horizonte,2026-09-21,134787178.53,160828600.9581242,,
NOVA total,Holt,horizonte,2026-09-28,129087000.1,161695696.97753498,,
NOVA total,Holt-Winters,horizonte,2026-08-10,123598232.57,167146862.35939044,,
NOVA total,Holt-Winters,horizonte,2026-08-17,123568723.44,155349012.37248713,,
NOVA total,Holt-Winters,horizonte,2026-08-24,121605637.51,159333544.63597298,,
NOVA total,Holt-Winters,horizonte,2026-08-31,122534349.15,158687803.26677367,,
NOVA total,Holt-Winters,horizonte,2026-09-07,139089210.38,158623328.7940424,,
NOVA total,Holt-Winters,horizonte,2026-09-14,137490364.95,172295758.39374024,,
NOVA total,Holt-Winters,horizonte,2026-09-21,134787178.53,168658806.28627226,,
NOVA total,Holt-Winters,horizonte,2026-09-28,129087000.1,180636068.9228679,,
NOVA total,ARIMA,horizonte,2026-08-10,123598232.57,155710314.1829137,,
NOVA total,ARIMA,horizonte,2026-08-17,123568723.44,155173925.92777762,,
NOVA total,ARIMA,horizonte,2026-08-24,121605637.51,155510527.06018898,,
NOVA total,ARIMA,horizonte,2026-08-31,122534349.15,155299298.86632803,,
NOVA total,ARIMA,horizonte,2026-09-07,139089210.38,155431851.45033783,,
NOVA total,ARIMA,horizonte,2026-09-14,137490364.95,155348670.3786896,,
NOVA total,ARIMA,horizonte,2026-09-21,134787178.53,155400869.21534175,,
NOVA total,ARIMA,horizonte,2026-09-28,129087000.1,155368112.7420979,,
NOVA total,Random Forest,horizonte,2026-08-10,123598232.57,157080675.87155753,,
NOVA total,Random Forest,horizonte,2026-08-17,123568723.44,158798922.81546244,,
NOVA total,Random Forest,horizonte,2026-08-24,121605637.51,158244242.51314273,,
NOVA total,Random Forest,horizonte,2026-08-31,122534349.15,164016164.99302745,,
NOVA total,Random Forest,horizonte,2026-09-07,139089210.38,169468281.58735165,,
NOVA total,Random Forest,horizonte,2026-09-14,137490364.95,168157108.05795985,,
NOVA total,Random Forest,horizonte,2026-09-21,134787178.53,173977165.57294923,,
NOVA total,Random Forest,horizonte,2026-09-28,129087000.1,175124113.6494944,,
NOVA total,XGBoost,horizonte,2026-08-10,123598232.57,155070032.0,,
NOVA total,XGBoost,horizonte,2026-08-17,123568723.44,154586800.0,,
NOVA total,XGBoost,horizonte,2026-08-24,121605637.51,155563872.0,,
NOVA total,XGBoost,horizonte,2026-08-31,122534349.15,166670832.0,,
NOVA total,XGBoost,horizonte,2026-09-07,139089210.38,174482720.0,,
NOVA total,XGBoost,horizonte,2026-09-14,137490364.95,173332240.0,,
NOVA total,XGBoost,horizonte,2026-09-21,134787178.53,173928608.0,,
NOVA total,XGBoost,horizonte,2026-09-28,129087000.1,170497792.0,,
NOVA total,Naive,paso,2026-08-10,123598232.57,154855556.63,,
NOVA total,Naive,paso,2026-08-17,123568723.44,123598232.57,,
NOVA total,Naive,paso,2026-08-24,121605637.51,123568723.44,,
NOVA total,Naive,paso,2026-08-31,122534349.15,121605637.51,,
NOVA total,Naive,paso,2026-09-07,139089210.38,122534349.15,,
NOVA total,Naive,paso,2026-09-14,137490364.95,139089210.38,,
NOVA total,Naive,paso,2026-09-21,134787178.53,137490364.95,,
NOVA total,Naive,paso,2026-09-28,129087000.1,134787178.53,,
NOVA total,Ajuste comercial,paso,2026-08-10,123598232.57,142467112.0996,,
NOVA total,Ajuste comercial,paso,2026-08-17,123568723.44,113710373.9644,,
NOVA total,Ajuste comercial,paso,2026-08-24,121605637.51,113683225.56480001,,
NOVA total,Ajuste comercial,paso,2026-08-31,122534349.15,111877186.5092,,
NOVA total,Ajuste comercial,paso,2026-09-07,139089210.38,112731601.21800001,,
NOVA total,Ajuste comercial,paso,2026-09-14,137490364.95,127962073.5496,,
NOVA total,Ajuste comercial,paso,2026-09-21,134787178.53,126491135.754,,
NOVA total,Ajuste comercial,paso,2026-09-28,129087000.1,124004204.2476,,
NOVA total,Promedio móvil,paso,2026-08-10,123598232.57,151871220.2675,,
NOVA total,Promedio móvil,paso,2026-08-17,123568723.44,144723585.5725,,
NOVA total,Promedio móvil,paso,2026-08-24,121605637.51,138936241.5575,,
NOVA total,Promedio móvil,paso,2026-08-31,122534349.15,130907037.5375,,
NOVA total,Promedio móvil,paso,2026-09-07,139089210.38,122826735.66749999,,
NOVA total,Promedio móvil,paso,2026-09-14,137490364.95,126699480.12,,
NOVA total,Promedio móvil,paso,2026-09-21,134787178.53,130179890.4975,,
NOVA total,Promedio móvil,paso,2026-09-28,129087000.1,133475275.7525,,
NOVA total,Suavización simple,paso,2026-08-10,123598232.57,154636071.87861955,,
NOVA total,Suavización simple,paso,2026-08-17,123568723.44,127279529.21825898,,
NOVA total,Suavización simple,paso,2026-08-24,121605637.51,123994849.23713385,,
NOVA total,Suavización simple,paso,2026-08-31,122534349.15,121883505.46680523,,
NOVA total,Suavización simple,paso,2026-09-07,139089210.38,122458578.86727153,,
NOVA total,Suavización simple,paso,2026-09-14,137490364.95,137154041.2107982,,
NOVA total,Suavización simple,paso,2026-09-21,134787178.53,137451443.6263985,,
NOVA total,Suavización simple,paso,2026-09-28,129087000.1,135097191.02108443,,
NOVA total,Holt,paso,2026-08-10,123598232.57,155626024.84165937,,
NOVA total,Holt,paso,2026-08-17,123568723.44,127435108.42538099,,
NOVA total,Holt,paso,2026-08-24,121605637.51,124156220.9183727,,
NOVA total,Holt,paso,2026-08-31,122534349.15,121996255.66270243,,
NOVA total,Holt,paso,2026-09-07,139089210.38,122597635.70988598,,
NOVA total,Holt,paso,2026-09-14,137490364.95,137769340.30029222,,
NOVA total,Holt,paso,2026-09-21,134787178.53,137989598.98871034,,
NOVA total,Holt,paso,2026-09-28,129087000.1,135545824.4810102,,
NOVA total,Holt-Winters,paso,2026-08-10,123598232.57,167146862.35939044,,
NOVA total,Holt-Winters,paso,2026-08-17,123568723.44,137271486.10892954,,
NOVA total,Holt-Winters,paso,2026-08-24,121605637.51,128867420.39603032,,
NOVA total,Holt-Winters,paso,2026-08-31,122534349.15,127911470.04831773,,
NOVA total,Holt-Winters,paso,2026-09-07,139089210.38,119596722.5150822,,
NOVA total,Holt-Winters,paso,2026-09-14,137490364.95,145018933.0008717,,
NOVA total,Holt-Winters,paso,2026-09-21,134787178.53,138145520.281591,,
NOVA total,Holt-Winters,paso,2026-09-28,129087000.1,148674320.00906456,,
NOVA total,ARIMA,paso,2026-08-10,123598232.57,155710314.1829137,,
NOVA total,ARIMA,paso,2026-08-17,123568723.44,126236830.55860606,,
NOVA total,ARIMA,paso,2026-08-24,121605637.51,122239686.27281292,,
NOVA total,ARIMA,paso,2026-08-31,122534349.15,122473805.17710775,,
NOVA total,ARIMA,paso,2026-09-07,139089210.38,122001471.53175777,,
NOVA total,ARIMA,paso,2026-09-14,137490364.95,137773589.47948524,,
NOVA total,ARIMA,paso,2026-09-21,134787178.53,138309960.7750177,,
NOVA total,ARIMA,paso,2026-09-28,129087000.1,134630468.58191872,,
NOVA total,Random Forest,paso,2026-08-10,123598232.57,157080675.87155753,,
NOVA total,Random Forest,paso,2026-08-17,123568723.44,154066838.55010122,,
NOVA total,Random Forest,paso,2026-08-24,121605637.51,141450319.25459093,,
NOVA total,Random Forest,paso,2026-08-31,122534349.15,135812444.30788139,,
NOVA total,Random Forest,paso,2026-09-07,139089210.38,128618997.42083465,,
NOVA total,Random Forest,paso,2026-09-14,137490364.95,136840970.55062658,,
NOVA total,Random Forest,paso,2026-09-21,134787178.53,137324285.6493418,,
NOVA total,Random Forest,paso,2026-09-28,129087000.1,135643433.99774984,,
NOVA total,XGBoost,paso,2026-08-10,123598232.57,155070032.0,,
NOVA total,XGBoost,paso,2026-08-17,123568723.44,151489072.0,,
NOVA total,XGBoost,paso,2026-08-24,121605637.51,140407808.0,,
NOVA total,XGBoost,paso,2026-08-31,122534349.15,141300160.0,,
NOVA total,XGBoost,paso,2026-09-07,139089210.38,135621936.0,,
NOVA total,XGBoost,paso,2026-09-14,137490364.95,146254400.0,,
NOVA total,XGBoost,paso,2026-09-21,134787178.53,139605136.0,,
NOVA total,XGBoost,paso,2026-09-28,129087000.1,130201264.0,,
NOVA total,Naive,presupuesto,2026-10-05,,129087000.1,120470386.97382233,137703613.22617766
NOVA total,Naive,presupuesto,2026-10-12,,129087000.1,120470386.97382233,137703613.22617766
NOVA total,Naive,presupuesto,2026-10-19,,129087000.1,120470386.97382233,137703613.22617766
NOVA total,Naive,presupuesto,2026-10-26,,129087000.1,120470386.97382233,137703613.22617766
NOVA total,Naive,presupuesto,2026-11-02,,129087000.1,120470386.97382233,137703613.22617766
NOVA total,Naive,presupuesto,2026-11-09,,129087000.1,120470386.97382233,137703613.22617766
NOVA total,Naive,presupuesto,2026-11-16,,129087000.1,120470386.97382233,137703613.22617766
NOVA total,Naive,presupuesto,2026-11-23,,129087000.1,120470386.97382233,137703613.22617766
NOVA total,Ajuste comercial,presupuesto,2026-10-05,,118760040.092,110143426.96582232,127376653.21817766
NOVA total,Ajuste comercial,presupuesto,2026-10-12,,118760040.092,110143426.96582232,127376653.21817766
NOVA total,Ajuste comercial,presupuesto,2026-10-19,,118760040.092,110143426.96582232,127376653.21817766
NOVA total,Ajuste comercial,presupuesto,2026-10-26,,118760040.092,110143426.96582232,127376653.21817766
NOVA total,Ajuste comercial,presupuesto,2026-11-02,,118760040.092,110143426.96582232,127376653.21817766
NOVA total,Ajuste comercial,presupuesto,2026-11-09,,118760040.092,110143426.96582232,127376653.21817766
NOVA total,Ajuste comercial,presupuesto,2026-11-16,,118760040.092,110143426.96582232,127376653.21817766
NOVA total,Ajuste comercial,presupuesto,2026-11-23,,118760040.092,110143426.96582232,127376653.21817766
NOVA total,Promedio móvil,presupuesto,2026-10-05,,135113438.49,126496825.36382234,143730051.61617768
NOVA total,Promedio móvil,presupuesto,2026-10-12,,135113438.49,126496825.36382234,143730051.61617768
NOVA total,Promedio móvil,presupuesto,2026-10-19,,135113438.49,126496825.36382234,143730051.61617768
NOVA total,Promedio móvil,presupuesto,2026-10-26,,135113438.49,126496825.36382234,143730051.61617768
NOVA total,Promedio móvil,presupuesto,2026-11-02,,135113438.49,126496825.36382234,143730051.61617768
NOVA total,Promedio móvil,presupuesto,2026-11-09,,135113438.49,126496825.36382234,143730051.61617768
NOVA total,Promedio móvil,presupuesto,2026-11-16,,135113438.49,126496825.36382234,143730051.61617768
NOVA total,Promedio móvil,presupuesto,2026-11-23,,135113438.49,126496825.36382234,143730051.61617768
NOVA total,Suavización simple,presupuesto,2026-10-05,,129784877.56733389,121168264.44115622,138401490.69351158
NOVA total,Suavización simple,presupuesto,2026-10-12,,129784877.56733389,121168264.44115622,138401490.69351158
NOVA total,Suavización simple,presupuesto,2026-10-19,,129784877.56733389,121168264.44115622,138401490.69351158
NOVA total,Suavización simple,presupuesto,2026-10-26,,129784877.56733389,121168264.44115622,138401490.69351158
NOVA total,Suavización simple,presupuesto,2026-11-02,,129784877.56733389,121168264.44115622,138401490.69351158
NOVA total,Suavización simple,presupuesto,2026-11-09,,129784877.56733389,121168264.44115622,138401490.69351158
NOVA total,Suavización simple,presupuesto,2026-11-16,,129784877.56733389,121168264.44115622,138401490.69351158
NOVA total,Suavización simple,presupuesto,2026-11-23,,129784877.56733389,121168264.44115622,138401490.69351158
NOVA total,Holt,presupuesto,2026-10-05,,130080621.917201,122833070.20977782,137328173.6246242
NOVA total,Holt,presupuesto,2026-10-12,,130366588.80026579,123119037.09284261,137614140.50768897
NOVA total,Holt,presupuesto,2026-10-19,,130652555.68333057,123405003.97590739,137900107.39075375
NOVA total,Holt,presupuesto,2026-10-26,,130938522.56639536,123690970.85897218,138186074.27381855
NOVA total,Holt,presupuesto,2026-11-02,,131224489.44946015,123976937.74203697,138472041.15688333
NOVA total,Holt,presupuesto,2026-11-09,,131510456.33252493,124262904.62510175,138758008.0399481
NOVA total,Holt,presupuesto,2026-11-16,,131796423.21558972,124548871.50816654,139043974.9230129
NOVA total,Holt,presupuesto,2026-11-23,,132082390.09865451,124834838.39123133,139329941.8060777
NOVA total,Holt-Winters,presupuesto,2026-10-05,,128031478.229837,116978406.73977463,139084549.71989936
NOVA total,Holt-Winters,presupuesto,2026-10-12,,124014290.2798744,112961218.78981203,135067361.76993677
NOVA total,Holt-Winters,presupuesto,2026-10-19,,131168885.91249871,120115814.42243634,142221957.40256107
NOVA total,Holt-Winters,presupuesto,2026-10-26,,121533649.91492909,110480578.42486672,132586721.40499146
NOVA total,Holt-Winters,presupuesto,2026-11-02,,145687040.99080247,134633969.5007401,156740112.48086482
NOVA total,Holt-Winters,presupuesto,2026-11-09,,135190640.56018937,124137569.070127,146243712.05025172
NOVA total,Holt-Winters,presupuesto,2026-11-16,,125979423.56408653,114926352.07402416,137032495.05414888
NOVA total,Holt-Winters,presupuesto,2026-11-23,,132709961.20030788,121656889.7102455,143763032.69037023
NOVA total,ARIMA,presupuesto,2026-10-05,,129709925.52319638,121074021.502491,138345829.54390177
NOVA total,ARIMA,presupuesto,2026-10-12,,129334282.11257331,120698378.09186792,137970186.1332787
NOVA total,ARIMA,presupuesto,2026-10-19,,129560806.77618468,120924902.75547929,138196710.79689008
NOVA total,ARIMA,presupuesto,2026-10-26,,129424205.356399,120788301.33569361,138060109.3771044
NOVA total,ARIMA,presupuesto,2026-11-02,,129506580.26246873,120870676.24176334,138142484.28317413
NOVA total,ARIMA,presupuesto,2026-11-09,,129456905.63126326,120821001.61055787,138092809.65196866
NOVA total,ARIMA,presupuesto,2026-11-16,,129486860.97935568,120850956.95865029,138122765.00006106
NOVA total,ARIMA,presupuesto,2026-11-23,,129468796.97248612,120832892.95178074,138104700.9931915
NOVA total,Random Forest,presupuesto,2026-10-05,,131089660.72771369,124608762.98274155,137570558.47268584
NOVA total,Random Forest,presupuesto,2026-10-12,,131514622.11228643,125033724.3673143,137995519.8572586
NOVA total,Random Forest,presupuesto,2026-10-19,,132505279.13542658,126024381.39045444,138986176.88039872
NOVA total,Random Forest,presupuesto,2026-10-26,,132627189.87987715,126146292.13490501,139108087.6248493
NOVA total,Random Forest,presupuesto,2026-11-02,,135478052.3726574,128997154.62768525,141958950.11762953
NOVA total,Random Forest,presupuesto,2026-11-09,,135579423.52200383,129098525.77703169,142060321.26697597
NOVA total,Random Forest,presupuesto,2026-11-16,,135622449.7408669,129141551.99589476,142103347.48583904
NOVA total,Random Forest,presupuesto,2026-11-23,,136115513.55887762,129634615.81390548,142596411.30384976
NOVA total,XGBoost,presupuesto,2026-10-05,,145350256.0,139755398.70615643,150945113.29384357
NOVA total,XGBoost,presupuesto,2026-10-12,,151343632.0,145748774.70615643,156938489.29384357
NOVA total,XGBoost,presupuesto,2026-10-19,,157342736.0,151747878.70615643,162937593.29384357
NOVA total,XGBoost,presupuesto,2026-10-26,,159629376.0,154034518.70615643,165224233.29384357
NOVA total,XGBoost,presupuesto,2026-11-02,,175269728.0,169674870.70615643,180864585.29384357
NOVA total,XGBoost,presupuesto,2026-11-09,,177301664.0,171706806.70615643,182896521.29384357
NOVA total,XGBoost,presupuesto,2026-11-16,,182014976.0,176420118.70615643,187609833.29384357
NOVA total,XGBoost,presupuesto,2026-11-23,,188850176.0,183255318.70615643,194445033.29384357
Categoría · Alimentos,Naive,horizonte,2026-08-10,45623068.88,46340139.68,,
Categoría · Alimentos,Naive,horizonte,2026-08-17,45796686.51,46340139.68,,
Categoría · Alimentos,Naive,horizonte,2026-08-24,45020306.4,46340139.68,,
Categoría · Alimentos,Naive,horizonte,2026-08-31,50835012.37,46340139.68,,
Categoría · Alimentos,Naive,horizonte,2026-09-07,51478132.019999996,46340139.68,,
Categoría · Alimentos,Naive,horizonte,2026-09-14,47796668.730000004,46340139.68,,
Categoría · Alimentos,Naive,horizonte,2026-09-21,52453043.51,46340139.68,,
Categoría · Alimentos,Naive,horizonte,2026-09-28,44242603.96,46340139.68,,
Categoría · Alimentos,Ajuste comercial,horizonte,2026-08-10,45623068.88,42632928.5056,,
Categoría · Alimentos,Ajuste comercial,horizonte,2026-08-17,45796686.51,42632928.5056,,
Categoría · Alimentos,Ajuste comercial,horizonte,2026-08-24,45020306.4,42632928.5056,,
Categoría · Alimentos,Ajuste comercial,horizonte,2026-08-31,50835012.37,42632928.5056,,
Categoría · Alimentos,Ajuste comercial,horizonte,2026-09-07,51478132.019999996,42632928.5056,,
Categoría · Alimentos,Ajuste comercial,horizonte,2026-09-14,47796668.730000004,42632928.5056,,
Categoría · Alimentos,Ajuste comercial,horizonte,2026-09-21,52453043.51,42632928.5056,,
Categoría · Alimentos,Ajuste comercial,horizonte,2026-09-28,44242603.96,42632928.5056,,
Categoría · Alimentos,Promedio móvil,horizonte,2026-08-10,45623068.88,46880556.0375,,
Categoría · Alimentos,Promedio móvil,horizonte,2026-08-17,45796686.51,46880556.0375,,
Categoría · Alimentos,Promedio móvil,horizonte,2026-08-24,45020306.4,46880556.0375,,
Categoría · Alimentos,Promedio móvil,horizonte,2026-08-31,50835012.37,46880556.0375,,
Categoría · Alimentos,Promedio móvil,horizonte,2026-09-07,51478132.019999996,46880556.0375,,
Categoría · Alimentos,Promedio móvil,horizonte,2026-09-14,47796668.730000004,46880556.0375,,
Categoría · Alimentos,Promedio móvil,horizonte,2026-09-21,52453043.51,46880556.0375,,
Categoría · Alimentos,Promedio móvil,horizonte,2026-09-28,44242603.96,46880556.0375,,
Categoría · Alimentos,Suavización simple,horizonte,2026-08-10,45623068.88,47074752.983585,,
Categoría · Alimentos,Suavización simple,horizonte,2026-08-17,45796686.51,47074752.983585,,
Categoría · Alimentos,Suavización simple,horizonte,2026-08-24,45020306.4,47074752.983585,,
Categoría · Alimentos,Suavización simple,horizonte,2026-08-31,50835012.37,47074752.983585,,
Categoría · Alimentos,Suavización simple,horizonte,2026-09-07,51478132.019999996,47074752.983585,,
Categoría · Alimentos,Suavización simple,horizonte,2026-09-14,47796668.730000004,47074752.983585,,
Categoría · Alimentos,Suavización simple,horizonte,2026-09-21,52453043.51,47074752.983585,,
Categoría · Alimentos,Suavización simple,horizonte,2026-09-28,44242603.96,47074752.983585,,
Categoría · Alimentos,Holt,horizonte,2026-08-10,45623068.88,47651820.4718032,,
Categoría · Alimentos,Holt,horizonte,2026-08-17,45796686.51,48049095.0983667,,
Categoría · Alimentos,Holt,horizonte,2026-08-24,45020306.4,48446369.72493019,,
Categoría · Alimentos,Holt,horizonte,2026-08-31,50835012.37,48843644.35149368,,
Categoría · Alimentos,Holt,horizonte,2026-09-07,51478132.019999996,49240918.978057176,,
Categoría · Alimentos,Holt,horizonte,2026-09-14,47796668.730000004,49638193.604620665,,
Categoría · Alimentos,Holt,horizonte,2026-09-21,52453043.51,50035468.231184155,,
Categoría · Alimentos,Holt,horizonte,2026-09-28,44242603.96,50432742.85774765,,
Categoría · Alimentos,Holt-Winters,horizonte,2026-08-10,45623068.88,53746522.82538413,,
Categoría · Alimentos,Holt-Winters,horizonte,2026-08-17,45796686.51,49341023.288557254,,
Categoría · Alimentos,Holt-Winters,horizonte,2026-08-24,45020306.4,53053725.57053285,,
Categoría · Alimentos,Holt-Winters,horizonte,2026-08-31,50835012.37,46584555.27554033,,
Categoría · Alimentos,Holt-Winters,horizonte,2026-09-07,51478132.019999996,50111267.619792655,,
Categoría · Alimentos,Holt-Winters,horizonte,2026-09-14,47796668.730000004,57669318.52543725,,
Categoría · Alimentos,Holt-Winters,horizonte,2026-09-21,52453043.51,55051630.63640344,,
Categoría · Alimentos,Holt-Winters,horizonte,2026-09-28,44242603.96,58565316.829405114,,
Categoría · Alimentos,ARIMA,horizonte,2026-08-10,45623068.88,47089158.484225616,,
Categoría · Alimentos,ARIMA,horizonte,2026-08-17,45796686.51,46656371.4248784,,
Categoría · Alimentos,ARIMA,horizonte,2026-08-24,45020306.4,46906438.09567722,,
Categoría · Alimentos,ARIMA,horizonte,2026-08-31,50835012.37,46761948.23976812,,
Categoría · Alimentos,ARIMA,horizonte,2026-09-07,51478132.019999996,46845435.24902826,,
Categoría · Alimentos,ARIMA,horizonte,2026-09-14,47796668.730000004,46797196.009869576,,
Categoría · Alimentos,ARIMA,horizonte,2026-09-21,52453043.51,46825068.89949912,,
Categoría · Alimentos,ARIMA,horizonte,2026-09-28,44242603.96,46808963.79523441,,
Categoría · Alimentos,Random Forest,horizonte,2026-08-10,45623068.88,49876956.63776346,,
Categoría · Alimentos,Random Forest,horizonte,2026-08-17,45796686.51,48628457.727861196,,
Categoría · Alimentos,Random Forest,horizonte,2026-08-24,45020306.4,50438667.51157502,,
Categoría · Alimentos,Random Forest,horizonte,2026-08-31,50835012.37,50759985.45229145,,
Categoría · Alimentos,Random Forest,horizonte,2026-09-07,51478132.019999996,51237091.987931974,,
Categoría · Alimentos,Random Forest,horizonte,2026-09-14,47796668.730000004,51719834.586307526,,
Categoría · Alimentos,Random Forest,horizonte,2026-09-21,52453043.51,51969890.452152334,,
Categoría · Alimentos,Random Forest,horizonte,2026-09-28,44242603.96,52140678.13315653,,
Categoría · Alimentos,XGBoost,horizonte,2026-08-10,45623068.88,51349716.0,,
Categoría · Alimentos,XGBoost,horizonte,2026-08-17,45796686.51,50463892.0,,
Categoría · Alimentos,XGBoost,horizonte,2026-08-24,45020306.4,48778192.0,,
Categoría · Alimentos,XGBoost,horizonte,2026-08-31,50835012.37,52526804.0,,
Categoría · Alimentos,XGBoost,horizonte,2026-09-07,51478132.019999996,50898276.0,,
Categoría · Alimentos,XGBoost,horizonte,2026-09-14,47796668.730000004,52600116.0,,
Categoría · Alimentos,XGBoost,horizonte,2026-09-21,52453043.51,54374416.0,,
Categoría · Alimentos,XGBoost,horizonte,2026-09-28,44242603.96,53515848.0,,
Categoría · Alimentos,Naive,paso,2026-08-10,45623068.88,46340139.68,,
Categoría · Alimentos,Naive,paso,2026-08-17,45796686.51,45623068.88,,
Categoría · Alimentos,Naive,paso,2026-08-24,45020306.4,45796686.51,,
Categoría · Alimentos,Naive,paso,2026-08-31,50835012.37,45020306.4,,
Categoría · Alimentos,Naive,paso,2026-09-07,51478132.019999996,50835012.37,,
Categoría · Alimentos,Naive,paso,2026-09-14,47796668.730000004,51478132.019999996,,
Categoría · Alimentos,Naive,paso,2026-09-21,52453043.51,47796668.730000004,,
Categoría · Alimentos,Naive,paso,2026-09-28,44242603.96,52453043.51,,
Categoría · Alimentos,Ajuste comercial,paso,2026-08-10,45623068.88,42632928.5056,,
Categoría · Alimentos,Ajuste comercial,paso,2026-08-17,45796686.51,41973223.369600005,,
Categoría · Alimentos,Ajuste comercial,paso,2026-08-24,45020306.4,42132951.5892,,
Categoría · Alimentos,Ajuste comercial,paso,2026-08-31,50835012.37,41418681.888000004,,
Categoría · Alimentos,Ajuste comercial,paso,2026-09-07,51478132.019999996,46768211.3804,,
Categoría · Alimentos,Ajuste comercial,paso,2026-09-14,47796668.730000004,47359881.458399996,,
Categoría · Alimentos,Ajuste comercial,paso,2026-09-21,52453043.51,43972935.23160001,,
Categoría · Alimentos,Ajuste comercial,paso,2026-09-28,44242603.96,48256800.0292,,
Categoría · Alimentos,Promedio móvil,paso,2026-08-10,45623068.88,46880556.0375,,
Categoría · Alimentos,Promedio móvil,paso,2026-08-17,45796686.51,47249353.6725,,
Categoría · Alimentos,Promedio móvil,paso,2026-08-24,45020306.4,46730515.7125,,
Categoría · Alimentos,Promedio móvil,paso,2026-08-31,50835012.37,45695050.3675,,
Categoría · Alimentos,Promedio móvil,paso,2026-09-07,51478132.019999996,46818768.54,,
Categoría · Alimentos,Promedio móvil,paso,2026-09-14,47796668.730000004,48282534.325,,
Categoría · Alimentos,Promedio móvil,paso,2026-09-21,52453043.51,48782529.879999995,,
Categoría · Alimentos,Promedio móvil,paso,2026-09-28,44242603.96,50640714.1575,,
Categoría · Alimentos,Suavización simple,paso,2026-08-10,45623068.88,47074752.983585,,
Categoría · Alimentos,Suavización simple,paso,2026-08-17,45796686.51,46111040.63469893,,
Categoría · Alimentos,Suavización simple,paso,2026-08-24,45020306.4,45902314.00992419,,
Categoría · Alimentos,Suavización simple,paso,2026-08-31,50835012.37,45316691.46219013,,
Categoría · Alimentos,Suavización simple,paso,2026-09-07,51478132.019999996,48976244.962172635,,
Categoría · Alimentos,Suavización simple,paso,2026-09-14,47796668.730000004,50641840.21127027,,
Categoría · Alimentos,Suavización simple,paso,2026-09-21,52453043.51,48752841.8927345,,
Categoría · Alimentos,Suavización simple,paso,2026-09-28,44242603.96,51204760.43460634,,
Categoría · Alimentos,Holt,paso,2026-08-10,45623068.88,47651820.4718032,,
Categoría · Alimentos,Holt,paso,2026-08-17,45796686.51,46648175.404277466,,
Categoría · Alimentos,Holt,paso,2026-08-24,45020306.4,46432005.009764686,,
Categoría · Alimentos,Holt,paso,2026-08-31,50835012.37,45818063.637175,,
Categoría · Alimentos,Holt,paso,2026-09-07,51478132.019999996,49626710.6469289,,
Categoría · Alimentos,Holt,paso,2026-09-14,47796668.730000004,51372549.33093475,,
Categoría · Alimentos,Holt,paso,2026-09-21,52453043.51,49479406.2793379,,
Categoría · Alimentos,Holt,paso,2026-09-28,44242603.96,51941890.33262879,,
Categoría · Alimentos,Holt-Winters,paso,2026-08-10,45623068.88,53746522.82538413,,
Categoría · Alimentos,Holt-Winters,paso,2026-08-17,45796686.51,47980605.514569506,,
Categoría · Alimentos,Holt-Winters,paso,2026-08-24,45020306.4,50839878.88107234,,
Categoría · Alimentos,Holt-Winters,paso,2026-08-31,50835012.37,41156559.12298065,,
Categoría · Alimentos,Holt-Winters,paso,2026-09-07,51478132.019999996,48503651.71074758,,
Categoría · Alimentos,Holt-Winters,paso,2026-09-14,47796668.730000004,56466948.5958832,,
Categoría · Alimentos,Holt-Winters,paso,2026-09-21,52453043.51,51629882.22267303,,
Categoría · Alimentos,Holt-Winters,paso,2026-09-28,44242603.96,55313237.83572645,,
Categoría · Alimentos,ARIMA,paso,2026-08-10,45623068.88,47089158.484225616,,
Categoría · Alimentos,ARIMA,paso,2026-08-17,45796686.51,45584153.781813115,,
Categoría · Alimentos,ARIMA,paso,2026-08-24,45020306.4,45762092.16322817,,
Categoría · Alimentos,ARIMA,paso,2026-08-31,50835012.37,45239674.41266047,,
Categoría · Alimentos,ARIMA,paso,2026-09-07,51478132.019999996,49201127.101847224,,
Categoría · Alimentos,ARIMA,paso,2026-09-14,47796668.730000004,51812078.5736123,,
Categoría · Alimentos,ARIMA,paso,2026-09-21,52453043.51,48687400.62062224,,
Categoría · Alimentos,ARIMA,paso,2026-09-28,44242603.96,50921222.731028646,,
Categoría · Alimentos,Random Forest,paso,2026-08-10,45623068.88,49876956.63776346,,
Categoría · Alimentos,Random Forest,paso,2026-08-17,45796686.51,47542910.609180644,,
Categoría · Alimentos,Random Forest,paso,2026-08-24,45020306.4,49160296.86432167,,
Categoría · Alimentos,Random Forest,paso,2026-08-31,50835012.37,48338580.62202811,,
Categoría · Alimentos,Random Forest,paso,2026-09-07,51478132.019999996,50256175.922125205,,
Categoría · Alimentos,Random Forest,paso,2026-09-14,47796668.730000004,51762670.639137164,,
Categoría · Alimentos,Random Forest,paso,2026-09-21,52453043.51,51794827.83176552,,
Categoría · Alimentos,Random Forest,paso,2026-09-28,44242603.96,51797997.356241226,,
Categoría · Alimentos,XGBoost,paso,2026-08-10,45623068.88,51349716.0,,
Categoría · Alimentos,XGBoost,paso,2026-08-17,45796686.51,48998992.0,,
Categoría · Alimentos,XGBoost,paso,2026-08-24,45020306.4,47907828.0,,
Categoría · Alimentos,XGBoost,paso,2026-08-31,50835012.37,47884572.0,,
Categoría · Alimentos,XGBoost,paso,2026-09-07,51478132.019999996,53199444.0,,
Categoría · Alimentos,XGBoost,paso,2026-09-14,47796668.730000004,53401628.0,,
Categoría · Alimentos,XGBoost,paso,2026-09-21,52453043.51,54072224.0,,
Categoría · Alimentos,XGBoost,paso,2026-09-28,44242603.96,50023956.0,,
Categoría · Alimentos,Naive,presupuesto,2026-10-05,,44242603.96,40364513.57315667,48120694.34684333
Categoría · Alimentos,Naive,presupuesto,2026-10-12,,44242603.96,40364513.57315667,48120694.34684333
Categoría · Alimentos,Naive,presupuesto,2026-10-19,,44242603.96,40364513.57315667,48120694.34684333
Categoría · Alimentos,Naive,presupuesto,2026-10-26,,44242603.96,40364513.57315667,48120694.34684333
Categoría · Alimentos,Naive,presupuesto,2026-11-02,,44242603.96,40364513.57315667,48120694.34684333
Categoría · Alimentos,Naive,presupuesto,2026-11-09,,44242603.96,40364513.57315667,48120694.34684333
Categoría · Alimentos,Naive,presupuesto,2026-11-16,,44242603.96,40364513.57315667,48120694.34684333
Categoría · Alimentos,Naive,presupuesto,2026-11-23,,44242603.96,40364513.57315667,48120694.34684333
Categoría · Alimentos,Ajuste comercial,presupuesto,2026-10-05,,40703195.6432,36825105.25635667,44581286.030043334
Categoría · Alimentos,Ajuste comercial,presupuesto,2026-10-12,,40703195.6432,36825105.25635667,44581286.030043334
Categoría · Alimentos,Ajuste comercial,presupuesto,2026-10-19,,40703195.6432,36825105.25635667,44581286.030043334
Categoría · Alimentos,Ajuste comercial,presupuesto,2026-10-26,,40703195.6432,36825105.25635667,44581286.030043334
Categoría · Alimentos,Ajuste comercial,presupuesto,2026-11-02,,40703195.6432,36825105.25635667,44581286.030043334
Categoría · Alimentos,Ajuste comercial,presupuesto,2026-11-09,,40703195.6432,36825105.25635667,44581286.030043334
Categoría · Alimentos,Ajuste comercial,presupuesto,2026-11-16,,40703195.6432,36825105.25635667,44581286.030043334
Categoría · Alimentos,Ajuste comercial,presupuesto,2026-11-23,,40703195.6432,36825105.25635667,44581286.030043334
Categoría · Alimentos,Promedio móvil,presupuesto,2026-10-05,,48992612.055,45114521.66815667,52870702.44184333
Categoría · Alimentos,Promedio móvil,presupuesto,2026-10-12,,48992612.055,45114521.66815667,52870702.44184333
Categoría · Alimentos,Promedio móvil,presupuesto,2026-10-19,,48992612.055,45114521.66815667,52870702.44184333
Categoría · Alimentos,Promedio móvil,presupuesto,2026-10-26,,48992612.055,45114521.66815667,52870702.44184333
Categoría · Alimentos,Promedio móvil,presupuesto,2026-11-02,,48992612.055,45114521.66815667,52870702.44184333
Categoría · Alimentos,Promedio móvil,presupuesto,2026-11-09,,48992612.055,45114521.66815667,52870702.44184333
Categoría · Alimentos,Promedio móvil,presupuesto,2026-11-16,,48992612.055,45114521.66815667,52870702.44184333
Categoría · Alimentos,Promedio móvil,presupuesto,2026-11-23,,48992612.055,45114521.66815667,52870702.44184333
Categoría · Alimentos,Suavización simple,presupuesto,2026-10-05,,46607868.371814325,42729777.984970994,50485958.75865766
Categoría · Alimentos,Suavización simple,presupuesto,2026-10-12,,46607868.371814325,42729777.984970994,50485958.75865766
Categoría · Alimentos,Suavización simple,presupuesto,2026-10-19,,46607868.371814325,42729777.984970994,50485958.75865766
Categoría · Alimentos,Suavización simple,presupuesto,2026-10-26,,46607868.371814325,42729777.984970994,50485958.75865766
Categoría · Alimentos,Suavización simple,presupuesto,2026-11-02,,46607868.371814325,42729777.984970994,50485958.75865766
Categoría · Alimentos,Suavización simple,presupuesto,2026-11-09,,46607868.371814325,42729777.984970994,50485958.75865766
Categoría · Alimentos,Suavización simple,presupuesto,2026-11-16,,46607868.371814325,42729777.984970994,50485958.75865766
Categoría · Alimentos,Suavización simple,presupuesto,2026-11-23,,46607868.371814325,42729777.984970994,50485958.75865766
Categoría · Alimentos,Holt,presupuesto,2026-10-05,,46730268.85097947,43022775.30138367,50437762.40057527
Categoría · Alimentos,Holt,presupuesto,2026-10-12,,46810630.74142114,43103137.19182534,50518124.291016944
Categoría · Alimentos,Holt,presupuesto,2026-10-19,,46890992.63186282,43183499.082267016,50598486.18145862
Categoría · Alimentos,Holt,presupuesto,2026-10-26,,46971354.52230449,43263860.97270869,50678848.07190029
Categoría · Alimentos,Holt,presupuesto,2026-11-02,,47051716.41274617,43344222.863150366,50759209.96234197
Categoría · Alimentos,Holt,presupuesto,2026-11-09,,47132078.30318784,43424584.75359204,50839571.85278364
Categoría · Alimentos,Holt,presupuesto,2026-11-16,,47212440.19362952,43504946.644033715,50919933.74322532
Categoría · Alimentos,Holt,presupuesto,2026-11-23,,47292802.08407119,43585308.534475386,51000295.63366699
Categoría · Alimentos,Holt-Winters,presupuesto,2026-10-05,,49002582.269257635,41656360.44375194,56348804.09476333
Categoría · Alimentos,Holt-Winters,presupuesto,2026-10-12,,54197602.903236106,46851381.07773041,61543824.7287418
Categoría · Alimentos,Holt-Winters,presupuesto,2026-10-19,,45535901.78292742,38189679.95742173,52882123.60843312
Categoría · Alimentos,Holt-Winters,presupuesto,2026-10-26,,46697865.30693949,39351643.481433794,54044087.13244519
Categoría · Alimentos,Holt-Winters,presupuesto,2026-11-02,,47692724.30751696,40346502.482011266,55038946.13302266
Categoría · Alimentos,Holt-Winters,presupuesto,2026-11-09,,47808582.58702612,40462360.76152042,55154804.412531815
Categoría · Alimentos,Holt-Winters,presupuesto,2026-11-16,,51346644.5281649,44000422.702659205,58692866.3536706
Categoría · Alimentos,Holt-Winters,presupuesto,2026-11-23,,52067241.32084282,44721019.49533712,59413463.14634851
Categoría · Alimentos,ARIMA,presupuesto,2026-10-05,,46953263.137581326,43044320.228520505,50862206.04664215
Categoría · Alimentos,ARIMA,presupuesto,2026-10-12,,45411190.37401196,41502247.46495114,49320133.283072785
Categoría · Alimentos,ARIMA,presupuesto,2026-10-19,,46288463.484482564,42379520.57542174,50197406.393543385
Categoría · Alimentos,ARIMA,presupuesto,2026-10-26,,45789389.68684062,41880446.7777798,49698332.595901445
Categoría · Alimentos,ARIMA,presupuesto,2026-11-02,,46073308.85923967,42164365.95017885,49982251.76830049
Categoría · Alimentos,ARIMA,presupuesto,2026-11-09,,45911789.4670443,42002846.55798348,49820732.37610512
Categoría · Alimentos,ARIMA,presupuesto,2026-11-16,,46003676.583489165,42094733.674428344,49912619.492549986
Categoría · Alimentos,ARIMA,presupuesto,2026-11-23,,45951402.723033205,42042459.813972384,49860345.632094026
Categoría · Alimentos,Random Forest,presupuesto,2026-10-05,,50343008.50910763,46712544.60237292,53973472.41584233
Categoría · Alimentos,Random Forest,presupuesto,2026-10-12,,51408482.1054327,47778018.19869799,55038946.0121674
Categoría · Alimentos,Random Forest,presupuesto,2026-10-19,,50885084.868940495,47254620.96220579,54515548.7756752
Categoría · Alimentos,Random Forest,presupuesto,2026-10-26,,51243038.42341311,47612574.51667841,54873502.33014782
Categoría · Alimentos,Random Forest,presupuesto,2026-11-02,,52598748.33383028,48968284.42709558,56229212.24056499
Categoría · Alimentos,Random Forest,presupuesto,2026-11-09,,53341150.32955326,49710686.42281856,56971614.23628797
Categoría · Alimentos,Random Forest,presupuesto,2026-11-16,,55576739.56627787,51946275.659543164,59207203.473012574
Categoría · Alimentos,Random Forest,presupuesto,2026-11-23,,57754836.75328929,54124372.846554585,61385300.660023995
Categoría · Alimentos,XGBoost,presupuesto,2026-10-05,,50521248.0,46943734.05477306,54098761.94522694
Categoría · Alimentos,XGBoost,presupuesto,2026-10-12,,53723244.0,50145730.05477306,57300757.94522694
Categoría · Alimentos,XGBoost,presupuesto,2026-10-19,,50350928.0,46773414.05477306,53928441.94522694
Categoría · Alimentos,XGBoost,presupuesto,2026-10-26,,53805996.0,50228482.05477306,57383509.94522694
Categoría · Alimentos,XGBoost,presupuesto,2026-11-02,,54798928.0,51221414.05477306,58376441.94522694
Categoría · Alimentos,XGBoost,presupuesto,2026-11-09,,53901800.0,50324286.05477306,57479313.94522694
Categoría · Alimentos,XGBoost,presupuesto,2026-11-16,,56387984.0,52810470.05477306,59965497.94522694
Categoría · Alimentos,XGBoost,presupuesto,2026-11-23,,55819508.0,52241994.05477306,59397021.94522694
Categoría · Bebidas,Naive,horizonte,2026-08-10,14961396.31,12435858.97,,
Categoría · Bebidas,Naive,horizonte,2026-08-17,14376650.469999999,12435858.97,,
Categoría · Bebidas,Naive,horizonte,2026-08-24,17010963.33,12435858.97,,
Categoría · Bebidas,Naive,horizonte,2026-08-31,12420289.85,12435858.97,,
Categoría · Bebidas,Naive,horizonte,2026-09-07,16113637.45,12435858.97,,
Categoría · Bebidas,Naive,horizonte,2026-09-14,13887748.04,12435858.97,,
Categoría · Bebidas,Naive,horizonte,2026-09-21,14038598.55,12435858.97,,
Categoría · Bebidas,Naive,horizonte,2026-09-28,18022675.96,12435858.97,,
Categoría · Bebidas,Ajuste comercial,horizonte,2026-08-10,14961396.31,11440990.252400002,,
Categoría · Bebidas,Ajuste comercial,horizonte,2026-08-17,14376650.469999999,11440990.252400002,,
Categoría · Bebidas,Ajuste comercial,horizonte,2026-08-24,17010963.33,11440990.252400002,,
Categoría · Bebidas,Ajuste comercial,horizonte,2026-08-31,12420289.85,11440990.252400002,,
Categoría · Bebidas,Ajuste comercial,horizonte,2026-09-07,16113637.45,11440990.252400002,,
Categoría · Bebidas,Ajuste comercial,horizonte,2026-09-14,13887748.04,11440990.252400002,,
Categoría · Bebidas,Ajuste comercial,horizonte,2026-09-21,14038598.55,11440990.252400002,,
Categoría · Bebidas,Ajuste comercial,horizonte,2026-09-28,18022675.96,11440990.252400002,,
Categoría · Bebidas,Promedio móvil,horizonte,2026-08-10,14961396.31,15131941.01,,
Categoría · Bebidas,Promedio móvil,horizonte,2026-08-17,14376650.469999999,15131941.01,,
Categoría · Bebidas,Promedio móvil,horizonte,2026-08-24,17010963.33,15131941.01,,
Categoría · Bebidas,Promedio móvil,horizonte,2026-08-31,12420289.85,15131941.01,,
Categoría · Bebidas,Promedio móvil,horizonte,2026-09-07,16113637.45,15131941.01,,
Categoría · Bebidas,Promedio móvil,horizonte,2026-09-14,13887748.04,15131941.01,,
Categoría · Bebidas,Promedio móvil,horizonte,2026-09-21,14038598.55,15131941.01,,
Categoría · Bebidas,Promedio móvil,horizonte,2026-09-28,18022675.96,15131941.01,,
Categoría · Bebidas,Suavización simple,horizonte,2026-08-10,14961396.31,13918645.102977619,,
Categoría · Bebidas,Suavización simple,horizonte,2026-08-17,14376650.469999999,13918645.102977619,,
Categoría · Bebidas,Suavización simple,horizonte,2026-08-24,17010963.33,13918645.102977619,,
Categoría · Bebidas,Suavización simple,horizonte,2026-08-31,12420289.85,13918645.102977619,,
Categoría · Bebidas,Suavización simple,horizonte,2026-09-07,16113637.45,13918645.102977619,,
Categoría · Bebidas,Suavización simple,horizonte,2026-09-14,13887748.04,13918645.102977619,,
Categoría · Bebidas,Suavización simple,horizonte,2026-09-21,14038598.55,13918645.102977619,,
Categoría · Bebidas,Suavización simple,horizonte,2026-09-28,18022675.96,13918645.102977619,,
Categoría · Bebidas,Holt,horizonte,2026-08-10,14961396.31,13936136.7822157,,
Categoría · Bebidas,Holt,horizonte,2026-08-17,14376650.469999999,13981327.331760699,,
Categoría · Bebidas,Holt,horizonte,2026-08-24,17010963.33,14026517.8813057,,
Categoría · Bebidas,Holt,horizonte,2026-08-31,12420289.85,14071708.4308507,,
Categoría · Bebidas,Holt,horizonte,2026-09-07,16113637.45,14116898.980395699,,
Categoría · Bebidas,Holt,horizonte,2026-09-14,13887748.04,14162089.529940698,,
Categoría · Bebidas,Holt,horizonte,2026-09-21,14038598.55,14207280.079485698,,
Categoría · Bebidas,Holt,horizonte,2026-09-28,18022675.96,14252470.629030699,,
Categoría · Bebidas,Holt-Winters,horizonte,2026-08-10,14961396.31,18211625.1086742,,
Categoría · Bebidas,Holt-Winters,horizonte,2026-08-17,14376650.469999999,19609246.747016855,,
Categoría · Bebidas,Holt-Winters,horizonte,2026-08-24,17010963.33,17736603.734881092,,
Categoría · Bebidas,Holt-Winters,horizonte,2026-08-31,12420289.85,18448912.110086672,,
Categoría · Bebidas,Holt-Winters,horizonte,2026-09-07,16113637.45,19441780.050480686,,
Categoría · Bebidas,Holt-Winters,horizonte,2026-09-14,13887748.04,18448068.512858946,,
Categoría · Bebidas,Holt-Winters,horizonte,2026-09-21,14038598.55,18669839.070553176,,
Categoría · Bebidas,Holt-Winters,horizonte,2026-09-28,18022675.96,15505375.788583845,,
Categoría · Bebidas,ARIMA,horizonte,2026-08-10,14961396.31,14055710.4972037,,
Categoría · Bebidas,ARIMA,horizonte,2026-08-17,14376650.469999999,15016403.67784856,,
Categoría · Bebidas,ARIMA,horizonte,2026-08-24,17010963.33,15586166.629475843,,
Categoría · Bebidas,ARIMA,horizonte,2026-08-31,12420289.85,15924078.699205667,,
Categoría · Bebidas,ARIMA,horizonte,2026-09-07,16113637.45,16124485.844919467,,
Categoría · Bebidas,ARIMA,horizonte,2026-09-14,13887748.04,16243342.28022012,,
Categoría · Bebidas,ARIMA,horizonte,2026-09-21,14038598.55,16313833.04122598,,
Categoría · Bebidas,ARIMA,horizonte,2026-09-28,18022675.96,16355639.337827558,,
Categoría · Bebidas,Random Forest,horizonte,2026-08-10,14961396.31,15771820.153807927,,
Categoría · Bebidas,Random Forest,horizonte,2026-08-17,14376650.469999999,16077087.303847613,,
Categoría · Bebidas,Random Forest,horizonte,2026-08-24,17010963.33,15520492.73931224,,
Categoría · Bebidas,Random Forest,horizonte,2026-08-31,12420289.85,16516603.453798026,,
Categoría · Bebidas,Random Forest,horizonte,2026-09-07,16113637.45,15731554.420176238,,
Categoría · Bebidas,Random Forest,horizonte,2026-09-14,13887748.04,16488698.168519408,,
Categoría · Bebidas,Random Forest,horizonte,2026-09-21,14038598.55,16191944.724989986,,
Categoría · Bebidas,Random Forest,horizonte,2026-09-28,18022675.96,15410844.556394486,,
Categoría · Bebidas,XGBoost,horizonte,2026-08-10,14961396.31,15209025.0,,
Categoría · Bebidas,XGBoost,horizonte,2026-08-17,14376650.469999999,16886914.0,,
Categoría · Bebidas,XGBoost,horizonte,2026-08-24,17010963.33,14885684.0,,
Categoría · Bebidas,XGBoost,horizonte,2026-08-31,12420289.85,16744357.0,,
Categoría · Bebidas,XGBoost,horizonte,2026-09-07,16113637.45,15814880.0,,
Categoría · Bebidas,XGBoost,horizonte,2026-09-14,13887748.04,16088418.0,,
Categoría · Bebidas,XGBoost,horizonte,2026-09-21,14038598.55,16231574.0,,
Categoría · Bebidas,XGBoost,horizonte,2026-09-28,18022675.96,15557958.0,,
Categoría · Bebidas,Naive,paso,2026-08-10,14961396.31,12435858.97,,
Categoría · Bebidas,Naive,paso,2026-08-17,14376650.469999999,14961396.31,,
Categoría · Bebidas,Naive,paso,2026-08-24,17010963.33,14376650.469999999,,
Categoría · Bebidas,Naive,paso,2026-08-31,12420289.85,17010963.33,,
Categoría · Bebidas,Naive,paso,2026-09-07,16113637.45,12420289.85,,
Categoría · Bebidas,Naive,paso,2026-09-14,13887748.04,16113637.45,,
Categoría · Bebidas,Naive,paso,2026-09-21,14038598.55,13887748.04,,
Categoría · Bebidas,Naive,paso,2026-09-28,18022675.96,14038598.55,,
Categoría · Bebidas,Ajuste comercial,paso,2026-08-10,14961396.31,11440990.252400002,,
Categoría · Bebidas,Ajuste comercial,paso,2026-08-17,14376650.469999999,13764484.605200002,,
Categoría · Bebidas,Ajuste comercial,paso,2026-08-24,17010963.33,13226518.4324,,
Categoría · Bebidas,Ajuste comercial,paso,2026-08-31,12420289.85,15650086.2636,,
Categoría · Bebidas,Ajuste comercial,paso,2026-09-07,16113637.45,11426666.662,,
Categoría · Bebidas,Ajuste comercial,paso,2026-09-14,13887748.04,14824546.454,,
Categoría · Bebidas,Ajuste comercial,paso,2026-09-21,14038598.55,12776728.1968,,
Categoría · Bebidas,Ajuste comercial,paso,2026-09-28,18022675.96,12915510.666000001,,
Categoría · Bebidas,Promedio móvil,paso,2026-08-10,14961396.31,15131941.01,,
Categoría · Bebidas,Promedio móvil,paso,2026-08-17,14376650.469999999,14599782.8125,,
Categoría · Bebidas,Promedio móvil,paso,2026-08-24,17010963.33,14532499.59,,
Categoría · Bebidas,Promedio móvil,paso,2026-08-31,12420289.85,14696217.27,,
Categoría · Bebidas,Promedio móvil,paso,2026-09-07,16113637.45,14692324.99,,
Categoría · Bebidas,Promedio móvil,paso,2026-09-14,13887748.04,14980385.274999999,,
Categoría · Bebidas,Promedio móvil,paso,2026-09-21,14038598.55,14858159.667499999,,
Categoría · Bebidas,Promedio móvil,paso,2026-09-28,18022675.96,14115068.4725,,
Categoría · Bebidas,Suavización simple,paso,2026-08-10,14961396.31,13918645.102977619,,
Categoría · Bebidas,Suavización simple,paso,2026-08-17,14376650.469999999,14524481.332892142,,
Categoría · Bebidas,Suavización simple,paso,2026-08-24,17010963.33,14439489.25800327,,
Categoría · Bebidas,Suavización simple,paso,2026-08-31,12420289.85,15915002.361781858,,
Categoría · Bebidas,Suavización simple,paso,2026-09-07,16113637.45,13933778.707759794,,
Categoría · Bebidas,Suavización simple,paso,2026-09-14,13887748.04,15156640.344202407,,
Categoría · Bebidas,Suavización simple,paso,2026-09-21,14038598.55,14449701.274166659,,
Categoría · Bebidas,Suavización simple,paso,2026-09-28,18022675.96,14220638.620000493,,
Categoría · Bebidas,Holt,paso,2026-08-10,14961396.31,13936136.7822157,,
Categoría · Bebidas,Holt,paso,2026-08-17,14376650.469999999,14558398.36736326,,
Categoría · Bebidas,Holt,paso,2026-08-24,17010963.33,14502995.896925623,,
Categoría · Bebidas,Holt,paso,2026-08-31,12420289.85,15978175.256167391,,
Categoría · Bebidas,Holt,paso,2026-09-07,16113637.45,13965875.915151825,,
Categoría · Bebidas,Holt,paso,2026-09-14,13887748.04,15239460.557629032,,
Categoría · Bebidas,Holt,paso,2026-09-21,14038598.55,14488694.758962499,,
Categoría · Bebidas,Holt,paso,2026-09-28,18022675.96,14260379.425438823,,
Categoría · Bebidas,Holt-Winters,paso,2026-08-10,14961396.31,18211625.1086742,,
Categoría · Bebidas,Holt-Winters,paso,2026-08-17,14376650.469999999,19185484.713880718,,
Categoría · Bebidas,Holt-Winters,paso,2026-08-24,17010963.33,16640568.208866393,,
Categoría · Bebidas,Holt-Winters,paso,2026-08-31,12420289.85,17421275.46639961,,
Categoría · Bebidas,Holt-Winters,paso,2026-09-07,16113637.45,17011478.958910435,,
Categoría · Bebidas,Holt-Winters,paso,2026-09-14,13887748.04,16074683.078256238,,
Categoría · Bebidas,Holt-Winters,paso,2026-09-21,14038598.55,15793354.07713952,,
Categoría · Bebidas,Holt-Winters,paso,2026-09-28,18022675.96,12264569.660502683,,
Categoría · Bebidas,ARIMA,paso,2026-08-10,14961396.31,14055710.4972037,,
Categoría · Bebidas,ARIMA,paso,2026-08-17,14376650.469999999,15651101.602866849,,
Categoría · Bebidas,ARIMA,paso,2026-08-24,17010963.33,15168366.568001531,,
Categoría · Bebidas,ARIMA,paso,2026-08-31,12420289.85,16921497.128232144,,
Categoría · Bebidas,ARIMA,paso,2026-09-07,16113637.45,13739213.90451165,,
Categoría · Bebidas,ARIMA,paso,2026-09-14,13887748.04,16133489.226149948,,
Categoría · Bebidas,ARIMA,paso,2026-09-21,14038598.55,14586834.276064143,,
Categoría · Bebidas,ARIMA,paso,2026-09-28,18022675.96,14592197.383744936,,
Categoría · Bebidas,Random Forest,paso,2026-08-10,14961396.31,15771820.153807927,,
Categoría · Bebidas,Random Forest,paso,2026-08-17,14376650.469999999,16372998.452500232,,
Categoría · Bebidas,Random Forest,paso,2026-08-24,17010963.33,15752308.049039947,,
Categoría · Bebidas,Random Forest,paso,2026-08-31,12420289.85,15971261.702933485,,
Categoría · Bebidas,Random Forest,paso,2026-09-07,16113637.45,15816712.764340388,,
Categoría · Bebidas,Random Forest,paso,2026-09-14,13887748.04,15639200.235109517,,
Categoría · Bebidas,Random Forest,paso,2026-09-21,14038598.55,16464973.760691803,,
Categoría · Bebidas,Random Forest,paso,2026-09-28,18022675.96,15472176.168588087,,
Categoría · Bebidas,XGBoost,paso,2026-08-10,14961396.31,15209025.0,,
Categoría · Bebidas,XGBoost,paso,2026-08-17,14376650.469999999,17677362.0,,
Categoría · Bebidas,XGBoost,paso,2026-08-24,17010963.33,15697102.0,,
Categoría · Bebidas,XGBoost,paso,2026-08-31,12420289.85,15308609.0,,
Categoría · Bebidas,XGBoost,paso,2026-09-07,16113637.45,15251796.0,,
Categoría · Bebidas,XGBoost,paso,2026-09-14,13887748.04,15317725.0,,
Categoría · Bebidas,XGBoost,paso,2026-09-21,14038598.55,16805796.0,,
Categoría · Bebidas,XGBoost,paso,2026-09-28,18022675.96,15647919.0,,
Categoría · Bebidas,Naive,presupuesto,2026-10-05,,18022675.96,15826973.688273363,20218378.23172664
Categoría · Bebidas,Naive,presupuesto,2026-10-12,,18022675.96,15826973.688273363,20218378.23172664
Categoría · Bebidas,Naive,presupuesto,2026-10-19,,18022675.96,15826973.688273363,20218378.23172664
Categoría · Bebidas,Naive,presupuesto,2026-10-26,,18022675.96,15826973.688273363,20218378.23172664
Categoría · Bebidas,Naive,presupuesto,2026-11-02,,18022675.96,15826973.688273363,20218378.23172664
Categoría · Bebidas,Naive,presupuesto,2026-11-09,,18022675.96,15826973.688273363,20218378.23172664
Categoría · Bebidas,Naive,presupuesto,2026-11-16,,18022675.96,15826973.688273363,20218378.23172664
Categoría · Bebidas,Naive,presupuesto,2026-11-23,,18022675.96,15826973.688273363,20218378.23172664
Categoría · Bebidas,Ajuste comercial,presupuesto,2026-10-05,,16580861.883200001,14385159.611473363,18776564.15492664
Categoría · Bebidas,Ajuste comercial,presupuesto,2026-10-12,,16580861.883200001,14385159.611473363,18776564.15492664
Categoría · Bebidas,Ajuste comercial,presupuesto,2026-10-19,,16580861.883200001,14385159.611473363,18776564.15492664
Categoría · Bebidas,Ajuste comercial,presupuesto,2026-10-26,,16580861.883200001,14385159.611473363,18776564.15492664
Categoría · Bebidas,Ajuste comercial,presupuesto,2026-11-02,,16580861.883200001,14385159.611473363,18776564.15492664
Categoría · Bebidas,Ajuste comercial,presupuesto,2026-11-09,,16580861.883200001,14385159.611473363,18776564.15492664
Categoría · Bebidas,Ajuste comercial,presupuesto,2026-11-16,,16580861.883200001,14385159.611473363,18776564.15492664
Categoría · Bebidas,Ajuste comercial,presupuesto,2026-11-23,,16580861.883200001,14385159.611473363,18776564.15492664
Categoría · Bebidas,Promedio móvil,presupuesto,2026-10-05,,15515665.0,13319962.728273362,17711367.271726638
Categoría · Bebidas,Promedio móvil,presupuesto,2026-10-12,,15515665.0,13319962.728273362,17711367.271726638
Categoría · Bebidas,Promedio móvil,presupuesto,2026-10-19,,15515665.0,13319962.728273362,17711367.271726638
Categoría · Bebidas,Promedio móvil,presupuesto,2026-10-26,,15515665.0,13319962.728273362,17711367.271726638
Categoría · Bebidas,Promedio móvil,presupuesto,2026-11-02,,15515665.0,13319962.728273362,17711367.271726638
Categoría · Bebidas,Promedio móvil,presupuesto,2026-11-09,,15515665.0,13319962.728273362,17711367.271726638
Categoría · Bebidas,Promedio móvil,presupuesto,2026-11-16,,15515665.0,13319962.728273362,17711367.271726638
Categoría · Bebidas,Promedio móvil,presupuesto,2026-11-23,,15515665.0,13319962.728273362,17711367.271726638
Categoría · Bebidas,Suavización simple,presupuesto,2026-10-05,,16326965.733032465,14131263.461305827,18522668.004759103
Categoría · Bebidas,Suavización simple,presupuesto,2026-10-12,,16326965.733032465,14131263.461305827,18522668.004759103
Categoría · Bebidas,Suavización simple,presupuesto,2026-10-19,,16326965.733032465,14131263.461305827,18522668.004759103
Categoría · Bebidas,Suavización simple,presupuesto,2026-10-26,,16326965.733032465,14131263.461305827,18522668.004759103
Categoría · Bebidas,Suavización simple,presupuesto,2026-11-02,,16326965.733032465,14131263.461305827,18522668.004759103
Categoría · Bebidas,Suavización simple,presupuesto,2026-11-09,,16326965.733032465,14131263.461305827,18522668.004759103
Categoría · Bebidas,Suavización simple,presupuesto,2026-11-16,,16326965.733032465,14131263.461305827,18522668.004759103
Categoría · Bebidas,Suavización simple,presupuesto,2026-11-23,,16326965.733032465,14131263.461305827,18522668.004759103
Categoría · Bebidas,Holt,presupuesto,2026-10-05,,16435399.872015297,14265485.892857702,18605313.85117289
Categoría · Bebidas,Holt,presupuesto,2026-10-12,,16494861.909645127,14324947.930487532,18664775.888802722
Categoría · Bebidas,Holt,presupuesto,2026-10-19,,16554323.947274955,14384409.96811736,18724237.92643255
Categoría · Bebidas,Holt,presupuesto,2026-10-26,,16613785.984904785,14443872.00574719,18783699.964062378
Categoría · Bebidas,Holt,presupuesto,2026-11-02,,16673248.022534613,14503334.043377018,18843162.001692206
Categoría · Bebidas,Holt,presupuesto,2026-11-09,,16732710.060164442,14562796.081006847,18902624.039322037
Categoría · Bebidas,Holt,presupuesto,2026-11-16,,16792172.097794272,14622258.118636677,18962086.076951865
Categoría · Bebidas,Holt,presupuesto,2026-11-23,,16851634.1354241,14681720.156266505,19021548.114581693
Categoría · Bebidas,Holt-Winters,presupuesto,2026-10-05,,15841108.308940819,12489678.567853352,19192538.050028287
Categoría · Bebidas,Holt-Winters,presupuesto,2026-10-12,,15559930.91712183,12208501.176034363,18911360.658209294
Categoría · Bebidas,Holt-Winters,presupuesto,2026-10-19,,18815570.40302006,15464140.661932595,22167000.144107528
Categoría · Bebidas,Holt-Winters,presupuesto,2026-10-26,,15452152.706633363,12100722.965545896,18803582.44772083
Categoría · Bebidas,Holt-Winters,presupuesto,2026-11-02,,19055929.604048997,15704499.86296153,22407359.345136464
Categoría · Bebidas,Holt-Winters,presupuesto,2026-11-09,,18716400.45744715,15364970.716359682,22067830.198534615
Categoría · Bebidas,Holt-Winters,presupuesto,2026-11-16,,15344845.900017634,11993416.158930168,18696275.6411051
Categoría · Bebidas,Holt-Winters,presupuesto,2026-11-23,,17451738.747496873,14100309.006409407,20803168.48858434
Categoría · Bebidas,ARIMA,presupuesto,2026-10-05,,17267431.802390415,14952103.256211877,19582760.348568954
Categoría · Bebidas,ARIMA,presupuesto,2026-10-12,,16840312.717544854,14524984.171366315,19155641.263723392
Categoría · Bebidas,ARIMA,presupuesto,2026-10-19,,16598760.749481017,14283432.203302477,18914089.295659557
Categoría · Bebidas,ARIMA,presupuesto,2026-10-26,,16462153.99191454,14146825.445736002,18777482.53809308
Categoría · Bebidas,ARIMA,presupuesto,2026-11-02,,16384897.713017678,14069569.166839138,18700226.259196218
Categoría · Bebidas,ARIMA,presupuesto,2026-11-09,,16341206.37054448,14025877.82436594,18656534.91672302
Categoría · Bebidas,ARIMA,presupuesto,2026-11-16,,16316497.266839672,14001168.720661134,18631825.81301821
Categoría · Bebidas,ARIMA,presupuesto,2026-11-23,,16302523.335819596,13987194.789641056,18617851.881998137
Categoría · Bebidas,Random Forest,presupuesto,2026-10-05,,15859496.331701875,13181906.441448819,18537086.22195493
Categoría · Bebidas,Random Forest,presupuesto,2026-10-12,,15631317.032895586,12953727.14264253,18308906.92314864
Categoría · Bebidas,Random Forest,presupuesto,2026-10-19,,16821213.035874616,14143623.14562156,19498802.926127672
Categoría · Bebidas,Random Forest,presupuesto,2026-10-26,,17598998.911986455,14921409.0217334,20276588.80223951
Categoría · Bebidas,Random Forest,presupuesto,2026-11-02,,18418058.36521727,15740468.474964213,21095648.255470324
Categoría · Bebidas,Random Forest,presupuesto,2026-11-09,,18564664.96583967,15887075.075586613,21242254.856092725
Categoría · Bebidas,Random Forest,presupuesto,2026-11-16,,18900264.53393437,16222674.643681314,21577854.424187426
Categoría · Bebidas,Random Forest,presupuesto,2026-11-23,,18576484.648136456,15898894.7578834,21254074.53838951
Categoría · Bebidas,XGBoost,presupuesto,2026-10-05,,16618052.0,13756959.649528032,19479144.35047197
Categoría · Bebidas,XGBoost,presupuesto,2026-10-12,,15359041.0,12497948.649528032,18220133.35047197
Categoría · Bebidas,XGBoost,presupuesto,2026-10-19,,17739438.0,14878345.649528032,20600530.35047197
Categoría · Bebidas,XGBoost,presupuesto,2026-10-26,,17947720.0,15086627.649528032,20808812.35047197
Categoría · Bebidas,XGBoost,presupuesto,2026-11-02,,17749042.0,14887949.649528032,20610134.35047197
Categoría · Bebidas,XGBoost,presupuesto,2026-11-09,,18044970.0,15183877.649528032,20906062.35047197
Categoría · Bebidas,XGBoost,presupuesto,2026-11-16,,19518438.0,16657345.649528032,22379530.35047197
Categoría · Bebidas,XGBoost,presupuesto,2026-11-23,,18497674.0,15636581.649528032,21358766.35047197
Categoría · Cuidado personal,Naive,horizonte,2026-08-10,37229332.160000004,44722274.01,,
Categoría · Cuidado personal,Naive,horizonte,2026-08-17,38978547.28,44722274.01,,
Categoría · Cuidado personal,Naive,horizonte,2026-08-24,36398902.379999995,44722274.01,,
Categoría · Cuidado personal,Naive,horizonte,2026-08-31,35609480.82,44722274.01,,
Categoría · Cuidado personal,Naive,horizonte,2026-09-07,42896304.52,44722274.01,,
Categoría · Cuidado personal,Naive,horizonte,2026-09-14,48679064.36,44722274.01,,
Categoría · Cuidado personal,Naive,horizonte,2026-09-21,38257733.21,44722274.01,,
Categoría · Cuidado personal,Naive,horizonte,2026-09-28,40177620.07,44722274.01,,
Categoría · Cuidado personal,Ajuste comercial,horizonte,2026-08-10,37229332.160000004,41144492.0892,,
Categoría · Cuidado personal,Ajuste comercial,horizonte,2026-08-17,38978547.28,41144492.0892,,
Categoría · Cuidado personal,Ajuste comercial,horizonte,2026-08-24,36398902.379999995,41144492.0892,,
Categoría · Cuidado personal,Ajuste comercial,horizonte,2026-08-31,35609480.82,41144492.0892,,
Categoría · Cuidado personal,Ajuste comercial,horizonte,2026-09-07,42896304.52,41144492.0892,,
Categoría · Cuidado personal,Ajuste comercial,horizonte,2026-09-14,48679064.36,41144492.0892,,
Categoría · Cuidado personal,Ajuste comercial,horizonte,2026-09-21,38257733.21,41144492.0892,,
Categoría · Cuidado personal,Ajuste comercial,horizonte,2026-09-28,40177620.07,41144492.0892,,
Categoría · Cuidado personal,Promedio móvil,horizonte,2026-08-10,37229332.160000004,44524073.81,,
Categoría · Cuidado personal,Promedio móvil,horizonte,2026-08-17,38978547.28,44524073.81,,
Categoría · Cuidado personal,Promedio móvil,horizonte,2026-08-24,36398902.379999995,44524073.81,,
Categoría · Cuidado personal,Promedio móvil,horizonte,2026-08-31,35609480.82,44524073.81,,
Categoría · Cuidado personal,Promedio móvil,horizonte,2026-09-07,42896304.52,44524073.81,,
Categoría · Cuidado personal,Promedio móvil,horizonte,2026-09-14,48679064.36,44524073.81,,
Categoría · Cuidado personal,Promedio móvil,horizonte,2026-09-21,38257733.21,44524073.81,,
Categoría · Cuidado personal,Promedio móvil,horizonte,2026-09-28,40177620.07,44524073.81,,
Categoría · Cuidado personal,Suavización simple,horizonte,2026-08-10,37229332.160000004,43939706.67918186,,
Categoría · Cuidado personal,Suavización simple,horizonte,2026-08-17,38978547.28,43939706.67918186,,
Categoría · Cuidado personal,Suavización simple,horizonte,2026-08-24,36398902.379999995,43939706.67918186,,
Categoría · Cuidado personal,Suavización simple,horizonte,2026-08-31,35609480.82,43939706.67918186,,
Categoría · Cuidado personal,Suavización simple,horizonte,2026-09-07,42896304.52,43939706.67918186,,
Categoría · Cuidado personal,Suavización simple,horizonte,2026-09-14,48679064.36,43939706.67918186,,
Categoría · Cuidado personal,Suavización simple,horizonte,2026-09-21,38257733.21,43939706.67918186,,
Categoría · Cuidado personal,Suavización simple,horizonte,2026-09-28,40177620.07,43939706.67918186,,
Categoría · Cuidado personal,Holt,horizonte,2026-08-10,37229332.160000004,44633457.91000546,,
Categoría · Cuidado personal,Holt,horizonte,2026-08-17,38978547.28,45081809.39087686,,
Categoría · Cuidado personal,Holt,horizonte,2026-08-24,36398902.379999995,45530160.87174827,,
Categoría · Cuidado personal,Holt,horizonte,2026-08-31,35609480.82,45978512.35261968,,
Categoría · Cuidado personal,Holt,horizonte,2026-09-07,42896304.52,46426863.83349109,,
Categoría · Cuidado personal,Holt,horizonte,2026-09-14,48679064.36,46875215.31436249,,
Categoría · Cuidado personal,Holt,horizonte,2026-09-21,38257733.21,47323566.7952339,,
Categoría · Cuidado personal,Holt,horizonte,2026-09-28,40177620.07,47771918.27610531,,
Categoría · Cuidado personal,Holt-Winters,horizonte,2026-08-10,37229332.160000004,48942299.16750234,,
Categoría · Cuidado personal,Holt-Winters,horizonte,2026-08-17,38978547.28,49164982.99046848,,
Categoría · Cuidado personal,Holt-Winters,horizonte,2026-08-24,36398902.379999995,47288314.84383209,,
Categoría · Cuidado personal,Holt-Winters,horizonte,2026-08-31,35609480.82,49465165.019759774,,
Categoría · Cuidado personal,Holt-Winters,horizonte,2026-09-07,42896304.52,51500060.80621854,,
Categoría · Cuidado personal,Holt-Winters,horizonte,2026-09-14,48679064.36,52793927.61275703,,
Categoría · Cuidado personal,Holt-Winters,horizonte,2026-09-21,38257733.21,53499146.23058933,,
Categoría · Cuidado personal,Holt-Winters,horizonte,2026-09-28,40177620.07,50926519.76568261,,
Categoría · Cuidado personal,ARIMA,horizonte,2026-08-10,37229332.160000004,44488771.511051066,,
Categoría · Cuidado personal,ARIMA,horizonte,2026-08-17,38978547.28,44443823.95097677,,
Categoría · Cuidado personal,ARIMA,horizonte,2026-08-24,36398902.379999995,44435171.86731288,,
Categoría · Cuidado personal,ARIMA,horizonte,2026-08-31,35609480.82,44433506.403122984,,
Categoría · Cuidado personal,ARIMA,horizonte,2026-09-07,42896304.52,44433185.8131847,,
Categoría · Cuidado personal,ARIMA,horizonte,2026-09-14,48679064.36,44433124.10191576,,
Categoría · Cuidado personal,ARIMA,horizonte,2026-09-21,38257733.21,44433112.222938105,,
Categoría · Cuidado personal,ARIMA,horizonte,2026-09-28,40177620.07,44433109.93631992,,
Categoría · Cuidado personal,Random Forest,horizonte,2026-08-10,37229332.160000004,41753421.63335082,,
Categoría · Cuidado personal,Random Forest,horizonte,2026-08-17,38978547.28,43707233.43922422,,
Categoría · Cuidado personal,Random Forest,horizonte,2026-08-24,36398902.379999995,41734238.7953488,,
Categoría · Cuidado personal,Random Forest,horizonte,2026-08-31,35609480.82,42148297.06128805,,
Categoría · Cuidado personal,Random Forest,horizonte,2026-09-07,42896304.52,41507538.55912308,,
Categoría · Cuidado personal,Random Forest,horizonte,2026-09-14,48679064.36,40828891.48079914,,
Categoría · Cuidado personal,Random Forest,horizonte,2026-09-21,38257733.21,41053781.492547676,,
Categoría · Cuidado personal,Random Forest,horizonte,2026-09-28,40177620.07,40776156.777384564,,
Categoría · Cuidado personal,XGBoost,horizonte,2026-08-10,37229332.160000004,39879620.0,,
Categoría · Cuidado personal,XGBoost,horizonte,2026-08-17,38978547.28,40408248.0,,
Categoría · Cuidado personal,XGBoost,horizonte,2026-08-24,36398902.379999995,39832660.0,,
Categoría · Cuidado personal,XGBoost,horizonte,2026-08-31,35609480.82,40100296.0,,
Categoría · Cuidado personal,XGBoost,horizonte,2026-09-07,42896304.52,41192100.0,,
Categoría · Cuidado personal,XGBoost,horizonte,2026-09-14,48679064.36,40426612.0,,
Categoría · Cuidado personal,XGBoost,horizonte,2026-09-21,38257733.21,41691392.0,,
Categoría · Cuidado personal,XGBoost,horizonte,2026-09-28,40177620.07,41258724.0,,
Categoría · Cuidado personal,Naive,paso,2026-08-10,37229332.160000004,44722274.01,,
Categoría · Cuidado personal,Naive,paso,2026-08-17,38978547.28,37229332.160000004,,
Categoría · Cuidado personal,Naive,paso,2026-08-24,36398902.379999995,38978547.28,,
Categoría · Cuidado personal,Naive,paso,2026-08-31,35609480.82,36398902.379999995,,
Categoría · Cuidado personal,Naive,paso,2026-09-07,42896304.52,35609480.82,,
Categoría · Cuidado personal,Naive,paso,2026-09-14,48679064.36,42896304.52,,
Categoría · Cuidado personal,Naive,paso,2026-09-21,38257733.21,48679064.36,,
Categoría · Cuidado personal,Naive,paso,2026-09-28,40177620.07,38257733.21,,
Categoría · Cuidado personal,Ajuste comercial,paso,2026-08-10,37229332.160000004,41144492.0892,,
Categoría · Cuidado personal,Ajuste comercial,paso,2026-08-17,38978547.28,34250985.58720001,,
Categoría · Cuidado personal,Ajuste comercial,paso,2026-08-24,36398902.379999995,35860263.497600004,,
Categoría · Cuidado personal,Ajuste comercial,paso,2026-08-31,35609480.82,33486990.1896,,
Categoría · Cuidado personal,Ajuste comercial,paso,2026-09-07,42896304.52,32760722.3544,,
Categoría · Cuidado personal,Ajuste comercial,paso,2026-09-14,48679064.36,39464600.15840001,,
Categoría · Cuidado personal,Ajuste comercial,paso,2026-09-21,38257733.21,44784739.2112,,
Categoría · Cuidado personal,Ajuste comercial,paso,2026-09-28,40177620.07,35197114.5532,,
Categoría · Cuidado personal,Promedio móvil,paso,2026-08-10,37229332.160000004,44524073.81,,
Categoría · Cuidado personal,Promedio móvil,paso,2026-08-17,38978547.28,41836645.082499996,,
Categoría · Cuidado personal,Promedio móvil,paso,2026-08-24,36398902.379999995,40331055.04,,
Categoría · Cuidado personal,Promedio móvil,paso,2026-08-31,35609480.82,39332263.957499996,,
Categoría · Cuidado personal,Promedio móvil,paso,2026-09-07,42896304.52,37054065.66,,
Categoría · Cuidado personal,Promedio móvil,paso,2026-09-14,48679064.36,38470808.75,,
Categoría · Cuidado personal,Promedio móvil,paso,2026-09-21,38257733.21,40895938.019999996,,
Categoría · Cuidado personal,Promedio móvil,paso,2026-09-28,40177620.07,41360645.7275,,
Categoría · Cuidado personal,Suavización simple,paso,2026-08-10,37229332.160000004,43939706.67918186,,
Categoría · Cuidado personal,Suavización simple,paso,2026-08-17,38978547.28,39672360.98534987,,
Categoría · Cuidado personal,Suavización simple,paso,2026-08-24,36398902.379999995,39229060.81421513,,
Categoría · Cuidado personal,Suavización simple,paso,2026-08-31,35609480.82,37422694.072180346,,
Categoría · Cuidado personal,Suavización simple,paso,2026-09-07,42896304.52,36263207.019300975,,
Categoría · Cuidado personal,Suavización simple,paso,2026-09-14,48679064.36,40484250.26879762,,
Categoría · Cuidado personal,Suavización simple,paso,2026-09-21,38257733.21,45755480.64699447,,
Categoría · Cuidado personal,Suavización simple,paso,2026-09-28,40177620.07,40981179.845059134,,
Categoría · Cuidado personal,Holt,paso,2026-08-10,37229332.160000004,44633457.91000546,,
Categoría · Cuidado personal,Holt,paso,2026-08-17,38978547.28,40332116.66659312,,
Categoría · Cuidado personal,Holt,paso,2026-08-24,36398902.379999995,39911688.3259046,,
Categoría · Cuidado personal,Holt,paso,2026-08-31,35609480.82,38106051.4720449,,
Categoría · Cuidado personal,Holt,paso,2026-09-07,42896304.52,36952084.00521482,,
Categoría · Cuidado personal,Holt,paso,2026-09-14,48679064.36,41212662.43753877,,
Categoría · Cuidado personal,Holt,paso,2026-09-21,38257733.21,46450090.431995384,,
Categoría · Cuidado personal,Holt,paso,2026-09-28,40177620.07,41643017.43688018,,
Categoría · Cuidado personal,Holt-Winters,paso,2026-08-10,37229332.160000004,48942299.16750234,,
Categoría · Cuidado personal,Holt-Winters,paso,2026-08-17,38978547.28,46044441.11220273,,
Categoría · Cuidado personal,Holt-Winters,paso,2026-08-24,36398902.379999995,42270187.66836934,,
Categoría · Cuidado personal,Holt-Winters,paso,2026-08-31,35609480.82,42477275.432513826,,
Categoría · Cuidado personal,Holt-Winters,paso,2026-09-07,42896304.52,42749715.2586568,,
Categoría · Cuidado personal,Holt-Winters,paso,2026-09-14,48679064.36,43981369.574838005,,
Categoría · Cuidado personal,Holt-Winters,paso,2026-09-21,38257733.21,46119957.49991691,,
Categoría · Cuidado personal,Holt-Winters,paso,2026-09-28,40177620.07,41295675.15256643,,
Categoría · Cuidado personal,ARIMA,paso,2026-08-10,37229332.160000004,44488771.511051066,,
Categoría · Cuidado personal,ARIMA,paso,2026-08-17,38978547.28,39323701.88159039,,
Categoría · Cuidado personal,ARIMA,paso,2026-08-24,36398902.379999995,39278807.260256425,,
Categoría · Cuidado personal,ARIMA,paso,2026-08-31,35609480.82,37287601.961791135,,
Categoría · Cuidado personal,ARIMA,paso,2026-09-07,42896304.52,36178357.53528011,,
Categoría · Cuidado personal,ARIMA,paso,2026-09-14,48679064.36,40887587.14904142,,
Categoría · Cuidado personal,ARIMA,paso,2026-09-21,38257733.21,46070679.26558612,,
Categoría · Cuidado personal,ARIMA,paso,2026-09-28,40177620.07,40212897.37594625,,
Categoría · Cuidado personal,Random Forest,paso,2026-08-10,37229332.160000004,41753421.63335082,,
Categoría · Cuidado personal,Random Forest,paso,2026-08-17,38978547.28,42500915.9688684,,
Categoría · Cuidado personal,Random Forest,paso,2026-08-24,36398902.379999995,40090482.307532065,,
Categoría · Cuidado personal,Random Forest,paso,2026-08-31,35609480.82,38012620.58317358,,
Categoría · Cuidado personal,Random Forest,paso,2026-09-07,42896304.52,39775158.266153224,,
Categoría · Cuidado personal,Random Forest,paso,2026-09-14,48679064.36,40418625.35229081,,
Categoría · Cuidado personal,Random Forest,paso,2026-09-21,38257733.21,44300064.663254574,,
Categoría · Cuidado personal,Random Forest,paso,2026-09-28,40177620.07,44704788.334942095,,
Categoría · Cuidado personal,XGBoost,paso,2026-08-10,37229332.160000004,39879620.0,,
Categoría · Cuidado personal,XGBoost,paso,2026-08-17,38978547.28,40478928.0,,
Categoría · Cuidado personal,XGBoost,paso,2026-08-24,36398902.379999995,37720736.0,,
Categoría · Cuidado personal,XGBoost,paso,2026-08-31,35609480.82,37198068.0,,
Categoría · Cuidado personal,XGBoost,paso,2026-09-07,42896304.52,39071328.0,,
Categoría · Cuidado personal,XGBoost,paso,2026-09-14,48679064.36,40229836.0,,
Categoría · Cuidado personal,XGBoost,paso,2026-09-21,38257733.21,44977448.0,,
Categoría · Cuidado personal,XGBoost,paso,2026-09-28,40177620.07,45011096.0,,
Categoría · Cuidado personal,Naive,presupuesto,2026-10-05,,40177620.07,35070569.21885468,45284670.92114532
Categoría · Cuidado personal,Naive,presupuesto,2026-10-12,,40177620.07,35070569.21885468,45284670.92114532
Categoría · Cuidado personal,Naive,presupuesto,2026-10-19,,40177620.07,35070569.21885468,45284670.92114532
Categoría · Cuidado personal,Naive,presupuesto,2026-10-26,,40177620.07,35070569.21885468,45284670.92114532
Categoría · Cuidado personal,Naive,presupuesto,2026-11-02,,40177620.07,35070569.21885468,45284670.92114532
Categoría · Cuidado personal,Naive,presupuesto,2026-11-09,,40177620.07,35070569.21885468,45284670.92114532
Categoría · Cuidado personal,Naive,presupuesto,2026-11-16,,40177620.07,35070569.21885468,45284670.92114532
Categoría · Cuidado personal,Naive,presupuesto,2026-11-23,,40177620.07,35070569.21885468,45284670.92114532
Categoría · Cuidado personal,Ajuste comercial,presupuesto,2026-10-05,,36963410.4644,31856359.613254685,42070461.31554532
Categoría · Cuidado personal,Ajuste comercial,presupuesto,2026-10-12,,36963410.4644,31856359.613254685,42070461.31554532
Categoría · Cuidado personal,Ajuste comercial,presupuesto,2026-10-19,,36963410.4644,31856359.613254685,42070461.31554532
Categoría · Cuidado personal,Ajuste comercial,presupuesto,2026-10-26,,36963410.4644,31856359.613254685,42070461.31554532
Categoría · Cuidado personal,Ajuste comercial,presupuesto,2026-11-02,,36963410.4644,31856359.613254685,42070461.31554532
Categoría · Cuidado personal,Ajuste comercial,presupuesto,2026-11-09,,36963410.4644,31856359.613254685,42070461.31554532
Categoría · Cuidado personal,Ajuste comercial,presupuesto,2026-11-16,,36963410.4644,31856359.613254685,42070461.31554532
Categoría · Cuidado personal,Ajuste comercial,presupuesto,2026-11-23,,36963410.4644,31856359.613254685,42070461.31554532
Categoría · Cuidado personal,Promedio móvil,presupuesto,2026-10-05,,42502680.54,37395629.68885468,47609731.39114532
Categoría · Cuidado personal,Promedio móvil,presupuesto,2026-10-12,,42502680.54,37395629.68885468,47609731.39114532
Categoría · Cuidado personal,Promedio móvil,presupuesto,2026-10-19,,42502680.54,37395629.68885468,47609731.39114532
Categoría · Cuidado personal,Promedio móvil,presupuesto,2026-10-26,,42502680.54,37395629.68885468,47609731.39114532
Categoría · Cuidado personal,Promedio móvil,presupuesto,2026-11-02,,42502680.54,37395629.68885468,47609731.39114532
Categoría · Cuidado personal,Promedio móvil,presupuesto,2026-11-09,,42502680.54,37395629.68885468,47609731.39114532
Categoría · Cuidado personal,Promedio móvil,presupuesto,2026-11-16,,42502680.54,37395629.68885468,47609731.39114532
Categoría · Cuidado personal,Promedio móvil,presupuesto,2026-11-23,,42502680.54,37395629.68885468,47609731.39114532
Categoría · Cuidado personal,Suavización simple,presupuesto,2026-10-05,,40472721.36244477,35365670.51129946,45579772.213590086
Categoría · Cuidado personal,Suavización simple,presupuesto,2026-10-12,,40472721.36244477,35365670.51129946,45579772.213590086
Categoría · Cuidado personal,Suavización simple,presupuesto,2026-10-19,,40472721.36244477,35365670.51129946,45579772.213590086
Categoría · Cuidado personal,Suavización simple,presupuesto,2026-10-26,,40472721.36244477,35365670.51129946,45579772.213590086
Categoría · Cuidado personal,Suavización simple,presupuesto,2026-11-02,,40472721.36244477,35365670.51129946,45579772.213590086
Categoría · Cuidado personal,Suavización simple,presupuesto,2026-11-09,,40472721.36244477,35365670.51129946,45579772.213590086
Categoría · Cuidado personal,Suavización simple,presupuesto,2026-11-16,,40472721.36244477,35365670.51129946,45579772.213590086
Categoría · Cuidado personal,Suavización simple,presupuesto,2026-11-23,,40472721.36244477,35365670.51129946,45579772.213590086
Categoría · Cuidado personal,Holt,presupuesto,2026-10-05,,41156262.90028642,36445097.259739034,45867428.54083381
Categoría · Cuidado personal,Holt,presupuesto,2026-10-12,,41609505.24489248,36898339.60434509,46320670.885439865
Categoría · Cuidado personal,Holt,presupuesto,2026-10-19,,42062747.58949854,37351581.948951155,46773913.23004593
Categoría · Cuidado personal,Holt,presupuesto,2026-10-26,,42515989.93410461,37804824.29355722,47227155.574651994
Categoría · Cuidado personal,Holt,presupuesto,2026-11-02,,42969232.27871067,38258066.63816328,47680397.91925806
Categoría · Cuidado personal,Holt,presupuesto,2026-11-09,,43422474.62331673,38711308.98276934,48133640.263864115
Categoría · Cuidado personal,Holt,presupuesto,2026-11-16,,43875716.96792279,39164551.327375405,48586882.60847018
Categoría · Cuidado personal,Holt,presupuesto,2026-11-23,,44328959.312528856,39617793.67198147,49040124.95307624
Categoría · Cuidado personal,Holt-Winters,presupuesto,2026-10-05,,39764077.1553495,35724932.80849527,43803221.50220373
Categoría · Cuidado personal,Holt-Winters,presupuesto,2026-10-12,,35476402.161578804,31437257.81472457,39515546.50843304
Categoría · Cuidado personal,Holt-Winters,presupuesto,2026-10-19,,49398696.70932299,45359552.36246876,53437841.05617722
Categoría · Cuidado personal,Holt-Winters,presupuesto,2026-10-26,,42417379.264193885,38378234.91733965,46456523.61104812
Categoría · Cuidado personal,Holt-Winters,presupuesto,2026-11-02,,50822083.33875196,46782938.991897725,54861227.68560619
Categoría · Cuidado personal,Holt-Winters,presupuesto,2026-11-09,,44949236.13776556,40910091.790911324,48988380.48461979
Categoría · Cuidado personal,Holt-Winters,presupuesto,2026-11-16,,41556326.90192491,37517182.555070676,45595471.24877914
Categoría · Cuidado personal,Holt-Winters,presupuesto,2026-11-23,,50077488.44435595,46038344.09750172,54116632.79121018
Categoría · Cuidado personal,ARIMA,presupuesto,2026-10-05,,40508668.514196105,35395204.39420513,45622132.63418708
Categoría · Cuidado personal,ARIMA,presupuesto,2026-10-12,,40562993.442901365,35449529.32291039,45676457.56289234
Categoría · Cuidado personal,ARIMA,presupuesto,2026-10-19,,40571908.14384792,35458444.023856945,45685372.263838895
Categoría · Cuidado personal,ARIMA,presupuesto,2026-10-26,,40573371.04301522,35459906.923024245,45686835.163006194
Categoría · Cuidado personal,ARIMA,presupuesto,2026-11-02,,40573611.10423393,35460146.98424295,45687075.2242249
Categoría · Cuidado personal,ARIMA,presupuesto,2026-11-09,,40573650.49819218,35460186.37820121,45687114.61818316
Categoría · Cuidado personal,ARIMA,presupuesto,2026-11-16,,40573656.96272634,35460192.842735365,45687121.082717314
Categoría · Cuidado personal,ARIMA,presupuesto,2026-11-23,,40573658.023554035,35460193.90356306,45687122.14354501
Categoría · Cuidado personal,Random Forest,presupuesto,2026-10-05,,39947796.647695914,34284878.369290985,45610714.92610084
Categoría · Cuidado personal,Random Forest,presupuesto,2026-10-12,,39763866.98126521,34100948.70286028,45426785.25967014
Categoría · Cuidado personal,Random Forest,presupuesto,2026-10-19,,44308184.17956833,38645265.9011634,49971102.45797326
Categoría · Cuidado personal,Random Forest,presupuesto,2026-10-26,,44534958.43624176,38872040.15783683,50197876.71464669
Categoría · Cuidado personal,Random Forest,presupuesto,2026-11-02,,43849427.14315433,38186508.8647494,49512345.42155926
Categoría · Cuidado personal,Random Forest,presupuesto,2026-11-09,,44506175.51679739,38843257.238392465,50169093.79520232
Categoría · Cuidado personal,Random Forest,presupuesto,2026-11-16,,44267657.05191404,38604738.773509115,49930575.33031897
Categoría · Cuidado personal,Random Forest,presupuesto,2026-11-23,,44181178.86480603,38518260.586401105,49844097.14321096
Categoría · Cuidado personal,XGBoost,presupuesto,2026-10-05,,41297028.0,36347698.81359991,46246357.18640009
Categoría · Cuidado personal,XGBoost,presupuesto,2026-10-12,,40652956.0,35703626.81359991,45602285.18640009
Categoría · Cuidado personal,XGBoost,presupuesto,2026-10-19,,45933308.0,40983978.81359991,50882637.18640009
Categoría · Cuidado personal,XGBoost,presupuesto,2026-10-26,,44811896.0,39862566.81359991,49761225.18640009
Categoría · Cuidado personal,XGBoost,presupuesto,2026-11-02,,44317980.0,39368650.81359991,49267309.18640009
Categoría · Cuidado personal,XGBoost,presupuesto,2026-11-09,,44213800.0,39264470.81359991,49163129.18640009
Categoría · Cuidado personal,XGBoost,presupuesto,2026-11-16,,44027732.0,39078402.81359991,48977061.18640009
Categoría · Cuidado personal,XGBoost,presupuesto,2026-11-23,,44028624.0,39079294.81359991,48977953.18640009
Categoría · Hogar,Naive,horizonte,2026-08-10,25784435.22,51357283.97,,
Categoría · Hogar,Naive,horizonte,2026-08-17,24416839.18,51357283.97,,
Categoría · Hogar,Naive,horizonte,2026-08-24,23175465.4,51357283.97,,
Categoría · Hogar,Naive,horizonte,2026-08-31,23669566.11,51357283.97,,
Categoría · Hogar,Naive,horizonte,2026-09-07,28601136.39,51357283.97,,
Categoría · Hogar,Naive,horizonte,2026-09-14,27126883.82,51357283.97,,
Categoría · Hogar,Naive,horizonte,2026-09-21,30037803.26,51357283.97,,
Categoría · Hogar,Naive,horizonte,2026-09-28,26644100.11,51357283.97,,
Categoría · Hogar,Ajuste comercial,horizonte,2026-08-10,25784435.22,47248701.2524,,
Categoría · Hogar,Ajuste comercial,horizonte,2026-08-17,24416839.18,47248701.2524,,
Categoría · Hogar,Ajuste comercial,horizonte,2026-08-24,23175465.4,47248701.2524,,
Categoría · Hogar,Ajuste comercial,horizonte,2026-08-31,23669566.11,47248701.2524,,
Categoría · Hogar,Ajuste comercial,horizonte,2026-09-07,28601136.39,47248701.2524,,
Categoría · Hogar,Ajuste comercial,horizonte,2026-09-14,27126883.82,47248701.2524,,
Categoría · Hogar,Ajuste comercial,horizonte,2026-09-21,30037803.26,47248701.2524,,
Categoría · Hogar,Ajuste comercial,horizonte,2026-09-28,26644100.11,47248701.2524,,
Categoría · Hogar,Promedio móvil,horizonte,2026-08-10,25784435.22,45334649.410000004,,
Categoría · Hogar,Promedio móvil,horizonte,2026-08-17,24416839.18,45334649.410000004,,
Categoría · Hogar,Promedio móvil,horizonte,2026-08-24,23175465.4,45334649.410000004,,
Categoría · Hogar,Promedio móvil,horizonte,2026-08-31,23669566.11,45334649.410000004,,
Categoría · Hogar,Promedio móvil,horizonte,2026-09-07,28601136.39,45334649.410000004,,
Categoría · Hogar,Promedio móvil,horizonte,2026-09-14,27126883.82,45334649.410000004,,
Categoría · Hogar,Promedio móvil,horizonte,2026-09-21,30037803.26,45334649.410000004,,
Categoría · Hogar,Promedio móvil,horizonte,2026-09-28,26644100.11,45334649.410000004,,
Categoría · Hogar,Suavización simple,horizonte,2026-08-10,25784435.22,50354802.91034888,,
Categoría · Hogar,Suavización simple,horizonte,2026-08-17,24416839.18,50354802.91034888,,
Categoría · Hogar,Suavización simple,horizonte,2026-08-24,23175465.4,50354802.91034888,,
Categoría · Hogar,Suavización simple,horizonte,2026-08-31,23669566.11,50354802.91034888,,
Categoría · Hogar,Suavización simple,horizonte,2026-09-07,28601136.39,50354802.91034888,,
Categoría · Hogar,Suavización simple,horizonte,2026-09-14,27126883.82,50354802.91034888,,
Categoría · Hogar,Suavización simple,horizonte,2026-09-21,30037803.26,50354802.91034888,,
Categoría · Hogar,Suavización simple,horizonte,2026-09-28,26644100.11,50354802.91034888,,
Categoría · Hogar,Holt,horizonte,2026-08-10,25784435.22,50765807.94539186,,
Categoría · Hogar,Holt,horizonte,2026-08-17,24416839.18,51060864.6157738,,
Categoría · Hogar,Holt,horizonte,2026-08-24,23175465.4,51355921.28615573,,
Categoría · Hogar,Holt,horizonte,2026-08-31,23669566.11,51650977.956537664,,
Categoría · Hogar,Holt,horizonte,2026-09-07,28601136.39,51946034.6269196,,
Categoría · Hogar,Holt,horizonte,2026-09-14,27126883.82,52241091.29730153,,
Categoría · Hogar,Holt,horizonte,2026-09-21,30037803.26,52536147.96768347,,
Categoría · Hogar,Holt,horizonte,2026-09-28,26644100.11,52831204.638065405,,
Categoría · Hogar,Holt-Winters,horizonte,2026-08-10,25784435.22,50774137.92875555,,
Categoría · Hogar,Holt-Winters,horizonte,2026-08-17,24416839.18,43432532.10678999,,
Categoría · Hogar,Holt-Winters,horizonte,2026-08-24,23175465.4,47423024.16405867,,
Categoría · Hogar,Holt-Winters,horizonte,2026-08-31,23669566.11,49986705.15993153,,
Categoría · Hogar,Holt-Winters,horizonte,2026-09-07,28601136.39,43500181.16930796,,
Categoría · Hogar,Holt-Winters,horizonte,2026-09-14,27126883.82,48572360.31559527,,
Categoría · Hogar,Holt-Winters,horizonte,2026-09-21,30037803.26,47344785.41870967,,
Categoría · Hogar,Holt-Winters,horizonte,2026-09-28,26644100.11,60217749.1702041,,
Categoría · Hogar,ARIMA,horizonte,2026-08-10,25784435.22,50887154.83752931,,
Categoría · Hogar,ARIMA,horizonte,2026-08-17,24416839.18,50972632.825201705,,
Categoría · Hogar,ARIMA,horizonte,2026-08-24,23175465.4,50957091.37951821,,
Categoría · Hogar,ARIMA,horizonte,2026-08-31,23669566.11,50959917.09571147,,
Categoría · Hogar,ARIMA,horizonte,2026-09-07,28601136.39,50959403.32934974,,
Categoría · Hogar,ARIMA,horizonte,2026-09-14,27126883.82,50959496.741375715,,
Categoría · Hogar,ARIMA,horizonte,2026-09-21,30037803.26,50959479.75737823,,
Categoría · Hogar,ARIMA,horizonte,2026-09-28,26644100.11,50959482.845376454,,
Categoría · Hogar,Random Forest,horizonte,2026-08-10,25784435.22,55001731.00027684,,
Categoría · Hogar,Random Forest,horizonte,2026-08-17,24416839.18,55730958.849301144,,
Categoría · Hogar,Random Forest,horizonte,2026-08-24,23175465.4,56950632.15652774,,
Categoría · Hogar,Random Forest,horizonte,2026-08-31,23669566.11,61344458.074783795,,
Categoría · Hogar,Random Forest,horizonte,2026-09-07,28601136.39,63229854.27721211,,
Categoría · Hogar,Random Forest,horizonte,2026-09-14,27126883.82,63642548.58466877,,
Categoría · Hogar,Random Forest,horizonte,2026-09-21,30037803.26,64449025.451464586,,
Categoría · Hogar,Random Forest,horizonte,2026-09-28,26644100.11,63944540.9120585,,
Categoría · Hogar,XGBoost,horizonte,2026-08-10,25784435.22,53147660.0,,
Categoría · Hogar,XGBoost,horizonte,2026-08-17,24416839.18,56427816.0,,
Categoría · Hogar,XGBoost,horizonte,2026-08-24,23175465.4,54610572.0,,
Categoría · Hogar,XGBoost,horizonte,2026-08-31,23669566.11,59776516.0,,
Categoría · Hogar,XGBoost,horizonte,2026-09-07,28601136.39,66352380.0,,
Categoría · Hogar,XGBoost,horizonte,2026-09-14,27126883.82,66942664.0,,
Categoría · Hogar,XGBoost,horizonte,2026-09-21,30037803.26,64630172.0,,
Categoría · Hogar,XGBoost,horizonte,2026-09-28,26644100.11,62768056.0,,
Categoría · Hogar,Naive,paso,2026-08-10,25784435.22,51357283.97,,
Categoría · Hogar,Naive,paso,2026-08-17,24416839.18,25784435.22,,
Categoría · Hogar,Naive,paso,2026-08-24,23175465.4,24416839.18,,
Categoría · Hogar,Naive,paso,2026-08-31,23669566.11,23175465.4,,
Categoría · Hogar,Naive,paso,2026-09-07,28601136.39,23669566.11,,
Categoría · Hogar,Naive,paso,2026-09-14,27126883.82,28601136.39,,
Categoría · Hogar,Naive,paso,2026-09-21,30037803.26,27126883.82,,
Categoría · Hogar,Naive,paso,2026-09-28,26644100.11,30037803.26,,
Categoría · Hogar,Ajuste comercial,paso,2026-08-10,25784435.22,47248701.2524,,
Categoría · Hogar,Ajuste comercial,paso,2026-08-17,24416839.18,23721680.4024,,
Categoría · Hogar,Ajuste comercial,paso,2026-08-24,23175465.4,22463492.0456,,
Categoría · Hogar,Ajuste comercial,paso,2026-08-31,23669566.11,21321428.167999998,,
Categoría · Hogar,Ajuste comercial,paso,2026-09-07,28601136.39,21776000.821200002,,
Categoría · Hogar,Ajuste comercial,paso,2026-09-14,27126883.82,26313045.478800002,,
Categoría · Hogar,Ajuste comercial,paso,2026-09-21,30037803.26,24956733.114400003,,
Categoría · Hogar,Ajuste comercial,paso,2026-09-28,26644100.11,27634778.9992,,
Categoría · Hogar,Promedio móvil,paso,2026-08-10,25784435.22,45334649.410000004,,
Categoría · Hogar,Promedio móvil,paso,2026-08-17,24416839.18,41037804.005,,
Categoría · Hogar,Promedio móvil,paso,2026-08-24,23175465.4,37342171.215,,
Categoría · Hogar,Promedio móvil,paso,2026-08-31,23669566.11,31183505.942500003,,
Categoría · Hogar,Promedio móvil,paso,2026-09-07,28601136.39,24261576.4775,,
Categoría · Hogar,Promedio móvil,paso,2026-09-14,27126883.82,24965751.77,,
Categoría · Hogar,Promedio móvil,paso,2026-09-21,30037803.26,25643262.93,,
Categoría · Hogar,Promedio móvil,paso,2026-09-28,26644100.11,27358847.395,,
Categoría · Hogar,Suavización simple,paso,2026-08-10,25784435.22,50354802.91034888,,
Categoría · Hogar,Suavización simple,paso,2026-08-17,24416839.18,30980827.404396996,,
Categoría · Hogar,Suavización simple,paso,2026-08-24,23175465.4,25667136.250548318,,
Categoría · Hogar,Suavización simple,paso,2026-08-31,23669566.11,23660534.821612135,,
Categoría · Hogar,Suavización simple,paso,2026-09-07,28601136.39,23667791.423650716,,
Categoría · Hogar,Suavización simple,paso,2026-09-14,27126883.82,27627775.043191157,,
Categoría · Hogar,Suavización simple,paso,2026-09-21,30037803.26,27225619.131669268,,
Categoría · Hogar,Suavización simple,paso,2026-09-28,26644100.11,29482612.252156697,,
Categoría · Hogar,Holt,paso,2026-08-10,25784435.22,50765807.94539186,,
Categoría · Hogar,Holt,paso,2026-08-17,24416839.18,30714631.321745705,,
Categoría · Hogar,Holt,paso,2026-08-24,23175465.4,25259163.934463885,,
Categoría · Hogar,Holt,paso,2026-08-31,23669566.11,23200289.71016496,,
Categoría · Hogar,Holt,paso,2026-09-07,28601136.39,23224878.523179572,,
Categoría · Hogar,Holt,paso,2026-09-14,27126883.82,27368400.499407712,,
Categoría · Hogar,Holt,paso,2026-09-21,30037803.26,26949944.616570797,,
Categoría · Hogar,Holt,paso,2026-09-28,26644100.11,29301870.219942912,,
Categoría · Hogar,Holt-Winters,paso,2026-08-10,25784435.22,50774137.92875555,,
Categoría · Hogar,Holt-Winters,paso,2026-08-17,24416839.18,30598445.83578974,,
Categoría · Hogar,Holt-Winters,paso,2026-08-24,23175465.4,31481507.196204502,,
Categoría · Hogar,Holt-Winters,paso,2026-08-31,23669566.11,29229378.367090933,,
Categoría · Hogar,Holt-Winters,paso,2026-09-07,28601136.39,19710163.356930338,,
Categoría · Hogar,Holt-Winters,paso,2026-09-14,27126883.82,29586455.93728439,,
Categoría · Hogar,Holt-Winters,paso,2026-09-21,30037803.26,27099264.100908197,,
Categoría · Hogar,Holt-Winters,paso,2026-09-28,26644100.11,41600164.69189158,,
Categoría · Hogar,ARIMA,paso,2026-08-10,25784435.22,50887154.83752931,,
Categoría · Hogar,ARIMA,paso,2026-08-17,24416839.18,29763005.991456144,,
Categoría · Hogar,ARIMA,paso,2026-08-24,23175465.4,25095158.69562982,,
Categoría · Hogar,ARIMA,paso,2026-08-31,23669566.11,23407789.061967216,,
Categoría · Hogar,ARIMA,paso,2026-09-07,28601136.39,23619602.62037633,,
Categoría · Hogar,ARIMA,paso,2026-09-14,27126883.82,27875905.70456444,,
Categoría · Hogar,ARIMA,paso,2026-09-21,30037803.26,27267208.520461015,,
Categoría · Hogar,ARIMA,paso,2026-09-28,26644100.11,29625306.295852672,,
Categoría · Hogar,Random Forest,paso,2026-08-10,25784435.22,55001731.00027684,,
Categoría · Hogar,Random Forest,paso,2026-08-17,24416839.18,47846783.43817891,,
Categoría · Hogar,Random Forest,paso,2026-08-24,23175465.4,45979696.139109924,,
Categoría · Hogar,Random Forest,paso,2026-08-31,23669566.11,37884827.71260521,,
Categoría · Hogar,Random Forest,paso,2026-09-07,28601136.39,27599293.041517887,,
Categoría · Hogar,Random Forest,paso,2026-09-14,27126883.82,27542280.7920587,,
Categoría · Hogar,Random Forest,paso,2026-09-21,30037803.26,27788329.549770113,,
Categoría · Hogar,Random Forest,paso,2026-09-28,26644100.11,28793296.538440347,,
Categoría · Hogar,XGBoost,paso,2026-08-10,25784435.22,53147660.0,,
Categoría · Hogar,XGBoost,paso,2026-08-17,24416839.18,47147604.0,,
Categoría · Hogar,XGBoost,paso,2026-08-24,23175465.4,48114764.0,,
Categoría · Hogar,XGBoost,paso,2026-08-31,23669566.11,51564308.0,,
Categoría · Hogar,XGBoost,paso,2026-09-07,28601136.39,26219934.0,,
Categoría · Hogar,XGBoost,paso,2026-09-14,27126883.82,28107658.0,,
Categoría · Hogar,XGBoost,paso,2026-09-21,30037803.26,26636336.0,,
Categoría · Hogar,XGBoost,paso,2026-09-28,26644100.11,45457872.0,,
Categoría · Hogar,Naive,presupuesto,2026-10-05,,26644100.11,23765835.515732866,29522364.704267133
Categoría · Hogar,Naive,presupuesto,2026-10-12,,26644100.11,23765835.515732866,29522364.704267133
Categoría · Hogar,Naive,presupuesto,2026-10-19,,26644100.11,23765835.515732866,29522364.704267133
Categoría · Hogar,Naive,presupuesto,2026-10-26,,26644100.11,23765835.515732866,29522364.704267133
Categoría · Hogar,Naive,presupuesto,2026-11-02,,26644100.11,23765835.515732866,29522364.704267133
Categoría · Hogar,Naive,presupuesto,2026-11-09,,26644100.11,23765835.515732866,29522364.704267133
Categoría · Hogar,Naive,presupuesto,2026-11-16,,26644100.11,23765835.515732866,29522364.704267133
Categoría · Hogar,Naive,presupuesto,2026-11-23,,26644100.11,23765835.515732866,29522364.704267133
Categoría · Hogar,Ajuste comercial,presupuesto,2026-10-05,,24512572.1012,21634307.506932866,27390836.695467133
Categoría · Hogar,Ajuste comercial,presupuesto,2026-10-12,,24512572.1012,21634307.506932866,27390836.695467133
Categoría · Hogar,Ajuste comercial,presupuesto,2026-10-19,,24512572.1012,21634307.506932866,27390836.695467133
Categoría · Hogar,Ajuste comercial,presupuesto,2026-10-26,,24512572.1012,21634307.506932866,27390836.695467133
Categoría · Hogar,Ajuste comercial,presupuesto,2026-11-02,,24512572.1012,21634307.506932866,27390836.695467133
Categoría · Hogar,Ajuste comercial,presupuesto,2026-11-09,,24512572.1012,21634307.506932866,27390836.695467133
Categoría · Hogar,Ajuste comercial,presupuesto,2026-11-16,,24512572.1012,21634307.506932866,27390836.695467133
Categoría · Hogar,Ajuste comercial,presupuesto,2026-11-23,,24512572.1012,21634307.506932866,27390836.695467133
Categoría · Hogar,Promedio móvil,presupuesto,2026-10-05,,28102480.895,25224216.300732866,30980745.489267133
Categoría · Hogar,Promedio móvil,presupuesto,2026-10-12,,28102480.895,25224216.300732866,30980745.489267133
Categoría · Hogar,Promedio móvil,presupuesto,2026-10-19,,28102480.895,25224216.300732866,30980745.489267133
Categoría · Hogar,Promedio móvil,presupuesto,2026-10-26,,28102480.895,25224216.300732866,30980745.489267133
Categoría · Hogar,Promedio móvil,presupuesto,2026-11-02,,28102480.895,25224216.300732866,30980745.489267133
Categoría · Hogar,Promedio móvil,presupuesto,2026-11-09,,28102480.895,25224216.300732866,30980745.489267133
Categoría · Hogar,Promedio móvil,presupuesto,2026-11-16,,28102480.895,25224216.300732866,30980745.489267133
Categoría · Hogar,Promedio móvil,presupuesto,2026-11-23,,28102480.895,25224216.300732866,30980745.489267133
Categoría · Hogar,Suavización simple,presupuesto,2026-10-05,,27206266.809865363,24328002.21559823,30084531.404132497
Categoría · Hogar,Suavización simple,presupuesto,2026-10-12,,27206266.809865363,24328002.21559823,30084531.404132497
Categoría · Hogar,Suavización simple,presupuesto,2026-10-19,,27206266.809865363,24328002.21559823,30084531.404132497
Categoría · Hogar,Suavización simple,presupuesto,2026-10-26,,27206266.809865363,24328002.21559823,30084531.404132497
Categoría · Hogar,Suavización simple,presupuesto,2026-11-02,,27206266.809865363,24328002.21559823,30084531.404132497
Categoría · Hogar,Suavización simple,presupuesto,2026-11-09,,27206266.809865363,24328002.21559823,30084531.404132497
Categoría · Hogar,Suavización simple,presupuesto,2026-11-16,,27206266.809865363,24328002.21559823,30084531.404132497
Categoría · Hogar,Suavización simple,presupuesto,2026-11-23,,27206266.809865363,24328002.21559823,30084531.404132497
Categoría · Hogar,Holt,presupuesto,2026-10-05,,26938577.994185284,24497885.0123353,29379270.976035267
Categoría · Hogar,Holt,presupuesto,2026-10-12,,26727577.3230939,24286884.341243915,29168270.304943882
Categoría · Hogar,Holt,presupuesto,2026-10-19,,26516576.652002517,24075883.670152534,28957269.6338525
Categoría · Hogar,Holt,presupuesto,2026-10-26,,26305575.980911132,23864882.99906115,28746268.962761115
Categoría · Hogar,Holt,presupuesto,2026-11-02,,26094575.30981975,23653882.327969767,28535268.291669734
Categoría · Hogar,Holt,presupuesto,2026-11-09,,25883574.638728365,23442881.656878382,28324267.62057835
Categoría · Hogar,Holt,presupuesto,2026-11-16,,25672573.967636984,23231880.985787,28113266.949486967
Categoría · Hogar,Holt,presupuesto,2026-11-23,,25461573.2965456,23020880.314695615,27902266.278395582
Categoría · Hogar,Holt-Winters,presupuesto,2026-10-05,,27762417.7977309,20692802.389210787,34832033.20625101
Categoría · Hogar,Holt-Winters,presupuesto,2026-10-12,,26088834.359530147,19019218.951010033,33158449.76805026
Categoría · Hogar,Holt-Winters,presupuesto,2026-10-19,,24637369.037368577,17567753.628848463,31706984.44588869
Categoría · Hogar,Holt-Winters,presupuesto,2026-10-26,,27112398.926282596,20042783.517762482,34182014.33480271
Categoría · Hogar,Holt-Winters,presupuesto,2026-11-02,,39334790.256630644,32265174.84811053,46404405.66515076
Categoría · Hogar,Holt-Winters,presupuesto,2026-11-09,,38141324.29003557,31071708.881515455,45210939.69855568
Categoría · Hogar,Holt-Winters,presupuesto,2026-11-16,,33448099.051292762,26378483.64277265,40517714.45981288
Categoría · Hogar,Holt-Winters,presupuesto,2026-11-23,,31637240.270135015,24567624.8616149,38706855.67865513
Categoría · Hogar,ARIMA,presupuesto,2026-10-05,,27105129.948509146,24227504.522470575,29982755.374547716
Categoría · Hogar,ARIMA,presupuesto,2026-10-12,,27080002.10046894,24202376.67443037,29957627.52650751
Categoría · Hogar,ARIMA,presupuesto,2026-10-19,,27081371.662033923,24203746.235995352,29958997.088072494
Categoría · Hogar,ARIMA,presupuesto,2026-10-26,,27081297.01581363,24203671.58977506,29958922.4418522
Categoría · Hogar,ARIMA,presupuesto,2026-11-02,,27081301.084311422,24203675.65827285,29958926.510349993
Categoría · Hogar,ARIMA,presupuesto,2026-11-09,,27081300.862563096,24203675.436524525,29958926.288601667
Categoría · Hogar,ARIMA,presupuesto,2026-11-16,,27081300.874649208,24203675.448610637,29958926.30068778
Categoría · Hogar,ARIMA,presupuesto,2026-11-23,,27081300.87399047,24203675.447951898,29958926.30002904
Categoría · Hogar,Random Forest,presupuesto,2026-10-05,,29004646.285898745,25486886.34486121,32522406.22693628
Categoría · Hogar,Random Forest,presupuesto,2026-10-12,,28644018.7305111,25126258.789473563,32161778.671548635
Categoría · Hogar,Random Forest,presupuesto,2026-10-19,,28720248.178671386,25202488.23763385,32238008.11970892
Categoría · Hogar,Random Forest,presupuesto,2026-10-26,,28789379.36761782,25271619.426580284,32307139.308655355
Categoría · Hogar,Random Forest,presupuesto,2026-11-02,,29638533.22466246,26120773.283624925,33156293.165699996
Categoría · Hogar,Random Forest,presupuesto,2026-11-09,,29627237.487321388,26109477.546283852,33144997.428358924
Categoría · Hogar,Random Forest,presupuesto,2026-11-16,,29627237.487321388,26109477.546283852,33144997.428358924
Categoría · Hogar,Random Forest,presupuesto,2026-11-23,,29635447.709599365,26117687.76856183,33153207.6506369
Categoría · Hogar,XGBoost,presupuesto,2026-10-05,,29165628.0,24408519.443752654,33922736.556247346
Categoría · Hogar,XGBoost,presupuesto,2026-10-12,,28331626.0,23574517.443752654,33088734.556247346
Categoría · Hogar,XGBoost,presupuesto,2026-10-19,,28949686.0,24192577.443752654,33706794.556247346
Categoría · Hogar,XGBoost,presupuesto,2026-10-26,,30342572.0,25585463.443752654,35099680.556247346
Categoría · Hogar,XGBoost,presupuesto,2026-11-02,,29190756.0,24433647.443752654,33947864.556247346
Categoría · Hogar,XGBoost,presupuesto,2026-11-09,,29047652.0,24290543.443752654,33804760.556247346
Categoría · Hogar,XGBoost,presupuesto,2026-11-16,,29047652.0,24290543.443752654,33804760.556247346
Categoría · Hogar,XGBoost,presupuesto,2026-11-23,,29047652.0,24290543.443752654,33804760.556247346
Canal · Tienda,Naive,horizonte,2026-08-10,65734121.03,86668050.59,,
Canal · Tienda,Naive,horizonte,2026-08-17,68303078.95,86668050.59,,
Canal · Tienda,Naive,horizonte,2026-08-24,67583738.86,86668050.59,,
Canal · Tienda,Naive,horizonte,2026-08-31,70733412.1,86668050.59,,
Canal · Tienda,Naive,horizonte,2026-09-07,75058483.52,86668050.59,,
Canal · Tienda,Naive,horizonte,2026-09-14,75337184.11,86668050.59,,
Canal · Tienda,Naive,horizonte,2026-09-21,76081706.63,86668050.59,,
Canal · Tienda,Naive,horizonte,2026-09-28,71335149.73,86668050.59,,
Canal · Tienda,Ajuste comercial,horizonte,2026-08-10,65734121.03,79734606.54280001,,
Canal · Tienda,Ajuste comercial,horizonte,2026-08-17,68303078.95,79734606.54280001,,
Canal · Tienda,Ajuste comercial,horizonte,2026-08-24,67583738.86,79734606.54280001,,
Canal · Tienda,Ajuste comercial,horizonte,2026-08-31,70733412.1,79734606.54280001,,
Canal · Tienda,Ajuste comercial,horizonte,2026-09-07,75058483.52,79734606.54280001,,
Canal · Tienda,Ajuste comercial,horizonte,2026-09-14,75337184.11,79734606.54280001,,
Canal · Tienda,Ajuste comercial,horizonte,2026-09-21,76081706.63,79734606.54280001,,
Canal · Tienda,Ajuste comercial,horizonte,2026-09-28,71335149.73,79734606.54280001,,
Canal · Tienda,Promedio móvil,horizonte,2026-08-10,65734121.03,83531884.285,,
Canal · Tienda,Promedio móvil,horizonte,2026-08-17,68303078.95,83531884.285,,
Canal · Tienda,Promedio móvil,horizonte,2026-08-24,67583738.86,83531884.285,,
Canal · Tienda,Promedio móvil,horizonte,2026-08-31,70733412.1,83531884.285,,
Canal · Tienda,Promedio móvil,horizonte,2026-09-07,75058483.52,83531884.285,,
Canal · Tienda,Promedio móvil,horizonte,2026-09-14,75337184.11,83531884.285,,
Canal · Tienda,Promedio móvil,horizonte,2026-09-21,76081706.63,83531884.285,,
Canal · Tienda,Promedio móvil,horizonte,2026-09-28,71335149.73,83531884.285,,
Canal · Tienda,Suavización simple,horizonte,2026-08-10,65734121.03,86442657.11688124,,
Canal · Tienda,Suavización simple,horizonte,2026-08-17,68303078.95,86442657.11688124,,
Canal · Tienda,Suavización simple,horizonte,2026-08-24,67583738.86,86442657.11688124,,
Canal · Tienda,Suavización simple,horizonte,2026-08-31,70733412.1,86442657.11688124,,
Canal · Tienda,Suavización simple,horizonte,2026-09-07,75058483.52,86442657.11688124,,
Canal · Tienda,Suavización simple,horizonte,2026-09-14,75337184.11,86442657.11688124,,
Canal · Tienda,Suavización simple,horizonte,2026-09-21,76081706.63,86442657.11688124,,
Canal · Tienda,Suavización simple,horizonte,2026-09-28,71335149.73,86442657.11688124,,
Canal · Tienda,Holt,horizonte,2026-08-10,65734121.03,86801715.97618847,,
Canal · Tienda,Holt,horizonte,2026-08-17,68303078.95,87093915.73717894,,
Canal · Tienda,Holt,horizonte,2026-08-24,67583738.86,87386115.49816939,,
Canal · Tienda,Holt,horizonte,2026-08-31,70733412.1,87678315.25915986,,
Canal · Tienda,Holt,horizonte,2026-09-07,75058483.52,87970515.02015032,,
Canal · Tienda,Holt,horizonte,2026-09-14,75337184.11,88262714.78114077,,
Canal · Tienda,Holt,horizonte,2026-09-21,76081706.63,88554914.54213125,,
Canal · Tienda,Holt,horizonte,2026-09-28,71335149.73,88847114.3031217,,
Canal · Tienda,Holt-Winters,horizonte,2026-08-10,65734121.03,96639848.83306211,,
Canal · Tienda,Holt-Winters,horizonte,2026-08-17,68303078.95,88415707.10790044,,
Canal · Tienda,Holt-Winters,horizonte,2026-08-24,67583738.86,90181508.01604535,,
Canal · Tienda,Holt-Winters,horizonte,2026-08-31,70733412.1,88254752.06273724,,
Canal · Tienda,Holt-Winters,horizonte,2026-09-07,75058483.52,87957400.61969309,,
Canal · Tienda,Holt-Winters,horizonte,2026-09-14,75337184.11,103885842.84258167,,
Canal · Tienda,Holt-Winters,horizonte,2026-09-21,76081706.63,97788341.53169641,,
Canal · Tienda,Holt-Winters,horizonte,2026-09-28,71335149.73,100675459.47149037,,
Canal · Tienda,ARIMA,horizonte,2026-08-10,65734121.03,87480863.75891683,,
Canal · Tienda,ARIMA,horizonte,2026-08-17,68303078.95,87039556.45982885,,
Canal · Tienda,ARIMA,horizonte,2026-08-24,67583738.86,87279159.0397032,,
Canal · Tienda,ARIMA,horizonte,2026-08-31,70733412.1,87149069.65210167,,
Canal · Tienda,ARIMA,horizonte,2026-09-07,75058483.52,87219700.14687939,,
Canal · Tienda,ARIMA,horizonte,2026-09-14,75337184.11,87181352.15489848,,
Canal · Tienda,ARIMA,horizonte,2026-09-21,76081706.63,87202172.743705,,
Canal · Tienda,ARIMA,horizonte,2026-09-28,71335149.73,87190868.45120212,,
Canal · Tienda,Random Forest,horizonte,2026-08-10,65734121.03,90034175.10054985,,
Canal · Tienda,Random Forest,horizonte,2026-08-17,68303078.95,93750053.78949086,,
Canal · Tienda,Random Forest,horizonte,2026-08-24,67583738.86,96108003.99766143,,
Canal · Tienda,Random Forest,horizonte,2026-08-31,70733412.1,102952803.52849202,,
Canal · Tienda,Random Forest,horizonte,2026-09-07,75058483.52,110549421.14658128,,
Canal · Tienda,Random Forest,horizonte,2026-09-14,75337184.11,111785242.36635849,,
Canal · Tienda,Random Forest,horizonte,2026-09-21,76081706.63,111920504.76655126,,
Canal · Tienda,Random Forest,horizonte,2026-09-28,71335149.73,112011139.29869576,,
Canal · Tienda,XGBoost,horizonte,2026-08-10,65734121.03,83726584.0,,
Canal · Tienda,XGBoost,horizonte,2026-08-17,68303078.95,90779392.0,,
Canal · Tienda,XGBoost,horizonte,2026-08-24,67583738.86,91975544.0,,
Canal · Tienda,XGBoost,horizonte,2026-08-31,70733412.1,100202032.0,,
Canal · Tienda,XGBoost,horizonte,2026-09-07,75058483.52,107519000.0,,
Canal · Tienda,XGBoost,horizonte,2026-09-14,75337184.11,112826144.0,,
Canal · Tienda,XGBoost,horizonte,2026-09-21,76081706.63,113051952.0,,
Canal · Tienda,XGBoost,horizonte,2026-09-28,71335149.73,112783928.0,,
Canal · Tienda,Naive,paso,2026-08-10,65734121.03,86668050.59,,
Canal · Tienda,Naive,paso,2026-08-17,68303078.95,65734121.03,,
Canal · Tienda,Naive,paso,2026-08-24,67583738.86,68303078.95,,
Canal · Tienda,Naive,paso,2026-08-31,70733412.1,67583738.86,,
Canal · Tienda,Naive,paso,2026-09-07,75058483.52,70733412.1,,
Canal · Tienda,Naive,paso,2026-09-14,75337184.11,75058483.52,,
Canal · Tienda,Naive,paso,2026-09-21,76081706.63,75337184.11,,
Canal · Tienda,Naive,paso,2026-09-28,71335149.73,76081706.63,,
Canal · Tienda,Ajuste comercial,paso,2026-08-10,65734121.03,79734606.54280001,,
Canal · Tienda,Ajuste comercial,paso,2026-08-17,68303078.95,60475391.347600006,,
Canal · Tienda,Ajuste comercial,paso,2026-08-24,67583738.86,62838832.634,,
Canal · Tienda,Ajuste comercial,paso,2026-08-31,70733412.1,62177039.751200005,,
Canal · Tienda,Ajuste comercial,paso,2026-09-07,75058483.52,65074739.132,,
Canal · Tienda,Ajuste comercial,paso,2026-09-14,75337184.11,69053804.8384,,
Canal · Tienda,Ajuste comercial,paso,2026-09-21,76081706.63,69310209.3812,,
Canal · Tienda,Ajuste comercial,paso,2026-09-28,71335149.73,69995170.0996,,
Canal · Tienda,Promedio móvil,paso,2026-08-10,65734121.03,83531884.285,,
Canal · Tienda,Promedio móvil,paso,2026-08-17,68303078.95,78979435.725,,
Canal · Tienda,Promedio móvil,paso,2026-08-24,67583738.86,76822179.14,,
Canal · Tienda,Promedio móvil,paso,2026-08-31,70733412.1,72072247.3575,,
Canal · Tienda,Promedio móvil,paso,2026-09-07,75058483.52,68088587.735,,
Canal · Tienda,Promedio móvil,paso,2026-09-14,75337184.11,70419678.3575,,
Canal · Tienda,Promedio móvil,paso,2026-09-21,76081706.63,72178204.6475,,
Canal · Tienda,Promedio móvil,paso,2026-09-28,71335149.73,74302696.59,,
Canal · Tienda,Suavización simple,paso,2026-08-10,65734121.03,86442657.11688124,,
Canal · Tienda,Suavización simple,paso,2026-08-17,68303078.95,69064180.84386131,,
Canal · Tienda,Suavización simple,paso,2026-08-24,67583738.86,68423008.12714739,,
Canal · Tienda,Suavización simple,paso,2026-08-31,70733412.1,67718012.95675233,,
Canal · Tienda,Suavización simple,paso,2026-09-07,75058483.52,70250172.80743901,,
Canal · Tienda,Suavización simple,paso,2026-09-14,75337184.11,74290671.3730352,,
Canal · Tienda,Suavización simple,paso,2026-09-21,76081706.63,75170436.36106329,,
Canal · Tienda,Suavización simple,paso,2026-09-28,71335149.73,75936430.44227058,,
Canal · Tienda,Holt,paso,2026-08-10,65734121.03,86801715.97618847,,
Canal · Tienda,Holt,paso,2026-08-17,68303078.95,68856688.00909781,,
Canal · Tienda,Holt,paso,2026-08-24,67583738.86,68265397.09052458,,
Canal · Tienda,Holt,paso,2026-08-31,70733412.1,67552234.88863929,,
Canal · Tienda,Holt,paso,2026-09-07,75058483.52,69203153.75423527,,
Canal · Tienda,Holt,paso,2026-09-14,75337184.11,74348706.02381009,,
Canal · Tienda,Holt,paso,2026-09-21,76081706.63,75236341.2390604,,
Canal · Tienda,Holt,paso,2026-09-28,71335149.73,76017641.3527969,,
Canal · Tienda,Holt-Winters,paso,2026-08-10,65734121.03,96639848.83306211,,
Canal · Tienda,Holt-Winters,paso,2026-08-17,68303078.95,76845638.7759051,,
Canal · Tienda,Holt-Winters,paso,2026-08-24,67583738.86,75056332.54164644,,
Canal · Tienda,Holt-Winters,paso,2026-08-31,70733412.1,70265304.74425401,,
Canal · Tienda,Holt-Winters,paso,2026-09-07,75058483.52,70145050.1497386,,
Canal · Tienda,Holt-Winters,paso,2026-09-14,75337184.11,87549700.99790744,,
Canal · Tienda,Holt-Winters,paso,2026-09-21,76081706.63,77365476.67256601,,
Canal · Tienda,Holt-Winters,paso,2026-09-28,71335149.73,79493123.74489479,,
Canal · Tienda,ARIMA,paso,2026-08-10,65734121.03,87480863.75891683,,
Canal · Tienda,ARIMA,paso,2026-08-17,68303078.95,68050680.04647271,,
Canal · Tienda,ARIMA,paso,2026-08-24,67583738.86,67072582.12627005,,
Canal · Tienda,ARIMA,paso,2026-08-31,70733412.1,68155597.68089002,,
Canal · Tienda,ARIMA,paso,2026-09-07,75058483.52,70114753.68556853,,
Canal · Tienda,ARIMA,paso,2026-09-14,75337184.11,74763050.35323626,,
Canal · Tienda,ARIMA,paso,2026-09-21,76081706.63,75418418.73365028,,
Canal · Tienda,ARIMA,paso,2026-09-28,71335149.73,75957508.59254397,,
Canal · Tienda,Random Forest,paso,2026-08-10,65734121.03,90034175.10054985,,
Canal · Tienda,Random Forest,paso,2026-08-17,68303078.95,88738368.99113211,,
Canal · Tienda,Random Forest,paso,2026-08-24,67583738.86,83100589.46930836,,
Canal · Tienda,Random Forest,paso,2026-08-31,70733412.1,74737941.08358291,,
Canal · Tienda,Random Forest,paso,2026-09-07,75058483.52,70552187.8820967,,
Canal · Tienda,Random Forest,paso,2026-09-14,75337184.11,72682821.7144112,,
Canal · Tienda,Random Forest,paso,2026-09-21,76081706.63,73562982.8892545,,
Canal · Tienda,Random Forest,paso,2026-09-28,71335149.73,74493762.09935656,,
Canal · Tienda,XGBoost,paso,2026-08-10,65734121.03,83726584.0,,
Canal · Tienda,XGBoost,paso,2026-08-17,68303078.95,85487728.0,,
Canal · Tienda,XGBoost,paso,2026-08-24,67583738.86,77724736.0,,
Canal · Tienda,XGBoost,paso,2026-08-31,70733412.1,76078048.0,,
Canal · Tienda,XGBoost,paso,2026-09-07,75058483.52,76764520.0,,
Canal · Tienda,XGBoost,paso,2026-09-14,75337184.11,75449552.0,,
Canal · Tienda,XGBoost,paso,2026-09-21,76081706.63,74542080.0,,
Canal · Tienda,XGBoost,paso,2026-09-28,71335149.73,75923128.0,,
Canal · Tienda,Naive,presupuesto,2026-10-05,,71335149.73,66645727.36573568,76024572.09426433
Canal · Tienda,Naive,presupuesto,2026-10-12,,71335149.73,66645727.36573568,76024572.09426433
Canal · Tienda,Naive,presupuesto,2026-10-19,,71335149.73,66645727.36573568,76024572.09426433
Canal · Tienda,Naive,presupuesto,2026-10-26,,71335149.73,66645727.36573568,76024572.09426433
Canal · Tienda,Naive,presupuesto,2026-11-02,,71335149.73,66645727.36573568,76024572.09426433
Canal · Tienda,Naive,presupuesto,2026-11-09,,71335149.73,66645727.36573568,76024572.09426433
Canal · Tienda,Naive,presupuesto,2026-11-16,,71335149.73,66645727.36573568,76024572.09426433
Canal · Tienda,Naive,presupuesto,2026-11-23,,71335149.73,66645727.36573568,76024572.09426433
Canal · Tienda,Ajuste comercial,presupuesto,2026-10-05,,65628337.751600005,60938915.38733568,70317760.11586432
Canal · Tienda,Ajuste comercial,presupuesto,2026-10-12,,65628337.751600005,60938915.38733568,70317760.11586432
Canal · Tienda,Ajuste comercial,presupuesto,2026-10-19,,65628337.751600005,60938915.38733568,70317760.11586432
Canal · Tienda,Ajuste comercial,presupuesto,2026-10-26,,65628337.751600005,60938915.38733568,70317760.11586432
Canal · Tienda,Ajuste comercial,presupuesto,2026-11-02,,65628337.751600005,60938915.38733568,70317760.11586432
Canal · Tienda,Ajuste comercial,presupuesto,2026-11-09,,65628337.751600005,60938915.38733568,70317760.11586432
Canal · Tienda,Ajuste comercial,presupuesto,2026-11-16,,65628337.751600005,60938915.38733568,70317760.11586432
Canal · Tienda,Ajuste comercial,presupuesto,2026-11-23,,65628337.751600005,60938915.38733568,70317760.11586432
Canal · Tienda,Promedio móvil,presupuesto,2026-10-05,,74453130.9975,69763708.63323568,79142553.36176433
Canal · Tienda,Promedio móvil,presupuesto,2026-10-12,,74453130.9975,69763708.63323568,79142553.36176433
Canal · Tienda,Promedio móvil,presupuesto,2026-10-19,,74453130.9975,69763708.63323568,79142553.36176433
Canal · Tienda,Promedio móvil,presupuesto,2026-10-26,,74453130.9975,69763708.63323568,79142553.36176433
Canal · Tienda,Promedio móvil,presupuesto,2026-11-02,,74453130.9975,69763708.63323568,79142553.36176433
Canal · Tienda,Promedio móvil,presupuesto,2026-11-09,,74453130.9975,69763708.63323568,79142553.36176433
Canal · Tienda,Promedio móvil,presupuesto,2026-11-16,,74453130.9975,69763708.63323568,79142553.36176433
Canal · Tienda,Promedio móvil,presupuesto,2026-11-23,,74453130.9975,69763708.63323568,79142553.36176433
Canal · Tienda,Suavización simple,presupuesto,2026-10-05,,72069785.17794606,67380362.81368174,76759207.54221039
Canal · Tienda,Suavización simple,presupuesto,2026-10-12,,72069785.17794606,67380362.81368174,76759207.54221039
Canal · Tienda,Suavización simple,presupuesto,2026-10-19,,72069785.17794606,67380362.81368174,76759207.54221039
Canal · Tienda,Suavización simple,presupuesto,2026-10-26,,72069785.17794606,67380362.81368174,76759207.54221039
Canal · Tienda,Suavización simple,presupuesto,2026-11-02,,72069785.17794606,67380362.81368174,76759207.54221039
Canal · Tienda,Suavización simple,presupuesto,2026-11-09,,72069785.17794606,67380362.81368174,76759207.54221039
Canal · Tienda,Suavización simple,presupuesto,2026-11-16,,72069785.17794606,67380362.81368174,76759207.54221039
Canal · Tienda,Suavización simple,presupuesto,2026-11-23,,72069785.17794606,67380362.81368174,76759207.54221039
Canal · Tienda,Holt,presupuesto,2026-10-05,,71246500.67228796,67196736.19872758,75296265.14584833
Canal · Tienda,Holt,presupuesto,2026-10-12,,70515360.75453292,66465596.28097254,74565125.2280933
Canal · Tienda,Holt,presupuesto,2026-10-19,,69784220.83677788,65734456.3632175,73833985.31033826
Canal · Tienda,Holt,presupuesto,2026-10-26,,69053080.91902283,65003316.44546245,73102845.3925832
Canal · Tienda,Holt,presupuesto,2026-11-02,,68321941.00126779,64272176.52770741,72371705.47482817
Canal · Tienda,Holt,presupuesto,2026-11-09,,67590801.08351275,63541036.609952375,71640565.55707313
Canal · Tienda,Holt,presupuesto,2026-11-16,,66859661.165757716,62809896.69219734,70909425.6393181
Canal · Tienda,Holt,presupuesto,2026-11-23,,66128521.24800268,62078756.7744423,70178285.72156306
Canal · Tienda,Holt-Winters,presupuesto,2026-10-05,,75731020.77294376,68216948.76374908,83245092.78213845
Canal · Tienda,Holt-Winters,presupuesto,2026-10-12,,69881484.19761184,62367412.18841715,77395556.20680653
Canal · Tienda,Holt-Winters,presupuesto,2026-10-19,,80835152.80294728,73321080.7937526,88349224.81214197
Canal · Tienda,Holt-Winters,presupuesto,2026-10-26,,79680420.9193965,72166348.91020182,87194492.92859119
Canal · Tienda,Holt-Winters,presupuesto,2026-11-02,,93483386.80972745,85969314.80053276,100997458.81892213
Canal · Tienda,Holt-Winters,presupuesto,2026-11-09,,82555701.98272632,75041629.97353163,90069773.99192101
Canal · Tienda,Holt-Winters,presupuesto,2026-11-16,,80176829.14098896,72662757.13179427,87690901.15018365
Canal · Tienda,Holt-Winters,presupuesto,2026-11-23,,91711782.66283008,84197710.6536354,99225854.67202477
Canal · Tienda,ARIMA,presupuesto,2026-10-05,,71972976.41080327,67223209.57295755,76722743.248649
Canal · Tienda,ARIMA,presupuesto,2026-10-12,,71643527.68833506,66893760.85048933,76393294.52618079
Canal · Tienda,ARIMA,presupuesto,2026-10-19,,71813693.76009494,67063926.92224921,76563460.59794067
Canal · Tienda,ARIMA,presupuesto,2026-10-26,,71725799.9848171,66976033.146971375,76475566.82266283
Canal · Tienda,ARIMA,presupuesto,2026-11-02,,71771198.66889492,67021431.83104919,76520965.50674064
Canal · Tienda,ARIMA,presupuesto,2026-11-09,,71747749.44840708,66997982.610561356,76497516.28625281
Canal · Tienda,ARIMA,presupuesto,2026-11-16,,71759861.38408664,67010094.54624091,76509628.22193237
Canal · Tienda,ARIMA,presupuesto,2026-11-23,,71753605.35583267,67003838.51798694,76503372.1936784
Canal · Tienda,Random Forest,presupuesto,2026-10-05,,72236981.80693325,65295747.80463562,79178215.80923088
Canal · Tienda,Random Forest,presupuesto,2026-10-12,,72218017.61435083,65276783.61205319,79159251.61664845
Canal · Tienda,Random Forest,presupuesto,2026-10-19,,72668403.78562136,65727169.78332373,79609637.78791898
Canal · Tienda,Random Forest,presupuesto,2026-10-26,,72851531.59609099,65910297.593793355,79792765.59838861
Canal · Tienda,Random Forest,presupuesto,2026-11-02,,95290637.93409103,88349403.9317934,102231871.93638866
Canal · Tienda,Random Forest,presupuesto,2026-11-09,,103408267.59320432,96467033.5909067,110349501.59550194
Canal · Tienda,Random Forest,presupuesto,2026-11-16,,120683892.47972824,113742658.47743061,127625126.48202586
Canal · Tienda,Random Forest,presupuesto,2026-11-23,,130183448.79518043,123242214.7928828,137124682.79747805
Canal · Tienda,XGBoost,presupuesto,2026-10-05,,75252304.0,65405775.227725856,85098832.77227415
Canal · Tienda,XGBoost,presupuesto,2026-10-12,,75443648.0,65597119.227725856,85290176.77227415
Canal · Tienda,XGBoost,presupuesto,2026-10-19,,75654616.0,65808087.227725856,85501144.77227415
Canal · Tienda,XGBoost,presupuesto,2026-10-26,,75443648.0,65597119.227725856,85290176.77227415
Canal · Tienda,XGBoost,presupuesto,2026-11-02,,95054496.0,85207967.22772585,104901024.77227415
Canal · Tienda,XGBoost,presupuesto,2026-11-09,,105127528.0,95280999.22772585,114974056.77227415
Canal · Tienda,XGBoost,presupuesto,2026-11-16,,117412104.0,107565575.22772585,127258632.77227415
Canal · Tienda,XGBoost,presupuesto,2026-11-23,,126800512.0,116953983.22772585,136647040.77227414
Canal · E-commerce,Naive,horizonte,2026-08-10,40764187.44,47945145.34,,
Canal · E-commerce,Naive,horizonte,2026-08-17,40495610.51,47945145.34,,
Canal · E-commerce,Naive,horizonte,2026-08-24,37828681.02,47945145.34,,
Canal · E-commerce,Naive,horizonte,2026-08-31,37685099.58,47945145.34,,
Canal · E-commerce,Naive,horizonte,2026-09-07,46232933.86,47945145.34,,
Canal · E-commerce,Naive,horizonte,2026-09-14,44679367.98,47945145.34,,
Canal · E-commerce,Naive,horizonte,2026-09-21,43041208.76,47945145.34,,
Canal · E-commerce,Naive,horizonte,2026-09-28,38619337.519999996,47945145.34,,
Canal · E-commerce,Ajuste comercial,horizonte,2026-08-10,40764187.44,44109533.7128,,
Canal · E-commerce,Ajuste comercial,horizonte,2026-08-17,40495610.51,44109533.7128,,
Canal · E-commerce,Ajuste comercial,horizonte,2026-08-24,37828681.02,44109533.7128,,
Canal · E-commerce,Ajuste comercial,horizonte,2026-08-31,37685099.58,44109533.7128,,
Canal · E-commerce,Ajuste comercial,horizonte,2026-09-07,46232933.86,44109533.7128,,
Canal · E-commerce,Ajuste comercial,horizonte,2026-09-14,44679367.98,44109533.7128,,
Canal · E-commerce,Ajuste comercial,horizonte,2026-09-21,43041208.76,44109533.7128,,
Canal · E-commerce,Ajuste comercial,horizonte,2026-09-28,38619337.519999996,44109533.7128,,
Canal · E-commerce,Promedio móvil,horizonte,2026-08-10,40764187.44,49395839.445,,
Canal · E-commerce,Promedio móvil,horizonte,2026-08-17,40495610.51,49395839.445,,
Canal · E-commerce,Promedio móvil,horizonte,2026-08-24,37828681.02,49395839.445,,
Canal · E-commerce,Promedio móvil,horizonte,2026-08-31,37685099.58,49395839.445,,
Canal · E-commerce,Promedio móvil,horizonte,2026-09-07,46232933.86,49395839.445,,
Canal · E-commerce,Promedio móvil,horizonte,2026-09-14,44679367.98,49395839.445,,
Canal · E-commerce,Promedio móvil,horizonte,2026-09-21,43041208.76,49395839.445,,
Canal · E-commerce,Promedio móvil,horizonte,2026-09-28,38619337.519999996,49395839.445,,
Canal · E-commerce,Suavización simple,horizonte,2026-08-10,40764187.44,48327530.9950926,,
Canal · E-commerce,Suavización simple,horizonte,2026-08-17,40495610.51,48327530.9950926,,
Canal · E-commerce,Suavización simple,horizonte,2026-08-24,37828681.02,48327530.9950926,,
Canal · E-commerce,Suavización simple,horizonte,2026-08-31,37685099.58,48327530.9950926,,
Canal · E-commerce,Suavización simple,horizonte,2026-09-07,46232933.86,48327530.9950926,,
Canal · E-commerce,Suavización simple,horizonte,2026-09-14,44679367.98,48327530.9950926,,
Canal · E-commerce,Suavización simple,horizonte,2026-09-21,43041208.76,48327530.9950926,,
Canal · E-commerce,Suavización simple,horizonte,2026-09-28,38619337.519999996,48327530.9950926,,
Canal · E-commerce,Holt,horizonte,2026-08-10,40764187.44,48857690.42427456,,
Canal · E-commerce,Holt,horizonte,2026-08-17,40495610.51,49279628.36566848,,
Canal · E-commerce,Holt,horizonte,2026-08-24,37828681.02,49701566.30706241,,
Canal · E-commerce,Holt,horizonte,2026-08-31,37685099.58,50123504.24845634,,
Canal · E-commerce,Holt,horizonte,2026-09-07,46232933.86,50545442.18985026,,
Canal · E-commerce,Holt,horizonte,2026-09-14,44679367.98,50967380.13124419,,
Canal · E-commerce,Holt,horizonte,2026-09-21,43041208.76,51389318.07263812,,
Canal · E-commerce,Holt,horizonte,2026-09-28,38619337.519999996,51811256.01403204,,
Canal · E-commerce,Holt-Winters,horizonte,2026-08-10,40764187.44,48725762.4843126,,
Canal · E-commerce,Holt-Winters,horizonte,2026-08-17,40495610.51,48072259.14039699,,
Canal · E-commerce,Holt-Winters,horizonte,2026-08-24,37828681.02,48326251.32755813,,
Canal · E-commerce,Holt-Winters,horizonte,2026-08-31,37685099.58,51255443.56423586,,
Canal · E-commerce,Holt-Winters,horizonte,2026-09-07,46232933.86,44771380.449223384,,
Canal · E-commerce,Holt-Winters,horizonte,2026-09-14,44679367.98,47743070.06693888,,
Canal · E-commerce,Holt-Winters,horizonte,2026-09-21,43041208.76,51998604.80785624,,
Canal · E-commerce,Holt-Winters,horizonte,2026-09-28,38619337.519999996,59436732.53424859,,
Canal · E-commerce,ARIMA,horizonte,2026-08-10,40764187.44,48375555.31468866,,
Canal · E-commerce,ARIMA,horizonte,2026-08-17,40495610.51,48169065.41532404,,
Canal · E-commerce,ARIMA,horizonte,2026-08-24,37828681.02,48268129.287090614,,
Canal · E-commerce,ARIMA,horizonte,2026-08-31,37685099.58,48220603.230273396,,
Canal · E-commerce,ARIMA,horizonte,2026-09-07,46232933.86,48243403.9348725,,
Canal · E-commerce,ARIMA,horizonte,2026-09-14,44679367.98,48232465.25901696,,
Canal · E-commerce,ARIMA,horizonte,2026-09-21,43041208.76,48237713.10690484,,
Canal · E-commerce,ARIMA,horizonte,2026-09-28,38619337.519999996,48235195.443174966,,
Canal · E-commerce,Random Forest,horizonte,2026-08-10,40764187.44,50478630.71780873,,
Canal · E-commerce,Random Forest,horizonte,2026-08-17,40495610.51,51911410.333851255,,
Canal · E-commerce,Random Forest,horizonte,2026-08-24,37828681.02,53418828.48759909,,
Canal · E-commerce,Random Forest,horizonte,2026-08-31,37685099.58,58165802.764585435,,
Canal · E-commerce,Random Forest,horizonte,2026-09-07,46232933.86,59179068.06096836,,
Canal · E-commerce,Random Forest,horizonte,2026-09-14,44679367.98,58525454.51628662,,
Canal · E-commerce,Random Forest,horizonte,2026-09-21,43041208.76,58829220.55823422,,
Canal · E-commerce,Random Forest,horizonte,2026-09-28,38619337.519999996,58646595.40292739,,
Canal · E-commerce,XGBoost,horizonte,2026-08-10,40764187.44,51057508.0,,
Canal · E-commerce,XGBoost,horizonte,2026-08-17,40495610.51,52116252.0,,
Canal · E-commerce,XGBoost,horizonte,2026-08-24,37828681.02,53728372.0,,
Canal · E-commerce,XGBoost,horizonte,2026-08-31,37685099.58,55937188.0,,
Canal · E-commerce,XGBoost,horizonte,2026-09-07,46232933.86,57883864.0,,
Canal · E-commerce,XGBoost,horizonte,2026-09-14,44679367.98,57706728.0,,
Canal · E-commerce,XGBoost,horizonte,2026-09-21,43041208.76,58261324.0,,
Canal · E-commerce,XGBoost,horizonte,2026-09-28,38619337.519999996,59437156.0,,
Canal · E-commerce,Naive,paso,2026-08-10,40764187.44,47945145.34,,
Canal · E-commerce,Naive,paso,2026-08-17,40495610.51,40764187.44,,
Canal · E-commerce,Naive,paso,2026-08-24,37828681.02,40495610.51,,
Canal · E-commerce,Naive,paso,2026-08-31,37685099.58,37828681.02,,
Canal · E-commerce,Naive,paso,2026-09-07,46232933.86,37685099.58,,
Canal · E-commerce,Naive,paso,2026-09-14,44679367.98,46232933.86,,
Canal · E-commerce,Naive,paso,2026-09-21,43041208.76,44679367.98,,
Canal · E-commerce,Naive,paso,2026-09-28,38619337.519999996,43041208.76,,
Canal · E-commerce,Ajuste comercial,paso,2026-08-10,40764187.44,44109533.7128,,
Canal · E-commerce,Ajuste comercial,paso,2026-08-17,40495610.51,37503052.4448,,
Canal · E-commerce,Ajuste comercial,paso,2026-08-24,37828681.02,37255961.6692,,
Canal · E-commerce,Ajuste comercial,paso,2026-08-31,37685099.58,34802386.5384,,
Canal · E-commerce,Ajuste comercial,paso,2026-09-07,46232933.86,34670291.6136,,
Canal · E-commerce,Ajuste comercial,paso,2026-09-14,44679367.98,42534299.151200004,,
Canal · E-commerce,Ajuste comercial,paso,2026-09-21,43041208.76,41105018.5416,,
Canal · E-commerce,Ajuste comercial,paso,2026-09-28,38619337.519999996,39597912.0592,,
Canal · E-commerce,Promedio móvil,paso,2026-08-10,40764187.44,49395839.445,,
Canal · E-commerce,Promedio móvil,paso,2026-08-17,40495610.51,46841645.625,,
Canal · E-commerce,Promedio móvil,paso,2026-08-24,37828681.02,44757769.2675,,
Canal · E-commerce,Promedio móvil,paso,2026-08-31,37685099.58,41758406.0775,,
Canal · E-commerce,Promedio móvil,paso,2026-09-07,46232933.86,39193394.6375,,
Canal · E-commerce,Promedio móvil,paso,2026-09-14,44679367.98,40560581.2425,,
Canal · E-commerce,Promedio móvil,paso,2026-09-21,43041208.76,41606520.61,,
Canal · E-commerce,Promedio móvil,paso,2026-09-28,38619337.519999996,42909652.544999994,,
Canal · E-commerce,Suavización simple,paso,2026-08-10,40764187.44,48327530.9950926,,
Canal · E-commerce,Suavización simple,paso,2026-08-17,40495610.51,42375601.963213384,,
Canal · E-commerce,Suavización simple,paso,2026-08-24,37828681.02,40887573.180424616,,
Canal · E-commerce,Suavización simple,paso,2026-08-31,37685099.58,38466440.45503052,,
Canal · E-commerce,Suavización simple,paso,2026-09-07,46232933.86,37847576.9516584,,
Canal · E-commerce,Suavización simple,paso,2026-09-14,44679367.98,44467566.22460669,,
Canal · E-commerce,Suavización simple,paso,2026-09-21,43041208.76,44635291.84541877,,
Canal · E-commerce,Suavización simple,paso,2026-09-28,38619337.519999996,43377097.89048787,,
Canal · E-commerce,Holt,paso,2026-08-10,40764187.44,48857690.42427456,,
Canal · E-commerce,Holt,paso,2026-08-17,40495610.51,42876445.44056232,,
Canal · E-commerce,Holt,paso,2026-08-24,37828681.02,41401395.440601714,,
Canal · E-commerce,Holt,paso,2026-08-31,37685099.58,38975092.93410137,,
Canal · E-commerce,Holt,paso,2026-09-07,46232933.86,38367351.53016402,,
Canal · E-commerce,Holt,paso,2026-09-14,44679367.98,45042038.20926533,,
Canal · E-commerce,Holt,paso,2026-09-21,43041208.76,45103358.19982545,,
Canal · E-commerce,Holt,paso,2026-09-28,38619337.519999996,43901969.06220699,,
Canal · E-commerce,Holt-Winters,paso,2026-08-10,40764187.44,48725762.4843126,,
Canal · E-commerce,Holt-Winters,paso,2026-08-17,40495610.51,43612435.682980366,,
Canal · E-commerce,Holt-Winters,paso,2026-08-24,37828681.02,42151975.69084026,,
Canal · E-commerce,Holt-Winters,paso,2026-08-31,37685099.58,40309640.93634587,,
Canal · E-commerce,Holt-Winters,paso,2026-09-07,46232933.86,33228508.05983215,,
Canal · E-commerce,Holt-Winters,paso,2026-09-14,44679367.98,43451494.149418995,,
Canal · E-commerce,Holt-Winters,paso,2026-09-21,43041208.76,48371582.36303123,,
Canal · E-commerce,Holt-Winters,paso,2026-09-28,38619337.519999996,52742448.079856716,,
Canal · E-commerce,ARIMA,paso,2026-08-10,40764187.44,48375555.31468866,,
Canal · E-commerce,ARIMA,paso,2026-08-17,40495610.51,41854972.85132383,,
Canal · E-commerce,ARIMA,paso,2026-08-24,37828681.02,40211266.206087485,,
Canal · E-commerce,ARIMA,paso,2026-08-31,37685099.58,38366290.37827343,,
Canal · E-commerce,ARIMA,paso,2026-09-07,46232933.86,37542733.592014864,,
Canal · E-commerce,ARIMA,paso,2026-09-14,44679367.98,44830890.08806262,,
Canal · E-commerce,ARIMA,paso,2026-09-21,43041208.76,45354502.390179366,,
Canal · E-commerce,ARIMA,paso,2026-09-28,38619337.519999996,43125648.055801794,,
Canal · E-commerce,Random Forest,paso,2026-08-10,40764187.44,50478630.71780873,,
Canal · E-commerce,Random Forest,paso,2026-08-17,40495610.51,40668420.88217881,,
Canal · E-commerce,Random Forest,paso,2026-08-24,37828681.02,39399977.381183825,,
Canal · E-commerce,Random Forest,paso,2026-08-31,37685099.58,37870699.21827902,,
Canal · E-commerce,Random Forest,paso,2026-09-07,46232933.86,37881637.28633622,,
Canal · E-commerce,Random Forest,paso,2026-09-14,44679367.98,43355682.56422463,,
Canal · E-commerce,Random Forest,paso,2026-09-21,43041208.76,43769735.84126548,,
Canal · E-commerce,Random Forest,paso,2026-09-28,38619337.519999996,44269214.7222403,,
Canal · E-commerce,XGBoost,paso,2026-08-10,40764187.44,51057508.0,,
Canal · E-commerce,XGBoost,paso,2026-08-17,40495610.51,43746360.0,,
Canal · E-commerce,XGBoost,paso,2026-08-24,37828681.02,40124248.0,,
Canal · E-commerce,XGBoost,paso,2026-08-31,37685099.58,40130860.0,,
Canal · E-commerce,XGBoost,paso,2026-09-07,46232933.86,38283160.0,,
Canal · E-commerce,XGBoost,paso,2026-09-14,44679367.98,44732076.0,,
Canal · E-commerce,XGBoost,paso,2026-09-21,43041208.76,45227536.0,,
Canal · E-commerce,XGBoost,paso,2026-09-28,38619337.519999996,45495268.0,,
Canal · E-commerce,Naive,presupuesto,2026-10-05,,38619337.519999996,34782414.22850958,42456260.81149041
Canal · E-commerce,Naive,presupuesto,2026-10-12,,38619337.519999996,34782414.22850958,42456260.81149041
Canal · E-commerce,Naive,presupuesto,2026-10-19,,38619337.519999996,34782414.22850958,42456260.81149041
Canal · E-commerce,Naive,presupuesto,2026-10-26,,38619337.519999996,34782414.22850958,42456260.81149041
Canal · E-commerce,Naive,presupuesto,2026-11-02,,38619337.519999996,34782414.22850958,42456260.81149041
Canal · E-commerce,Naive,presupuesto,2026-11-09,,38619337.519999996,34782414.22850958,42456260.81149041
Canal · E-commerce,Naive,presupuesto,2026-11-16,,38619337.519999996,34782414.22850958,42456260.81149041
Canal · E-commerce,Naive,presupuesto,2026-11-23,,38619337.519999996,34782414.22850958,42456260.81149041
Canal · E-commerce,Ajuste comercial,presupuesto,2026-10-05,,35529790.5184,31692867.226909585,39366713.80989041
Canal · E-commerce,Ajuste comercial,presupuesto,2026-10-12,,35529790.5184,31692867.226909585,39366713.80989041
Canal · E-commerce,Ajuste comercial,presupuesto,2026-10-19,,35529790.5184,31692867.226909585,39366713.80989041
Canal · E-commerce,Ajuste comercial,presupuesto,2026-10-26,,35529790.5184,31692867.226909585,39366713.80989041
Canal · E-commerce,Ajuste comercial,presupuesto,2026-11-02,,35529790.5184,31692867.226909585,39366713.80989041
Canal · E-commerce,Ajuste comercial,presupuesto,2026-11-09,,35529790.5184,31692867.226909585,39366713.80989041
Canal · E-commerce,Ajuste comercial,presupuesto,2026-11-16,,35529790.5184,31692867.226909585,39366713.80989041
Canal · E-commerce,Ajuste comercial,presupuesto,2026-11-23,,35529790.5184,31692867.226909585,39366713.80989041
Canal · E-commerce,Promedio móvil,presupuesto,2026-10-05,,43143212.03,39306288.73850959,46980135.321490414
Canal · E-commerce,Promedio móvil,presupuesto,2026-10-12,,43143212.03,39306288.73850959,46980135.321490414
Canal · E-commerce,Promedio móvil,presupuesto,2026-10-19,,43143212.03,39306288.73850959,46980135.321490414
Canal · E-commerce,Promedio móvil,presupuesto,2026-10-26,,43143212.03,39306288.73850959,46980135.321490414
Canal · E-commerce,Promedio móvil,presupuesto,2026-11-02,,43143212.03,39306288.73850959,46980135.321490414
Canal · E-commerce,Promedio móvil,presupuesto,2026-11-09,,43143212.03,39306288.73850959,46980135.321490414
Canal · E-commerce,Promedio móvil,presupuesto,2026-11-16,,43143212.03,39306288.73850959,46980135.321490414
Canal · E-commerce,Promedio móvil,presupuesto,2026-11-23,,43143212.03,39306288.73850959,46980135.321490414
Canal · E-commerce,Suavización simple,presupuesto,2026-10-05,,39617748.80998877,35780825.51849835,43454672.10147918
Canal · E-commerce,Suavización simple,presupuesto,2026-10-12,,39617748.80998877,35780825.51849835,43454672.10147918
Canal · E-commerce,Suavización simple,presupuesto,2026-10-19,,39617748.80998877,35780825.51849835,43454672.10147918
Canal · E-commerce,Suavización simple,presupuesto,2026-10-26,,39617748.80998877,35780825.51849835,43454672.10147918
Canal · E-commerce,Suavización simple,presupuesto,2026-11-02,,39617748.80998877,35780825.51849835,43454672.10147918
Canal · E-commerce,Suavización simple,presupuesto,2026-11-09,,39617748.80998877,35780825.51849835,43454672.10147918
Canal · E-commerce,Suavización simple,presupuesto,2026-11-16,,39617748.80998877,35780825.51849835,43454672.10147918
Canal · E-commerce,Suavización simple,presupuesto,2026-11-23,,39617748.80998877,35780825.51849835,43454672.10147918
Canal · E-commerce,Holt,presupuesto,2026-10-05,,40120665.01531309,36387533.9720995,43853796.05852668
Canal · E-commerce,Holt,presupuesto,2026-10-12,,40542602.95670703,36809471.91349344,44275733.99992062
Canal · E-commerce,Holt,presupuesto,2026-10-19,,40964540.898100965,37231409.854887374,44697671.941314556
Canal · E-commerce,Holt,presupuesto,2026-10-26,,41386478.83949491,37653347.796281315,45119609.8827085
Canal · E-commerce,Holt,presupuesto,2026-11-02,,41808416.78088885,38075285.73767526,45541547.82410244
Canal · E-commerce,Holt,presupuesto,2026-11-09,,42230354.72228279,38497223.6790692,45963485.76549638
Canal · E-commerce,Holt,presupuesto,2026-11-16,,42652292.66367673,38919161.62046314,46385423.70689032
Canal · E-commerce,Holt,presupuesto,2026-11-23,,43074230.60507067,39341099.56185708,46807361.648284264
Canal · E-commerce,Holt-Winters,presupuesto,2026-10-05,,37784023.52073708,29810407.857227694,45757639.18424647
Canal · E-commerce,Holt-Winters,presupuesto,2026-10-12,,37465562.252703585,29491946.589194197,45439177.916212976
Canal · E-commerce,Holt-Winters,presupuesto,2026-10-19,,39167225.9921962,31193610.328686815,47140841.65570559
Canal · E-commerce,Holt-Winters,presupuesto,2026-10-26,,31107670.855345942,23134055.191836555,39081286.51885533
Canal · E-commerce,Holt-Winters,presupuesto,2026-11-02,,39057757.84165144,31084142.178142052,47031373.50516083
Canal · E-commerce,Holt-Winters,presupuesto,2026-11-09,,42367652.03121428,34394036.36770489,50341267.69472367
Canal · E-commerce,Holt-Winters,presupuesto,2026-11-16,,37371581.403754376,29397965.74024499,45345197.06726377
Canal · E-commerce,Holt-Winters,presupuesto,2026-11-23,,40582045.07302916,32608429.409519773,48555660.73653855
Canal · E-commerce,ARIMA,presupuesto,2026-10-05,,39335568.74864264,35496148.94929086,43174988.54799442
Canal · E-commerce,ARIMA,presupuesto,2026-10-12,,38999325.31720325,35159905.51785147,42838745.116555035
Canal · E-commerce,ARIMA,presupuesto,2026-10-19,,39157178.871565014,35317759.07221323,42996598.670916796
Canal · E-commerce,ARIMA,presupuesto,2026-10-26,,39083072.60718991,35243652.80783813,42922492.40654169
Canal · E-commerce,ARIMA,presupuesto,2026-11-02,,39117862.69121328,35278442.8918615,42957282.49056506
Canal · E-commerce,ARIMA,presupuesto,2026-11-09,,39101530.06459177,35262110.26523999,42940949.863943554
Canal · E-commerce,ARIMA,presupuesto,2026-11-16,,39109197.61412049,35269777.81476871,42948617.41347227
Canal · E-commerce,ARIMA,presupuesto,2026-11-23,,39105597.99005892,35266178.19070714,42945017.7894107
Canal · E-commerce,Random Forest,presupuesto,2026-10-05,,39948706.067014255,35364555.16994854,44532856.96407997
Canal · E-commerce,Random Forest,presupuesto,2026-10-12,,39857063.97233745,35272913.07527173,44441214.86940316
Canal · E-commerce,Random Forest,presupuesto,2026-10-19,,40488417.07447031,35904266.1774046,45072567.971536025
Canal · E-commerce,Random Forest,presupuesto,2026-10-26,,40323924.4201192,35739773.52305349,44908075.31718492
Canal · E-commerce,Random Forest,presupuesto,2026-11-02,,41015855.92296336,36431705.025897644,45600006.82002907
Canal · E-commerce,Random Forest,presupuesto,2026-11-09,,41099490.40297314,36515339.505907424,45683641.30003885
Canal · E-commerce,Random Forest,presupuesto,2026-11-16,,41708902.32271947,37124751.425653756,46293053.21978518
Canal · E-commerce,Random Forest,presupuesto,2026-11-23,,41978177.811582424,37394026.91451671,46562328.70864814
Canal · E-commerce,XGBoost,presupuesto,2026-10-05,,39423144.0,35066746.46055844,43779541.53944156
Canal · E-commerce,XGBoost,presupuesto,2026-10-12,,38398776.0,34042378.46055844,42755173.53944156
Canal · E-commerce,XGBoost,presupuesto,2026-10-19,,39056428.0,34700030.46055844,43412825.53944156
Canal · E-commerce,XGBoost,presupuesto,2026-10-26,,38497164.0,34140766.46055844,42853561.53944156
Canal · E-commerce,XGBoost,presupuesto,2026-11-02,,42213624.0,37857226.46055844,46570021.53944156
Canal · E-commerce,XGBoost,presupuesto,2026-11-09,,42568088.0,38211690.46055844,46924485.53944156
Canal · E-commerce,XGBoost,presupuesto,2026-11-16,,44595732.0,40239334.46055844,48952129.53944156
Canal · E-commerce,XGBoost,presupuesto,2026-11-23,,44861168.0,40504770.46055844,49217565.53944156
Canal · Marketplace,Naive,horizonte,2026-08-10,17099924.1,20242360.7,,
Canal · Marketplace,Naive,horizonte,2026-08-17,14770033.98,20242360.7,,
Canal · Marketplace,Naive,horizonte,2026-08-24,16193217.63,20242360.7,,
Canal · Marketplace,Naive,horizonte,2026-08-31,14115837.47,20242360.7,,
Canal · Marketplace,Naive,horizonte,2026-09-07,17797793.0,20242360.7,,
Canal · Marketplace,Naive,horizonte,2026-09-14,17473812.86,20242360.7,,
Canal · Marketplace,Naive,horizonte,2026-09-21,15664263.14,20242360.7,,
Canal · Marketplace,Naive,horizonte,2026-09-28,19132512.85,20242360.7,,
Canal · Marketplace,Ajuste comercial,horizonte,2026-08-10,17099924.1,18622971.844,,
Canal · Marketplace,Ajuste comercial,horizonte,2026-08-17,14770033.98,18622971.844,,
Canal · Marketplace,Ajuste comercial,horizonte,2026-08-24,16193217.63,18622971.844,,
Canal · Marketplace,Ajuste comercial,horizonte,2026-08-31,14115837.47,18622971.844,,
Canal · Marketplace,Ajuste comercial,horizonte,2026-09-07,17797793.0,18622971.844,,
Canal · Marketplace,Ajuste comercial,horizonte,2026-09-14,17473812.86,18622971.844,,
Canal · Marketplace,Ajuste comercial,horizonte,2026-09-21,15664263.14,18622971.844,,
Canal · Marketplace,Ajuste comercial,horizonte,2026-09-28,19132512.85,18622971.844,,
Canal · Marketplace,Promedio móvil,horizonte,2026-08-10,17099924.1,18943496.537499998,,
Canal · Marketplace,Promedio móvil,horizonte,2026-08-17,14770033.98,18943496.537499998,,
Canal · Marketplace,Promedio móvil,horizonte,2026-08-24,16193217.63,18943496.537499998,,
Canal · Marketplace,Promedio móvil,horizonte,2026-08-31,14115837.47,18943496.537499998,,
Canal · Marketplace,Promedio móvil,horizonte,2026-09-07,17797793.0,18943496.537499998,,
Canal · Marketplace,Promedio móvil,horizonte,2026-09-14,17473812.86,18943496.537499998,,
Canal · Marketplace,Promedio móvil,horizonte,2026-09-21,15664263.14,18943496.537499998,,
Canal · Marketplace,Promedio móvil,horizonte,2026-09-28,19132512.85,18943496.537499998,,
Canal · Marketplace,Suavización simple,horizonte,2026-08-10,17099924.1,19510085.908138633,,
Canal · Marketplace,Suavización simple,horizonte,2026-08-17,14770033.98,19510085.908138633,,
Canal · Marketplace,Suavización simple,horizonte,2026-08-24,16193217.63,19510085.908138633,,
Canal · Marketplace,Suavización simple,horizonte,2026-08-31,14115837.47,19510085.908138633,,
Canal · Marketplace,Suavización simple,horizonte,2026-09-07,17797793.0,19510085.908138633,,
Canal · Marketplace,Suavización simple,horizonte,2026-09-14,17473812.86,19510085.908138633,,
Canal · Marketplace,Suavización simple,horizonte,2026-09-21,15664263.14,19510085.908138633,,
Canal · Marketplace,Suavización simple,horizonte,2026-09-28,19132512.85,19510085.908138633,,
Canal · Marketplace,Holt,horizonte,2026-08-10,17099924.1,19561650.290343396,,
Canal · Marketplace,Holt,horizonte,2026-08-17,14770033.98,19589834.48682523,,
Canal · Marketplace,Holt,horizonte,2026-08-24,16193217.63,19618018.683307067,,
Canal · Marketplace,Holt,horizonte,2026-08-31,14115837.47,19646202.8797889,,
Canal · Marketplace,Holt,horizonte,2026-09-07,17797793.0,19674387.076270737,,
Canal · Marketplace,Holt,horizonte,2026-09-14,17473812.86,19702571.27275257,,
Canal · Marketplace,Holt,horizonte,2026-09-21,15664263.14,19730755.469234407,,
Canal · Marketplace,Holt,horizonte,2026-09-28,19132512.85,19758939.665716242,,
Canal · Marketplace,Holt-Winters,horizonte,2026-08-10,17099924.1,21223882.061453354,,
Canal · Marketplace,Holt-Winters,horizonte,2026-08-17,14770033.98,19671726.748182822,,
Canal · Marketplace,Holt-Winters,horizonte,2026-08-24,16193217.63,20964495.327721648,,
Canal · Marketplace,Holt-Winters,horizonte,2026-08-31,14115837.47,20284466.51961239,,
Canal · Marketplace,Holt-Winters,horizonte,2026-09-07,17797793.0,26064780.818763223,,
Canal · Marketplace,Holt-Winters,horizonte,2026-09-14,17473812.86,20588173.101793475,,
Canal · Marketplace,Holt-Winters,horizonte,2026-09-21,15664263.14,19137561.913311727,,
Canal · Marketplace,Holt-Winters,horizonte,2026-09-28,19132512.85,20382935.3669536,,
Canal · Marketplace,ARIMA,horizonte,2026-08-10,17099924.1,19689877.685633346,,
Canal · Marketplace,ARIMA,horizonte,2026-08-17,14770033.98,19628388.367297754,,
Canal · Marketplace,ARIMA,horizonte,2026-08-24,16193217.63,19621544.83334095,,
Canal · Marketplace,ARIMA,horizonte,2026-08-31,14115837.47,19620783.173295178,,
Canal · Marketplace,ARIMA,horizonte,2026-09-07,17797793.0,19620698.403346058,,
Canal · Marketplace,ARIMA,horizonte,2026-09-14,17473812.86,19620688.968763907,,
Canal · Marketplace,ARIMA,horizonte,2026-09-21,15664263.14,19620687.91872977,,
Canal · Marketplace,ARIMA,horizonte,2026-09-28,19132512.85,19620687.80186485,,
Canal · Marketplace,Random Forest,horizonte,2026-08-10,17099924.1,20562083.048651982,,
Canal · Marketplace,Random Forest,horizonte,2026-08-17,14770033.98,20046397.076560218,,
Canal · Marketplace,Random Forest,horizonte,2026-08-24,16193217.63,20366585.943243477,,
Canal · Marketplace,Random Forest,horizonte,2026-08-31,14115837.47,20682457.09754087,,
Canal · Marketplace,Random Forest,horizonte,2026-09-07,17797793.0,20433095.55378277,,
Canal · Marketplace,Random Forest,horizonte,2026-09-14,17473812.86,20495910.852626044,,
Canal · Marketplace,Random Forest,horizonte,2026-09-21,15664263.14,20390556.854272068,,
Canal · Marketplace,Random Forest,horizonte,2026-09-28,19132512.85,20120770.405479033,,
Canal · Marketplace,XGBoost,horizonte,2026-08-10,17099924.1,20200718.0,,
Canal · Marketplace,XGBoost,horizonte,2026-08-17,14770033.98,19413416.0,,
Canal · Marketplace,XGBoost,horizonte,2026-08-24,16193217.63,19385988.0,,
Canal · Marketplace,XGBoost,horizonte,2026-08-31,14115837.47,21205024.0,,
Canal · Marketplace,XGBoost,horizonte,2026-09-07,17797793.0,19121552.0,,
Canal · Marketplace,XGBoost,horizonte,2026-09-14,17473812.86,19904960.0,,
Canal · Marketplace,XGBoost,horizonte,2026-09-21,15664263.14,20526692.0,,
Canal · Marketplace,XGBoost,horizonte,2026-09-28,19132512.85,20084700.0,,
Canal · Marketplace,Naive,paso,2026-08-10,17099924.1,20242360.7,,
Canal · Marketplace,Naive,paso,2026-08-17,14770033.98,17099924.1,,
Canal · Marketplace,Naive,paso,2026-08-24,16193217.63,14770033.98,,
Canal · Marketplace,Naive,paso,2026-08-31,14115837.47,16193217.63,,
Canal · Marketplace,Naive,paso,2026-09-07,17797793.0,14115837.47,,
Canal · Marketplace,Naive,paso,2026-09-14,17473812.86,17797793.0,,
Canal · Marketplace,Naive,paso,2026-09-21,15664263.14,17473812.86,,
Canal · Marketplace,Naive,paso,2026-09-28,19132512.85,15664263.14,,
Canal · Marketplace,Ajuste comercial,paso,2026-08-10,17099924.1,18622971.844,,
Canal · Marketplace,Ajuste comercial,paso,2026-08-17,14770033.98,15731930.172000002,,
Canal · Marketplace,Ajuste comercial,paso,2026-08-24,16193217.63,13588431.2616,,
Canal · Marketplace,Ajuste comercial,paso,2026-08-31,14115837.47,14897760.219600001,,
Canal · Marketplace,Ajuste comercial,paso,2026-09-07,17797793.0,12986570.4724,,
Canal · Marketplace,Ajuste comercial,paso,2026-09-14,17473812.86,16373969.56,,
Canal · Marketplace,Ajuste comercial,paso,2026-09-21,15664263.14,16075907.8312,,
Canal · Marketplace,Ajuste comercial,paso,2026-09-28,19132512.85,14411122.088800002,,
Canal · Marketplace,Promedio móvil,paso,2026-08-10,17099924.1,18943496.537499998,,
Canal · Marketplace,Promedio móvil,paso,2026-08-17,14770033.98,18902504.222500004,,
Canal · Marketplace,Promedio móvil,paso,2026-08-24,16193217.63,17356293.15,,
Canal · Marketplace,Promedio móvil,paso,2026-08-31,14115837.47,17076384.1025,,
Canal · Marketplace,Promedio móvil,paso,2026-09-07,17797793.0,15544753.295,,
Canal · Marketplace,Promedio móvil,paso,2026-09-14,17473812.86,15719220.52,,
Canal · Marketplace,Promedio móvil,paso,2026-09-21,15664263.14,16395165.24,,
Canal · Marketplace,Promedio móvil,paso,2026-09-28,19132512.85,16262926.6175,,
Canal · Marketplace,Suavización simple,paso,2026-08-10,17099924.1,19510085.908138633,,
Canal · Marketplace,Suavización simple,paso,2026-08-17,14770033.98,18190543.228998676,,
Canal · Marketplace,Suavización simple,paso,2026-08-24,16193217.63,16297915.196992207,,
Canal · Marketplace,Suavización simple,paso,2026-08-31,14115837.47,16239606.39506707,,
Canal · Marketplace,Suavización simple,paso,2026-09-07,17797793.0,15059785.553096903,,
Canal · Marketplace,Suavización simple,paso,2026-09-14,17473812.86,16572072.992191225,,
Canal · Marketplace,Suavización simple,paso,2026-09-21,15664263.14,17069089.26198109,,
Canal · Marketplace,Suavización simple,paso,2026-09-28,19132512.85,16296177.656054981,,
Canal · Marketplace,Holt,paso,2026-08-10,17099924.1,19561650.290343396,,
Canal · Marketplace,Holt,paso,2026-08-17,14770033.98,18258789.153447866,,
Canal · Marketplace,Holt,paso,2026-08-24,16193217.63,16266639.67054153,,
Canal · Marketplace,Holt,paso,2026-08-31,14115837.47,16298710.116622964,,
Canal · Marketplace,Holt,paso,2026-09-07,17797793.0,15064419.081737554,,
Canal · Marketplace,Holt,paso,2026-09-14,17473812.86,16599322.636793438,,
Canal · Marketplace,Holt,paso,2026-09-21,15664263.14,17104514.30968796,,
Canal · Marketplace,Holt,paso,2026-09-28,19132512.85,16358534.416432252,,
Canal · Marketplace,Holt-Winters,paso,2026-08-10,17099924.1,21223882.061453354,,
Canal · Marketplace,Holt-Winters,paso,2026-08-17,14770033.98,18452440.533515885,,
Canal · Marketplace,Holt-Winters,paso,2026-08-24,16193217.63,18682801.52721586,,
Canal · Marketplace,Holt-Winters,paso,2026-08-31,14115837.47,17296988.752353676,,
Canal · Marketplace,Holt-Winters,paso,2026-09-07,17797793.0,21808103.29060174,,
Canal · Marketplace,Holt-Winters,paso,2026-09-14,17473812.86,15117067.223441694,,
Canal · Marketplace,Holt-Winters,paso,2026-09-21,15664263.14,12783335.231956854,,
Canal · Marketplace,Holt-Winters,paso,2026-09-28,19132512.85,16324627.402511831,,
Canal · Marketplace,ARIMA,paso,2026-08-10,17099924.1,19689877.685633346,,
Canal · Marketplace,ARIMA,paso,2026-08-17,14770033.98,18060535.518714316,,
Canal · Marketplace,ARIMA,paso,2026-08-24,16193217.63,16146294.043090638,,
Canal · Marketplace,ARIMA,paso,2026-08-31,14115837.47,16311649.659674251,,
Canal · Marketplace,ARIMA,paso,2026-09-07,17797793.0,14975382.41920001,,
Canal · Marketplace,ARIMA,paso,2026-09-14,17473812.86,16770528.463313807,,
Canal · Marketplace,ARIMA,paso,2026-09-21,15664263.14,17101401.23341659,,
Canal · Marketplace,ARIMA,paso,2026-09-28,19132512.85,16194750.929175492,,
Canal · Marketplace,Random Forest,paso,2026-08-10,17099924.1,20562083.048651982,,
Canal · Marketplace,Random Forest,paso,2026-08-17,14770033.98,18329106.047849674,,
Canal · Marketplace,Random Forest,paso,2026-08-24,16193217.63,16987241.24119812,,
Canal · Marketplace,Random Forest,paso,2026-08-31,14115837.47,17631339.277863473,,
Canal · Marketplace,Random Forest,paso,2026-09-07,17797793.0,17767621.0502134,,
Canal · Marketplace,Random Forest,paso,2026-09-14,17473812.86,17514565.80152954,,
Canal · Marketplace,Random Forest,paso,2026-09-21,15664263.14,18177855.2610184,,
Canal · Marketplace,Random Forest,paso,2026-09-28,19132512.85,17764389.992447495,,
Canal · Marketplace,XGBoost,paso,2026-08-10,17099924.1,20200718.0,,
Canal · Marketplace,XGBoost,paso,2026-08-17,14770033.98,16836170.0,,
Canal · Marketplace,XGBoost,paso,2026-08-24,16193217.63,15873088.0,,
Canal · Marketplace,XGBoost,paso,2026-08-31,14115837.47,18372132.0,,
Canal · Marketplace,XGBoost,paso,2026-09-07,17797793.0,17467032.0,,
Canal · Marketplace,XGBoost,paso,2026-09-14,17473812.86,17432126.0,,
Canal · Marketplace,XGBoost,paso,2026-09-21,15664263.14,18263462.0,,
Canal · Marketplace,XGBoost,paso,2026-09-28,19132512.85,16699959.0,,
Canal · Marketplace,Naive,presupuesto,2026-10-05,,19132512.85,17140038.284984555,21124987.415015448
Canal · Marketplace,Naive,presupuesto,2026-10-12,,19132512.85,17140038.284984555,21124987.415015448
Canal · Marketplace,Naive,presupuesto,2026-10-19,,19132512.85,17140038.284984555,21124987.415015448
Canal · Marketplace,Naive,presupuesto,2026-10-26,,19132512.85,17140038.284984555,21124987.415015448
Canal · Marketplace,Naive,presupuesto,2026-11-02,,19132512.85,17140038.284984555,21124987.415015448
Canal · Marketplace,Naive,presupuesto,2026-11-09,,19132512.85,17140038.284984555,21124987.415015448
Canal · Marketplace,Naive,presupuesto,2026-11-16,,19132512.85,17140038.284984555,21124987.415015448
Canal · Marketplace,Naive,presupuesto,2026-11-23,,19132512.85,17140038.284984555,21124987.415015448
Canal · Marketplace,Ajuste comercial,presupuesto,2026-10-05,,17601911.822,15609437.256984554,19594386.387015447
Canal · Marketplace,Ajuste comercial,presupuesto,2026-10-12,,17601911.822,15609437.256984554,19594386.387015447
Canal · Marketplace,Ajuste comercial,presupuesto,2026-10-19,,17601911.822,15609437.256984554,19594386.387015447
Canal · Marketplace,Ajuste comercial,presupuesto,2026-10-26,,17601911.822,15609437.256984554,19594386.387015447
Canal · Marketplace,Ajuste comercial,presupuesto,2026-11-02,,17601911.822,15609437.256984554,19594386.387015447
Canal · Marketplace,Ajuste comercial,presupuesto,2026-11-09,,17601911.822,15609437.256984554,19594386.387015447
Canal · Marketplace,Ajuste comercial,presupuesto,2026-11-16,,17601911.822,15609437.256984554,19594386.387015447
Canal · Marketplace,Ajuste comercial,presupuesto,2026-11-23,,17601911.822,15609437.256984554,19594386.387015447
Canal · Marketplace,Promedio móvil,presupuesto,2026-10-05,,17517095.4625,15524620.897484552,19509570.027515445
Canal · Marketplace,Promedio móvil,presupuesto,2026-10-12,,17517095.4625,15524620.897484552,19509570.027515445
Canal · Marketplace,Promedio móvil,presupuesto,2026-10-19,,17517095.4625,15524620.897484552,19509570.027515445
Canal · Marketplace,Promedio móvil,presupuesto,2026-10-26,,17517095.4625,15524620.897484552,19509570.027515445
Canal · Marketplace,Promedio móvil,presupuesto,2026-11-02,,17517095.4625,15524620.897484552,19509570.027515445
Canal · Marketplace,Promedio móvil,presupuesto,2026-11-09,,17517095.4625,15524620.897484552,19509570.027515445
Canal · Marketplace,Promedio móvil,presupuesto,2026-11-16,,17517095.4625,15524620.897484552,19509570.027515445
Canal · Marketplace,Promedio móvil,presupuesto,2026-11-23,,17517095.4625,15524620.897484552,19509570.027515445
Canal · Marketplace,Suavización simple,presupuesto,2026-10-05,,17852491.13287995,15860016.567864504,19844965.697895397
Canal · Marketplace,Suavización simple,presupuesto,2026-10-12,,17852491.13287995,15860016.567864504,19844965.697895397
Canal · Marketplace,Suavización simple,presupuesto,2026-10-19,,17852491.13287995,15860016.567864504,19844965.697895397
Canal · Marketplace,Suavización simple,presupuesto,2026-10-26,,17852491.13287995,15860016.567864504,19844965.697895397
Canal · Marketplace,Suavización simple,presupuesto,2026-11-02,,17852491.13287995,15860016.567864504,19844965.697895397
Canal · Marketplace,Suavización simple,presupuesto,2026-11-09,,17852491.13287995,15860016.567864504,19844965.697895397
Canal · Marketplace,Suavización simple,presupuesto,2026-11-16,,17852491.13287995,15860016.567864504,19844965.697895397
Canal · Marketplace,Suavización simple,presupuesto,2026-11-23,,17852491.13287995,15860016.567864504,19844965.697895397
Canal · Marketplace,Holt,presupuesto,2026-10-05,,17777281.959926706,15821412.556486832,19733151.36336658
Canal · Marketplace,Holt,presupuesto,2026-10-12,,17728003.301475994,15772133.89803612,19683872.70491587
Canal · Marketplace,Holt,presupuesto,2026-10-19,,17678724.64302528,15722855.239585405,19634594.046465155
Canal · Marketplace,Holt,presupuesto,2026-10-26,,17629445.984574568,15673576.581134694,19585315.388014443
Canal · Marketplace,Holt,presupuesto,2026-11-02,,17580167.326123856,15624297.922683982,19536036.72956373
Canal · Marketplace,Holt,presupuesto,2026-11-09,,17530888.667673144,15575019.26423327,19486758.07111302
Canal · Marketplace,Holt,presupuesto,2026-11-16,,17481610.00922243,15525740.605782555,19437479.412662305
Canal · Marketplace,Holt,presupuesto,2026-11-23,,17432331.350771718,15476461.947331844,19388200.754211593
Canal · Marketplace,Holt-Winters,presupuesto,2026-10-05,,16889521.22080022,14374552.491927734,19404489.94967271
Canal · Marketplace,Holt-Winters,presupuesto,2026-10-12,,21391105.39417503,18876136.66530254,23906074.12304752
Canal · Marketplace,Holt-Winters,presupuesto,2026-10-19,,16397169.657047907,13882200.92817542,18912138.385920394
Canal · Marketplace,Holt-Winters,presupuesto,2026-10-26,,18106072.420722663,15591103.691850176,20621041.149595153
Canal · Marketplace,Holt-Winters,presupuesto,2026-11-02,,21870547.079099454,19355578.350226965,24385515.807971943
Canal · Marketplace,Holt-Winters,presupuesto,2026-11-09,,22007229.267447405,19492260.538574915,24522197.996319894
Canal · Marketplace,Holt-Winters,presupuesto,2026-11-16,,21314036.41218555,18799067.68331306,23829005.14105804
Canal · Marketplace,Holt-Winters,presupuesto,2026-11-23,,16733382.347521089,14218413.618648602,19248351.07639358
Canal · Marketplace,ARIMA,presupuesto,2026-10-05,,18016504.822864205,16026422.415231336,20006587.230497073
Canal · Marketplace,ARIMA,presupuesto,2026-10-12,,17916120.879962135,15926038.472329266,19906203.287595004
Canal · Marketplace,ARIMA,presupuesto,2026-10-19,,17907091.43237077,15917009.024737902,19897173.84000364
Canal · Marketplace,ARIMA,presupuesto,2026-10-26,,17906279.241481986,15916196.833849117,19896361.649114855
Canal · Marketplace,ARIMA,presupuesto,2026-11-02,,17906206.185624123,15916123.777991254,19896288.59325699
Canal · Marketplace,ARIMA,presupuesto,2026-11-09,,17906199.614313804,15916117.206680935,19896282.021946672
Canal · Marketplace,ARIMA,presupuesto,2026-11-16,,17906199.023230206,15916116.615597337,19896281.430863075
Canal · Marketplace,ARIMA,presupuesto,2026-11-23,,17906198.970062755,15916116.562429886,19896281.377695624
Canal · Marketplace,Random Forest,presupuesto,2026-10-05,,19335077.819071982,17271756.35819064,21398399.279953323
Canal · Marketplace,Random Forest,presupuesto,2026-10-12,,19541737.85928619,17478416.398404848,21605059.32016753
Canal · Marketplace,Random Forest,presupuesto,2026-10-19,,19114113.076080892,17050791.61519955,21177434.536962233
Canal · Marketplace,Random Forest,presupuesto,2026-10-26,,19831230.211821444,17767908.750940103,21894551.672702786
Canal · Marketplace,Random Forest,presupuesto,2026-11-02,,20312393.68908029,18249072.22819895,22375715.14996163
Canal · Marketplace,Random Forest,presupuesto,2026-11-09,,19427024.29857653,17363702.83769519,21490345.75945787
Canal · Marketplace,Random Forest,presupuesto,2026-11-16,,20245339.28006234,18182017.819181,22308660.74094368
Canal · Marketplace,Random Forest,presupuesto,2026-11-23,,19461563.416068263,17398241.955186922,21524884.876949605
Canal · Marketplace,XGBoost,presupuesto,2026-10-05,,19778294.0,17356042.585701242,22200545.414298758
Canal · Marketplace,XGBoost,presupuesto,2026-10-12,,20019202.0,17596950.585701242,22441453.414298758
Canal · Marketplace,XGBoost,presupuesto,2026-10-19,,18890302.0,16468050.58570124,21312553.414298758
Canal · Marketplace,XGBoost,presupuesto,2026-10-26,,20889284.0,18467032.585701242,23311535.414298758
Canal · Marketplace,XGBoost,presupuesto,2026-11-02,,21144162.0,18721910.585701242,23566413.414298758
Canal · Marketplace,XGBoost,presupuesto,2026-11-09,,18994898.0,16572646.58570124,21417149.414298758
Canal · Marketplace,XGBoost,presupuesto,2026-11-16,,20774376.0,18352124.585701242,23196627.414298758
Canal · Marketplace,XGBoost,presupuesto,2026-11-23,,19148912.0,16726660.58570124,21571163.414298758
Región · Antioquia,Naive,horizonte,2026-08-10,27194202.99,25968329.810000002,,
Región · Antioquia,Naive,horizonte,2026-08-17,24496274.35,25968329.810000002,,
Región · Antioquia,Naive,horizonte,2026-08-24,22470412.45,25968329.810000002,,
Región · Antioquia,Naive,horizonte,2026-08-31,25094811.54,25968329.810000002,,
Región · Antioquia,Naive,horizonte,2026-09-07,31072201.61,25968329.810000002,,
Región · Antioquia,Naive,horizonte,2026-09-14,25934679.72,25968329.810000002,,
Región · Antioquia,Naive,horizonte,2026-09-21,27436856.44,25968329.810000002,,
Región · Antioquia,Naive,horizonte,2026-09-28,30212565.93,25968329.810000002,,
Región · Antioquia,Ajuste comercial,horizonte,2026-08-10,27194202.99,23890863.425200004,,
Región · Antioquia,Ajuste comercial,horizonte,2026-08-17,24496274.35,23890863.425200004,,
Región · Antioquia,Ajuste comercial,horizonte,2026-08-24,22470412.45,23890863.425200004,,
Región · Antioquia,Ajuste comercial,horizonte,2026-08-31,25094811.54,23890863.425200004,,
Región · Antioquia,Ajuste comercial,horizonte,2026-09-07,31072201.61,23890863.425200004,,
Región · Antioquia,Ajuste comercial,horizonte,2026-09-14,25934679.72,23890863.425200004,,
Región · Antioquia,Ajuste comercial,horizonte,2026-09-21,27436856.44,23890863.425200004,,
Región · Antioquia,Ajuste comercial,horizonte,2026-09-28,30212565.93,23890863.425200004,,
Región · Antioquia,Promedio móvil,horizonte,2026-08-10,27194202.99,31475524.7575,,
Región · Antioquia,Promedio móvil,horizonte,2026-08-17,24496274.35,31475524.7575,,
Región · Antioquia,Promedio móvil,horizonte,2026-08-24,22470412.45,31475524.7575,,
Región · Antioquia,Promedio móvil,horizonte,2026-08-31,25094811.54,31475524.7575,,
Región · Antioquia,Promedio móvil,horizonte,2026-09-07,31072201.61,31475524.7575,,
Región · Antioquia,Promedio móvil,horizonte,2026-09-14,25934679.72,31475524.7575,,
Región · Antioquia,Promedio móvil,horizonte,2026-09-21,27436856.44,31475524.7575,,
Región · Antioquia,Promedio móvil,horizonte,2026-09-28,30212565.93,31475524.7575,,
Región · Antioquia,Suavización simple,horizonte,2026-08-10,27194202.99,29132879.027904697,,
Región · Antioquia,Suavización simple,horizonte,2026-08-17,24496274.35,29132879.027904697,,
Región · Antioquia,Suavización simple,horizonte,2026-08-24,22470412.45,29132879.027904697,,
Región · Antioquia,Suavización simple,horizonte,2026-08-31,25094811.54,29132879.027904697,,
Región · Antioquia,Suavización simple,horizonte,2026-09-07,31072201.61,29132879.027904697,,
Región · Antioquia,Suavización simple,horizonte,2026-09-14,25934679.72,29132879.027904697,,
Región · Antioquia,Suavización simple,horizonte,2026-09-21,27436856.44,29132879.027904697,,
Región · Antioquia,Suavización simple,horizonte,2026-09-28,30212565.93,29132879.027904697,,
Región · Antioquia,Holt,horizonte,2026-08-10,27194202.99,29539926.988307808,,
Región · Antioquia,Holt,horizonte,2026-08-17,24496274.35,29825489.00109568,,
Región · Antioquia,Holt,horizonte,2026-08-24,22470412.45,30111051.013883553,,
Región · Antioquia,Holt,horizonte,2026-08-31,25094811.54,30396613.02667143,,
Región · Antioquia,Holt,horizonte,2026-09-07,31072201.61,30682175.0394593,,
Región · Antioquia,Holt,horizonte,2026-09-14,25934679.72,30967737.052247174,,
Región · Antioquia,Holt,horizonte,2026-09-21,27436856.44,31253299.06503505,,
Región · Antioquia,Holt,horizonte,2026-09-28,30212565.93,31538861.07782292,,
Región · Antioquia,Holt-Winters,horizonte,2026-08-10,27194202.99,41056234.92948227,,
Región · Antioquia,Holt-Winters,horizonte,2026-08-17,24496274.35,33713261.16493061,,
Región · Antioquia,Holt-Winters,horizonte,2026-08-24,22470412.45,31025148.0452947,,
Región · Antioquia,Holt-Winters,horizonte,2026-08-31,25094811.54,33535901.916273233,,
Región · Antioquia,Holt-Winters,horizonte,2026-09-07,31072201.61,37036645.72291195,,
Región · Antioquia,Holt-Winters,horizonte,2026-09-14,25934679.72,32683422.498490863,,
Región · Antioquia,Holt-Winters,horizonte,2026-09-21,27436856.44,32373862.940413933,,
Región · Antioquia,Holt-Winters,horizonte,2026-09-28,30212565.93,34096437.94526931,,
Región · Antioquia,ARIMA,horizonte,2026-08-10,27194202.99,28744363.065720923,,
Región · Antioquia,ARIMA,horizonte,2026-08-17,24496274.35,28745443.90212078,,
Región · Antioquia,ARIMA,horizonte,2026-08-24,22470412.45,28745444.3229397,,
Región · Antioquia,ARIMA,horizonte,2026-08-31,25094811.54,28745444.323103547,,
Región · Antioquia,ARIMA,horizonte,2026-09-07,31072201.61,28745444.32310361,,
Región · Antioquia,ARIMA,horizonte,2026-09-14,25934679.72,28745444.32310361,,
Región · Antioquia,ARIMA,horizonte,2026-09-21,27436856.44,28745444.32310361,,
Región · Antioquia,ARIMA,horizonte,2026-09-28,30212565.93,28745444.32310361,,
Región · Antioquia,Random Forest,horizonte,2026-08-10,27194202.99,34396098.3182691,,
Región · Antioquia,Random Forest,horizonte,2026-08-17,24496274.35,31024140.633325502,,
Región · Antioquia,Random Forest,horizonte,2026-08-24,22470412.45,34442216.81256532,,
Región · Antioquia,Random Forest,horizonte,2026-08-31,25094811.54,32749001.33838879,,
Región · Antioquia,Random Forest,horizonte,2026-09-07,31072201.61,35340534.82439453,,
Región · Antioquia,Random Forest,horizonte,2026-09-14,25934679.72,34983978.84475556,,
Región · Antioquia,Random Forest,horizonte,2026-09-21,27436856.44,36735535.01132856,,
Región · Antioquia,Random Forest,horizonte,2026-09-28,30212565.93,36119011.197673,,
Región · Antioquia,XGBoost,horizonte,2026-08-10,27194202.99,33472360.0,,
Región · Antioquia,XGBoost,horizonte,2026-08-17,24496274.35,31457686.0,,
Región · Antioquia,XGBoost,horizonte,2026-08-24,22470412.45,33386392.0,,
Región · Antioquia,XGBoost,horizonte,2026-08-31,25094811.54,31924244.0,,
Región · Antioquia,XGBoost,horizonte,2026-09-07,31072201.61,37027716.0,,
Región · Antioquia,XGBoost,horizonte,2026-09-14,25934679.72,34559092.0,,
Región · Antioquia,XGBoost,horizonte,2026-09-21,27436856.44,38500996.0,,
Región · Antioquia,XGBoost,horizonte,2026-09-28,30212565.93,35273460.0,,
Región · Antioquia,Naive,paso,2026-08-10,27194202.99,25968329.810000002,,
Región · Antioquia,Naive,paso,2026-08-17,24496274.35,27194202.99,,
Región · Antioquia,Naive,paso,2026-08-24,22470412.45,24496274.35,,
Región · Antioquia,Naive,paso,2026-08-31,25094811.54,22470412.45,,
Región · Antioquia,Naive,paso,2026-09-07,31072201.61,25094811.54,,
Región · Antioquia,Naive,paso,2026-09-14,25934679.72,31072201.61,,
Región · Antioquia,Naive,paso,2026-09-21,27436856.44,25934679.72,,
Región · Antioquia,Naive,paso,2026-09-28,30212565.93,27436856.44,,
Región · Antioquia,Ajuste comercial,paso,2026-08-10,27194202.99,23890863.425200004,,
Región · Antioquia,Ajuste comercial,paso,2026-08-17,24496274.35,25018666.7508,,
Región · Antioquia,Ajuste comercial,paso,2026-08-24,22470412.45,22536572.402000003,,
Región · Antioquia,Ajuste comercial,paso,2026-08-31,25094811.54,20672779.454,,
Región · Antioquia,Ajuste comercial,paso,2026-09-07,31072201.61,23087226.6168,,
Región · Antioquia,Ajuste comercial,paso,2026-09-14,25934679.72,28586425.481200002,,
Región · Antioquia,Ajuste comercial,paso,2026-09-21,27436856.44,23859905.3424,,
Región · Antioquia,Ajuste comercial,paso,2026-09-28,30212565.93,25241907.9248,,
Región · Antioquia,Promedio móvil,paso,2026-08-10,27194202.99,31475524.7575,,
Región · Antioquia,Promedio móvil,paso,2026-08-17,24496274.35,29832533.24,,
Región · Antioquia,Promedio móvil,paso,2026-08-24,22470412.45,28429550.715000004,,
Región · Antioquia,Promedio móvil,paso,2026-08-31,25094811.54,25032304.900000002,,
Región · Antioquia,Promedio móvil,paso,2026-09-07,31072201.61,24813925.332500003,,
Región · Antioquia,Promedio móvil,paso,2026-09-14,25934679.72,25783424.9875,,
Región · Antioquia,Promedio móvil,paso,2026-09-21,27436856.44,26143026.33,,
Región · Antioquia,Promedio móvil,paso,2026-09-28,30212565.93,27384637.3275,,
Región · Antioquia,Suavización simple,paso,2026-08-10,27194202.99,29132879.027904697,,
Región · Antioquia,Suavización simple,paso,2026-08-17,24496274.35,27917605.465350352,,
Región · Antioquia,Suavización simple,paso,2026-08-24,22470412.45,25770432.977539092,,
Región · Antioquia,Suavización simple,paso,2026-08-31,25094811.54,23687163.754370786,,
Región · Antioquia,Suavización simple,paso,2026-09-07,31072201.61,24573801.212627977,,
Región · Antioquia,Suavización simple,paso,2026-09-14,25934679.72,28649474.27583825,,
Región · Antioquia,Suavización simple,paso,2026-09-21,27436856.44,26948074.424644664,,
Región · Antioquia,Suavización simple,paso,2026-09-28,30212565.93,27252922.79526907,,
Región · Antioquia,Holt,paso,2026-08-10,27194202.99,29539926.988307808,,
Región · Antioquia,Holt,paso,2026-08-17,24496274.35,28192951.19646969,,
Región · Antioquia,Holt,paso,2026-08-24,22470412.45,25775063.219420776,,
Región · Antioquia,Holt,paso,2026-08-31,25094811.54,24087949.26737651,,
Región · Antioquia,Holt,paso,2026-09-07,31072201.61,24579956.528041407,,
Región · Antioquia,Holt,paso,2026-09-14,25934679.72,29154054.683751456,,
Región · Antioquia,Holt,paso,2026-09-21,27436856.44,27338958.66764218,,
Región · Antioquia,Holt,paso,2026-09-28,30212565.93,27707503.00409846,,
Región · Antioquia,Holt-Winters,paso,2026-08-10,27194202.99,41056234.92948227,,
Región · Antioquia,Holt-Winters,paso,2026-08-17,24496274.35,31413114.377582982,,
Región · Antioquia,Holt-Winters,paso,2026-08-24,22470412.45,25930773.97508117,,
Región · Antioquia,Holt-Winters,paso,2026-08-31,25094811.54,26948253.573157925,,
Región · Antioquia,Holt-Winters,paso,2026-09-07,31072201.61,29333847.011790775,,
Región · Antioquia,Holt-Winters,paso,2026-09-14,25934679.72,25427762.347248055,,
Región · Antioquia,Holt-Winters,paso,2026-09-21,27436856.44,24878484.710707307,,
Región · Antioquia,Holt-Winters,paso,2026-09-28,30212565.93,27074937.800752304,,
Región · Antioquia,ARIMA,paso,2026-08-10,27194202.99,28744363.065720923,,
Región · Antioquia,ARIMA,paso,2026-08-17,24496274.35,27706798.804884683,,
Región · Antioquia,ARIMA,paso,2026-08-24,22470412.45,25512273.618692674,,
Región · Antioquia,ARIMA,paso,2026-08-31,25094811.54,23420937.092096336,,
Región · Antioquia,ARIMA,paso,2026-09-07,31072201.61,24546282.050213587,,
Región · Antioquia,ARIMA,paso,2026-09-14,25934679.72,28988047.12605086,,
Región · Antioquia,ARIMA,paso,2026-09-21,27436856.44,26899698.500400253,,
Región · Antioquia,ARIMA,paso,2026-09-28,30212565.93,27269401.364049017,,
Región · Antioquia,Random Forest,paso,2026-08-10,27194202.99,34396098.3182691,,
Región · Antioquia,Random Forest,paso,2026-08-17,24496274.35,30900808.226694617,,
Región · Antioquia,Random Forest,paso,2026-08-24,22470412.45,30092994.630719762,,
Región · Antioquia,Random Forest,paso,2026-08-31,25094811.54,28609852.1751819,,
Región · Antioquia,Random Forest,paso,2026-09-07,31072201.61,26413622.44717529,,
Región · Antioquia,Random Forest,paso,2026-09-14,25934679.72,30441924.67262648,,
Región · Antioquia,Random Forest,paso,2026-09-21,27436856.44,29655888.304360997,,
Región · Antioquia,Random Forest,paso,2026-09-28,30212565.93,28593016.28989519,,
Región · Antioquia,XGBoost,paso,2026-08-10,27194202.99,33472360.0,,
Región · Antioquia,XGBoost,paso,2026-08-17,24496274.35,30839058.0,,
Región · Antioquia,XGBoost,paso,2026-08-24,22470412.45,27317684.0,,
Región · Antioquia,XGBoost,paso,2026-08-31,25094811.54,28795672.0,,
Región · Antioquia,XGBoost,paso,2026-09-07,31072201.61,27215908.0,,
Región · Antioquia,XGBoost,paso,2026-09-14,25934679.72,30256732.0,,
Región · Antioquia,XGBoost,paso,2026-09-21,27436856.44,28777950.0,,
Región · Antioquia,XGBoost,paso,2026-09-28,30212565.93,28050088.0,,
Región · Antioquia,Naive,presupuesto,2026-10-05,,30212565.93,26761978.92006653,33663152.939933464
Región · Antioquia,Naive,presupuesto,2026-10-12,,30212565.93,26761978.92006653,33663152.939933464
Región · Antioquia,Naive,presupuesto,2026-10-19,,30212565.93,26761978.92006653,33663152.939933464
Región · Antioquia,Naive,presupuesto,2026-10-26,,30212565.93,26761978.92006653,33663152.939933464
Región · Antioquia,Naive,presupuesto,2026-11-02,,30212565.93,26761978.92006653,33663152.939933464
Región · Antioquia,Naive,presupuesto,2026-11-09,,30212565.93,26761978.92006653,33663152.939933464
Región · Antioquia,Naive,presupuesto,2026-11-16,,30212565.93,26761978.92006653,33663152.939933464
Región · Antioquia,Naive,presupuesto,2026-11-23,,30212565.93,26761978.92006653,33663152.939933464
Región · Antioquia,Ajuste comercial,presupuesto,2026-10-05,,27795560.6556,24344973.645666532,31246147.665533468
Región · Antioquia,Ajuste comercial,presupuesto,2026-10-12,,27795560.6556,24344973.645666532,31246147.665533468
Región · Antioquia,Ajuste comercial,presupuesto,2026-10-19,,27795560.6556,24344973.645666532,31246147.665533468
Región · Antioquia,Ajuste comercial,presupuesto,2026-10-26,,27795560.6556,24344973.645666532,31246147.665533468
Región · Antioquia,Ajuste comercial,presupuesto,2026-11-02,,27795560.6556,24344973.645666532,31246147.665533468
Región · Antioquia,Ajuste comercial,presupuesto,2026-11-09,,27795560.6556,24344973.645666532,31246147.665533468
Región · Antioquia,Ajuste comercial,presupuesto,2026-11-16,,27795560.6556,24344973.645666532,31246147.665533468
Región · Antioquia,Ajuste comercial,presupuesto,2026-11-23,,27795560.6556,24344973.645666532,31246147.665533468
Región · Antioquia,Promedio móvil,presupuesto,2026-10-05,,28664075.924999997,25213488.91506653,32114662.934933465
Región · Antioquia,Promedio móvil,presupuesto,2026-10-12,,28664075.924999997,25213488.91506653,32114662.934933465
Región · Antioquia,Promedio móvil,presupuesto,2026-10-19,,28664075.924999997,25213488.91506653,32114662.934933465
Región · Antioquia,Promedio móvil,presupuesto,2026-10-26,,28664075.924999997,25213488.91506653,32114662.934933465
Región · Antioquia,Promedio móvil,presupuesto,2026-11-02,,28664075.924999997,25213488.91506653,32114662.934933465
Región · Antioquia,Promedio móvil,presupuesto,2026-11-09,,28664075.924999997,25213488.91506653,32114662.934933465
Región · Antioquia,Promedio móvil,presupuesto,2026-11-16,,28664075.924999997,25213488.91506653,32114662.934933465
Región · Antioquia,Promedio móvil,presupuesto,2026-11-23,,28664075.924999997,25213488.91506653,32114662.934933465
Región · Antioquia,Suavización simple,presupuesto,2026-10-05,,29099464.09219716,25648877.082263693,32550051.10213063
Región · Antioquia,Suavización simple,presupuesto,2026-10-12,,29099464.09219716,25648877.082263693,32550051.10213063
Región · Antioquia,Suavización simple,presupuesto,2026-10-19,,29099464.09219716,25648877.082263693,32550051.10213063
Región · Antioquia,Suavización simple,presupuesto,2026-10-26,,29099464.09219716,25648877.082263693,32550051.10213063
Región · Antioquia,Suavización simple,presupuesto,2026-11-02,,29099464.09219716,25648877.082263693,32550051.10213063
Región · Antioquia,Suavización simple,presupuesto,2026-11-09,,29099464.09219716,25648877.082263693,32550051.10213063
Región · Antioquia,Suavización simple,presupuesto,2026-11-16,,29099464.09219716,25648877.082263693,32550051.10213063
Región · Antioquia,Suavización simple,presupuesto,2026-11-23,,29099464.09219716,25648877.082263693,32550051.10213063
Región · Antioquia,Holt,presupuesto,2026-10-05,,29213584.701996505,26122458.69755232,32304710.70644069
Región · Antioquia,Holt,presupuesto,2026-10-12,,29284237.80685114,26193111.802406956,32375363.811295327
Región · Antioquia,Holt,presupuesto,2026-10-19,,29354890.911705777,26263764.90726159,32446016.916149963
Región · Antioquia,Holt,presupuesto,2026-10-26,,29425544.016560413,26334418.012116227,32516670.0210046
Región · Antioquia,Holt,presupuesto,2026-11-02,,29496197.121415053,26405071.116970867,32587323.12585924
Región · Antioquia,Holt,presupuesto,2026-11-09,,29566850.22626969,26475724.221825503,32657976.230713874
Región · Antioquia,Holt,presupuesto,2026-11-16,,29637503.331124324,26546377.32668014,32728629.33556851
Región · Antioquia,Holt,presupuesto,2026-11-23,,29708156.43597896,26617030.431534775,32799282.440423146
Región · Antioquia,Holt-Winters,presupuesto,2026-10-05,,30700896.220264282,26978272.113727503,34423520.32680106
Región · Antioquia,Holt-Winters,presupuesto,2026-10-12,,25422743.97588372,21700119.86934694,29145368.082420498
Región · Antioquia,Holt-Winters,presupuesto,2026-10-19,,29125950.780139275,25403326.673602495,32848574.886676054
Región · Antioquia,Holt-Winters,presupuesto,2026-10-26,,23728501.71714982,20005877.61061304,27451125.8236866
Región · Antioquia,Holt-Winters,presupuesto,2026-11-02,,27629751.247817844,23907127.141281065,31352375.354354624
Región · Antioquia,Holt-Winters,presupuesto,2026-11-09,,32033707.42737554,28311083.32083876,35756331.533912316
Región · Antioquia,Holt-Winters,presupuesto,2026-11-16,,27815569.8627194,24092945.756182622,31538193.96925618
Región · Antioquia,Holt-Winters,presupuesto,2026-11-23,,26791832.582237955,23069208.475701176,30514456.688774735
Región · Antioquia,ARIMA,presupuesto,2026-10-05,,29256414.98615284,25805798.789443582,32707031.182862096
Región · Antioquia,ARIMA,presupuesto,2026-10-12,,29249566.822200753,25798950.625491496,32700183.01891001
Región · Antioquia,ARIMA,presupuesto,2026-10-19,,29249517.77414007,25798901.577430815,32700133.970849328
Región · Antioquia,ARIMA,presupuesto,2026-10-26,,29249517.422847044,25798901.226137787,32700133.6195563
Región · Antioquia,ARIMA,presupuesto,2026-11-02,,29249517.420331005,25798901.22362175,32700133.61704026
Región · Antioquia,ARIMA,presupuesto,2026-11-09,,29249517.420312986,25798901.22360373,32700133.617022242
Región · Antioquia,ARIMA,presupuesto,2026-11-16,,29249517.420312855,25798901.2236036,32700133.617022112
Región · Antioquia,ARIMA,presupuesto,2026-11-23,,29249517.420312855,25798901.2236036,32700133.617022112
Región · Antioquia,Random Forest,presupuesto,2026-10-05,,30159600.143150896,27325033.08080502,32994167.205496773
Región · Antioquia,Random Forest,presupuesto,2026-10-12,,31616092.80751097,28781525.745165095,34450659.86985684
Región · Antioquia,Random Forest,presupuesto,2026-10-19,,32936351.048060983,30101783.985715106,35770918.11040686
Región · Antioquia,Random Forest,presupuesto,2026-10-26,,33692040.73753512,30857473.67518924,36526607.799881
Región · Antioquia,Random Forest,presupuesto,2026-11-02,,37511578.05595586,34677010.99360998,40346145.118301734
Región · Antioquia,Random Forest,presupuesto,2026-11-09,,37324678.69314224,34490111.630796365,40159245.75548812
Región · Antioquia,Random Forest,presupuesto,2026-11-16,,37999441.66541601,35164874.60307013,40834008.72776189
Región · Antioquia,Random Forest,presupuesto,2026-11-23,,40844489.58278096,38009922.52043508,43679056.645126835
Región · Antioquia,XGBoost,presupuesto,2026-10-05,,27721374.0,25011873.90588879,30430874.09411121
Región · Antioquia,XGBoost,presupuesto,2026-10-12,,28941234.0,26231733.90588879,31650734.09411121
Región · Antioquia,XGBoost,presupuesto,2026-10-19,,30180154.0,27470653.90588879,32889654.09411121
Región · Antioquia,XGBoost,presupuesto,2026-10-26,,30087082.0,27377581.90588879,32796582.09411121
Región · Antioquia,XGBoost,presupuesto,2026-11-02,,33754040.0,31044539.90588879,36463540.09411121
Región · Antioquia,XGBoost,presupuesto,2026-11-09,,34555944.0,31846443.90588879,37265444.09411121
Región · Antioquia,XGBoost,presupuesto,2026-11-16,,37493412.0,34783911.90588879,40202912.09411121
Región · Antioquia,XGBoost,presupuesto,2026-11-23,,38380580.0,35671079.90588879,41090080.09411121
Región · Bogotá,Naive,horizonte,2026-08-10,46384223.36,54906015.77,,
Región · Bogotá,Naive,horizonte,2026-08-17,47998907.199999996,54906015.77,,
Región · Bogotá,Naive,horizonte,2026-08-24,46637761.85,54906015.77,,
Región · Bogotá,Naive,horizonte,2026-08-31,45460742.39,54906015.77,,
Región · Bogotá,Naive,horizonte,2026-09-07,54210140.449999996,54906015.77,,
Región · Bogotá,Naive,horizonte,2026-09-14,56062326.7,54906015.77,,
Región · Bogotá,Naive,horizonte,2026-09-21,47537208.94,54906015.77,,
Región · Bogotá,Naive,horizonte,2026-09-28,47909942.03,54906015.77,,
Región · Bogotá,Ajuste comercial,horizonte,2026-08-10,46384223.36,50513534.50840001,,
Región · Bogotá,Ajuste comercial,horizonte,2026-08-17,47998907.199999996,50513534.50840001,,
Región · Bogotá,Ajuste comercial,horizonte,2026-08-24,46637761.85,50513534.50840001,,
Región · Bogotá,Ajuste comercial,horizonte,2026-08-31,45460742.39,50513534.50840001,,
Región · Bogotá,Ajuste comercial,horizonte,2026-09-07,54210140.449999996,50513534.50840001,,
Región · Bogotá,Ajuste comercial,horizonte,2026-09-14,56062326.7,50513534.50840001,,
Región · Bogotá,Ajuste comercial,horizonte,2026-09-21,47537208.94,50513534.50840001,,
Región · Bogotá,Ajuste comercial,horizonte,2026-09-28,47909942.03,50513534.50840001,,
Región · Bogotá,Promedio móvil,horizonte,2026-08-10,46384223.36,55515609.3975,,
Región · Bogotá,Promedio móvil,horizonte,2026-08-17,47998907.199999996,55515609.3975,,
Región · Bogotá,Promedio móvil,horizonte,2026-08-24,46637761.85,55515609.3975,,
Región · Bogotá,Promedio móvil,horizonte,2026-08-31,45460742.39,55515609.3975,,
Región · Bogotá,Promedio móvil,horizonte,2026-09-07,54210140.449999996,55515609.3975,,
Región · Bogotá,Promedio móvil,horizonte,2026-09-14,56062326.7,55515609.3975,,
Región · Bogotá,Promedio móvil,horizonte,2026-09-21,47537208.94,55515609.3975,,
Región · Bogotá,Promedio móvil,horizonte,2026-09-28,47909942.03,55515609.3975,,
Región · Bogotá,Suavización simple,horizonte,2026-08-10,46384223.36,54632874.54419809,,
Región · Bogotá,Suavización simple,horizonte,2026-08-17,47998907.199999996,54632874.54419809,,
Región · Bogotá,Suavización simple,horizonte,2026-08-24,46637761.85,54632874.54419809,,
Región · Bogotá,Suavización simple,horizonte,2026-08-31,45460742.39,54632874.54419809,,
Región · Bogotá,Suavización simple,horizonte,2026-09-07,54210140.449999996,54632874.54419809,,
Región · Bogotá,Suavización simple,horizonte,2026-09-14,56062326.7,54632874.54419809,,
Región · Bogotá,Suavización simple,horizonte,2026-09-21,47537208.94,54632874.54419809,,
Región · Bogotá,Suavización simple,horizonte,2026-09-28,47909942.03,54632874.54419809,,
Región · Bogotá,Holt,horizonte,2026-08-10,46384223.36,54922353.98406685,,
Región · Bogotá,Holt,horizonte,2026-08-17,47998907.199999996,55158410.08372717,,
Región · Bogotá,Holt,horizonte,2026-08-24,46637761.85,55394466.183387496,,
Región · Bogotá,Holt,horizonte,2026-08-31,45460742.39,55630522.28304781,,
Región · Bogotá,Holt,horizonte,2026-09-07,54210140.449999996,55866578.38270813,,
Región · Bogotá,Holt,horizonte,2026-09-14,56062326.7,56102634.482368454,,
Región · Bogotá,Holt,horizonte,2026-09-21,47537208.94,56338690.58202878,,
Región · Bogotá,Holt,horizonte,2026-09-28,47909942.03,56574746.6816891,,
Región · Bogotá,Holt-Winters,horizonte,2026-08-10,46384223.36,63249718.23883318,,
Región · Bogotá,Holt-Winters,horizonte,2026-08-17,47998907.199999996,58226951.743210025,,
Región · Bogotá,Holt-Winters,horizonte,2026-08-24,46637761.85,64888673.35992711,,
Región · Bogotá,Holt-Winters,horizonte,2026-08-31,45460742.39,56730643.15081647,,
Región · Bogotá,Holt-Winters,horizonte,2026-09-07,54210140.449999996,50537239.2235062,,
Región · Bogotá,Holt-Winters,horizonte,2026-09-14,56062326.7,64355383.33375046,,
Región · Bogotá,Holt-Winters,horizonte,2026-09-21,47537208.94,63978260.72031261,,
Región · Bogotá,Holt-Winters,horizonte,2026-09-28,47909942.03,67519677.18610115,,
Región · Bogotá,ARIMA,horizonte,2026-08-10,46384223.36,54115143.42969861,,
Región · Bogotá,ARIMA,horizonte,2026-08-17,47998907.199999996,54542264.4681584,,
Región · Bogotá,ARIMA,horizonte,2026-08-24,46637761.85,54311592.11789584,,
Región · Bogotá,ARIMA,horizonte,2026-08-31,45460742.39,54436169.76306997,,
Región · Bogotá,ARIMA,horizonte,2026-09-07,54210140.449999996,54368889.96269742,,
Región · Bogotá,ARIMA,horizonte,2026-09-14,56062326.7,54405225.30626442,,
Región · Bogotá,ARIMA,horizonte,2026-09-21,47537208.94,54385601.92473205,,
Región · Bogotá,ARIMA,horizonte,2026-09-28,47909942.03,54396199.790747955,,
Región · Bogotá,Random Forest,horizonte,2026-08-10,46384223.36,55981763.262682326,,
Región · Bogotá,Random Forest,horizonte,2026-08-17,47998907.199999996,57429073.303107135,,
Región · Bogotá,Random Forest,horizonte,2026-08-24,46637761.85,55493737.94045649,,
Región · Bogotá,Random Forest,horizonte,2026-08-31,45460742.39,57250192.91451589,,
Región · Bogotá,Random Forest,horizonte,2026-09-07,54210140.449999996,58867968.05039468,,
Región · Bogotá,Random Forest,horizonte,2026-09-14,56062326.7,58390558.93636207,,
Región · Bogotá,Random Forest,horizonte,2026-09-21,47537208.94,59166974.33393455,,
Región · Bogotá,Random Forest,horizonte,2026-09-28,47909942.03,60814643.44812332,,
Región · Bogotá,XGBoost,horizonte,2026-08-10,46384223.36,55812228.0,,
Región · Bogotá,XGBoost,horizonte,2026-08-17,47998907.199999996,57151932.0,,
Región · Bogotá,XGBoost,horizonte,2026-08-24,46637761.85,57426696.0,,
Región · Bogotá,XGBoost,horizonte,2026-08-31,45460742.39,60142224.0,,
Región · Bogotá,XGBoost,horizonte,2026-09-07,54210140.449999996,60955504.0,,
Región · Bogotá,XGBoost,horizonte,2026-09-14,56062326.7,61677040.0,,
Región · Bogotá,XGBoost,horizonte,2026-09-21,47537208.94,64394956.0,,
Región · Bogotá,XGBoost,horizonte,2026-09-28,47909942.03,61963860.0,,
Región · Bogotá,Naive,paso,2026-08-10,46384223.36,54906015.77,,
Región · Bogotá,Naive,paso,2026-08-17,47998907.199999996,46384223.36,,
Región · Bogotá,Naive,paso,2026-08-24,46637761.85,47998907.199999996,,
Región · Bogotá,Naive,paso,2026-08-31,45460742.39,46637761.85,,
Región · Bogotá,Naive,paso,2026-09-07,54210140.449999996,45460742.39,,
Región · Bogotá,Naive,paso,2026-09-14,56062326.7,54210140.449999996,,
Región · Bogotá,Naive,paso,2026-09-21,47537208.94,56062326.7,,
Región · Bogotá,Naive,paso,2026-09-28,47909942.03,47537208.94,,
Región · Bogotá,Ajuste comercial,paso,2026-08-10,46384223.36,50513534.50840001,,
Región · Bogotá,Ajuste comercial,paso,2026-08-17,47998907.199999996,42673485.4912,,
Región · Bogotá,Ajuste comercial,paso,2026-08-24,46637761.85,44158994.624,,
Región · Bogotá,Ajuste comercial,paso,2026-08-31,45460742.39,42906740.902,,
Región · Bogotá,Ajuste comercial,paso,2026-09-07,54210140.449999996,41823882.9988,,
Región · Bogotá,Ajuste comercial,paso,2026-09-14,56062326.7,49873329.214,,
Región · Bogotá,Ajuste comercial,paso,2026-09-21,47537208.94,51577340.564,,
Región · Bogotá,Ajuste comercial,paso,2026-09-28,47909942.03,43734232.2248,,
Región · Bogotá,Promedio móvil,paso,2026-08-10,46384223.36,55515609.3975,,
Región · Bogotá,Promedio móvil,paso,2026-08-17,47998907.199999996,53071427.875,,
Región · Bogotá,Promedio móvil,paso,2026-08-24,46637761.85,50399350.4675,,
Región · Bogotá,Promedio móvil,paso,2026-08-31,45460742.39,48981727.044999994,,
Región · Bogotá,Promedio móvil,paso,2026-09-07,54210140.449999996,46620408.7,,
Región · Bogotá,Promedio móvil,paso,2026-09-14,56062326.7,48576887.9725,,
Región · Bogotá,Promedio móvil,paso,2026-09-21,47537208.94,50592742.8475,,
Región · Bogotá,Promedio móvil,paso,2026-09-28,47909942.03,50817604.620000005,,
Región · Bogotá,Suavización simple,paso,2026-08-10,46384223.36,54632874.54419809,,
Región · Bogotá,Suavización simple,paso,2026-08-17,47998907.199999996,47894028.49127294,,
Región · Bogotá,Suavización simple,paso,2026-08-24,46637761.85,47979834.51402633,,
Región · Bogotá,Suavización simple,paso,2026-08-31,45460742.39,46883224.360551625,,
Región · Bogotá,Suavización simple,paso,2026-09-07,54210140.449999996,45720560.24553961,,
Región · Bogotá,Suavización simple,paso,2026-09-14,56062326.7,52646722.22267991,,
Región · Bogotá,Suavización simple,paso,2026-09-21,47537208.94,55447280.981862895,,
Región · Bogotá,Suavización simple,paso,2026-09-28,47909942.03,48999737.629629545,,
Región · Bogotá,Holt,paso,2026-08-10,46384223.36,54922353.98406685,,
Región · Bogotá,Holt,paso,2026-08-17,47998907.199999996,47944500.31893171,,
Región · Bogotá,Holt,paso,2026-08-24,46637761.85,48067156.30945274,,
Región · Bogotá,Holt,paso,2026-08-31,45460742.39,46935219.203803204,,
Región · Bogotá,Holt,paso,2026-09-07,54210140.449999996,45736653.34661899,,
Región · Bogotá,Holt,paso,2026-09-14,56062326.7,52919944.54634521,,
Región · Bogotá,Holt,paso,2026-09-21,47537208.94,55768354.99718287,,
Región · Bogotá,Holt,paso,2026-09-28,47909942.03,49079829.781097695,,
Región · Bogotá,Holt-Winters,paso,2026-08-10,46384223.36,63249718.23883318,,
Región · Bogotá,Holt-Winters,paso,2026-08-17,47998907.199999996,51892607.642624564,,
Región · Bogotá,Holt-Winters,paso,2026-08-24,46637761.85,56763168.837487705,,
Región · Bogotá,Holt-Winters,paso,2026-08-31,45460742.39,42955611.76006453,,
Región · Bogotá,Holt-Winters,paso,2026-09-07,54210140.449999996,39128278.52654018,,
Región · Bogotá,Holt-Winters,paso,2026-09-14,56062326.7,57095546.17784177,,
Región · Bogotá,Holt-Winters,paso,2026-09-21,47537208.94,56807263.494876236,,
Región · Bogotá,Holt-Winters,paso,2026-09-28,47909942.03,56380879.36106378,,
Región · Bogotá,ARIMA,paso,2026-08-10,46384223.36,54115143.42969861,,
Región · Bogotá,ARIMA,paso,2026-08-17,47998907.199999996,48029180.34218843,,
Región · Bogotá,ARIMA,paso,2026-08-24,46637761.85,47110098.70446045,,
Región · Bogotá,ARIMA,paso,2026-08-31,45460742.39,47195997.378399484,,
Región · Bogotá,ARIMA,paso,2026-09-07,54210140.449999996,45431568.51958027,,
Región · Bogotá,ARIMA,paso,2026-09-14,56062326.7,52837408.24200372,,
Región · Bogotá,ARIMA,paso,2026-09-21,47537208.94,56287360.25764941,,
Región · Bogotá,ARIMA,paso,2026-09-28,47909942.03,48784747.92361332,,
Región · Bogotá,Random Forest,paso,2026-08-10,46384223.36,55981763.262682326,,
Región · Bogotá,Random Forest,paso,2026-08-17,47998907.199999996,54313098.9865755,,
Región · Bogotá,Random Forest,paso,2026-08-24,46637761.85,53370416.573925994,,
Región · Bogotá,Random Forest,paso,2026-08-31,45460742.39,52207305.068924196,,
Región · Bogotá,Random Forest,paso,2026-09-07,54210140.449999996,50279181.921552986,,
Región · Bogotá,Random Forest,paso,2026-09-14,56062326.7,54200269.99648968,,
Región · Bogotá,Random Forest,paso,2026-09-21,47537208.94,58764992.475656494,,
Región · Bogotá,Random Forest,paso,2026-09-28,47909942.03,54434534.81082404,,
Región · Bogotá,XGBoost,paso,2026-08-10,46384223.36,55812228.0,,
Región · Bogotá,XGBoost,paso,2026-08-17,47998907.199999996,55076216.0,,
Región · Bogotá,XGBoost,paso,2026-08-24,46637761.85,52216632.0,,
Región · Bogotá,XGBoost,paso,2026-08-31,45460742.39,53720164.0,,
Región · Bogotá,XGBoost,paso,2026-09-07,54210140.449999996,54379148.0,,
Región · Bogotá,XGBoost,paso,2026-09-14,56062326.7,58633056.0,,
Región · Bogotá,XGBoost,paso,2026-09-21,47537208.94,62908300.0,,
Región · Bogotá,XGBoost,paso,2026-09-28,47909942.03,54694284.0,,
Región · Bogotá,Naive,presupuesto,2026-10-05,,47909942.03,43244172.35672751,52575711.70327249
Región · Bogotá,Naive,presupuesto,2026-10-12,,47909942.03,43244172.35672751,52575711.70327249
Región · Bogotá,Naive,presupuesto,2026-10-19,,47909942.03,43244172.35672751,52575711.70327249
Región · Bogotá,Naive,presupuesto,2026-10-26,,47909942.03,43244172.35672751,52575711.70327249
Región · Bogotá,Naive,presupuesto,2026-11-02,,47909942.03,43244172.35672751,52575711.70327249
Región · Bogotá,Naive,presupuesto,2026-11-09,,47909942.03,43244172.35672751,52575711.70327249
Región · Bogotá,Naive,presupuesto,2026-11-16,,47909942.03,43244172.35672751,52575711.70327249
Región · Bogotá,Naive,presupuesto,2026-11-23,,47909942.03,43244172.35672751,52575711.70327249
Región · Bogotá,Ajuste comercial,presupuesto,2026-10-05,,44077146.667600006,39411376.994327515,48742916.3408725
Región · Bogotá,Ajuste comercial,presupuesto,2026-10-12,,44077146.667600006,39411376.994327515,48742916.3408725
Región · Bogotá,Ajuste comercial,presupuesto,2026-10-19,,44077146.667600006,39411376.994327515,48742916.3408725
Región · Bogotá,Ajuste comercial,presupuesto,2026-10-26,,44077146.667600006,39411376.994327515,48742916.3408725
Región · Bogotá,Ajuste comercial,presupuesto,2026-11-02,,44077146.667600006,39411376.994327515,48742916.3408725
Región · Bogotá,Ajuste comercial,presupuesto,2026-11-09,,44077146.667600006,39411376.994327515,48742916.3408725
Región · Bogotá,Ajuste comercial,presupuesto,2026-11-16,,44077146.667600006,39411376.994327515,48742916.3408725
Región · Bogotá,Ajuste comercial,presupuesto,2026-11-23,,44077146.667600006,39411376.994327515,48742916.3408725
Región · Bogotá,Promedio móvil,presupuesto,2026-10-05,,51429904.53,46764134.85672751,56095674.20327249
Región · Bogotá,Promedio móvil,presupuesto,2026-10-12,,51429904.53,46764134.85672751,56095674.20327249
Región · Bogotá,Promedio móvil,presupuesto,2026-10-19,,51429904.53,46764134.85672751,56095674.20327249
Región · Bogotá,Promedio móvil,presupuesto,2026-10-26,,51429904.53,46764134.85672751,56095674.20327249
Región · Bogotá,Promedio móvil,presupuesto,2026-11-02,,51429904.53,46764134.85672751,56095674.20327249
Región · Bogotá,Promedio móvil,presupuesto,2026-11-09,,51429904.53,46764134.85672751,56095674.20327249
Región · Bogotá,Promedio móvil,presupuesto,2026-11-16,,51429904.53,46764134.85672751,56095674.20327249
Región · Bogotá,Promedio móvil,presupuesto,2026-11-23,,51429904.53,46764134.85672751,56095674.20327249
Región · Bogotá,Suavización simple,presupuesto,2026-10-05,,48110061.59405713,43444291.92078464,52775831.26732962
Región · Bogotá,Suavización simple,presupuesto,2026-10-12,,48110061.59405713,43444291.92078464,52775831.26732962
Región · Bogotá,Suavización simple,presupuesto,2026-10-19,,48110061.59405713,43444291.92078464,52775831.26732962
Región · Bogotá,Suavización simple,presupuesto,2026-10-26,,48110061.59405713,43444291.92078464,52775831.26732962
Región · Bogotá,Suavización simple,presupuesto,2026-11-02,,48110061.59405713,43444291.92078464,52775831.26732962
Región · Bogotá,Suavización simple,presupuesto,2026-11-09,,48110061.59405713,43444291.92078464,52775831.26732962
Región · Bogotá,Suavización simple,presupuesto,2026-11-16,,48110061.59405713,43444291.92078464,52775831.26732962
Región · Bogotá,Suavización simple,presupuesto,2026-11-23,,48110061.59405713,43444291.92078464,52775831.26732962
Región · Bogotá,Holt,presupuesto,2026-10-05,,48191831.48775678,43713646.81885371,52670016.15665985
Región · Bogotá,Holt,presupuesto,2026-10-12,,48269293.011548094,43791108.34264503,52747477.68045116
Región · Bogotá,Holt,presupuesto,2026-10-19,,48346754.535339415,43868569.86643635,52824939.20424248
Región · Bogotá,Holt,presupuesto,2026-10-26,,48424216.059130736,43946031.39022767,52902400.7280338
Región · Bogotá,Holt,presupuesto,2026-11-02,,48501677.58292205,44023492.91401898,52979862.25182512
Región · Bogotá,Holt,presupuesto,2026-11-09,,48579139.10671337,44100954.4378103,53057323.77561644
Región · Bogotá,Holt,presupuesto,2026-11-16,,48656600.63050468,44178415.961601615,53134785.29940775
Región · Bogotá,Holt,presupuesto,2026-11-23,,48734062.154296,44255877.485392936,53212246.82319907
Región · Bogotá,Holt-Winters,presupuesto,2026-10-05,,43550503.57050064,34463116.767489724,52637890.37351156
Región · Bogotá,Holt-Winters,presupuesto,2026-10-12,,47799322.51245091,38711935.70943999,56886709.31546183
Región · Bogotá,Holt-Winters,presupuesto,2026-10-19,,44955653.214873016,35868266.4118621,54043040.017883934
Región · Bogotá,Holt-Winters,presupuesto,2026-10-26,,47207640.134481154,38120253.331470236,56295026.93749207
Región · Bogotá,Holt-Winters,presupuesto,2026-11-02,,60272785.64262409,51185398.83961317,69360172.445635
Región · Bogotá,Holt-Winters,presupuesto,2026-11-09,,49566014.17910361,40478627.376092695,58653400.98211453
Región · Bogotá,Holt-Winters,presupuesto,2026-11-16,,43720975.763163544,34633588.960152626,52808362.56617446
Región · Bogotá,Holt-Winters,presupuesto,2026-11-23,,48304493.05326028,39217106.25024936,57391879.8562712
Región · Bogotá,ARIMA,presupuesto,2026-10-05,,47390754.026675545,42748626.937210865,52032881.116140224
Región · Bogotá,ARIMA,presupuesto,2026-10-12,,47664175.63376417,43022048.54429949,52306302.72322885
Región · Bogotá,ARIMA,presupuesto,2026-10-19,,47520182.754991494,42878055.665526815,52162309.84445617
Región · Bogotá,ARIMA,presupuesto,2026-10-26,,47596014.17650209,42953887.087037414,52238141.26596677
Región · Bogotá,ARIMA,presupuesto,2026-11-02,,47556078.83707884,42913951.74761416,52198205.92654352
Región · Bogotá,ARIMA,presupuesto,2026-11-09,,47577110.11017224,42934983.02070756,52219237.19963692
Región · Bogotá,ARIMA,presupuesto,2026-11-16,,47566034.34483965,42923907.25537497,52208161.43430433
Región · Bogotá,ARIMA,presupuesto,2026-11-23,,47571867.2098858,42929740.12042112,52213994.29935048
Región · Bogotá,Random Forest,presupuesto,2026-10-05,,51801250.7944775,47418491.11739653,56184010.47155847
Región · Bogotá,Random Forest,presupuesto,2026-10-12,,53644215.92759878,49261456.250517815,58026975.60467975
Región · Bogotá,Random Forest,presupuesto,2026-10-19,,54270811.05375431,49888051.37667334,58653570.730835274
Región · Bogotá,Random Forest,presupuesto,2026-10-26,,54242024.863519676,49859265.18643871,58624784.54060064
Región · Bogotá,Random Forest,presupuesto,2026-11-02,,54091382.155006684,49708622.47792572,58474141.83208765
Región · Bogotá,Random Forest,presupuesto,2026-11-09,,54928831.353311256,50546071.67623029,59311591.03039222
Región · Bogotá,Random Forest,presupuesto,2026-11-16,,54469618.433538,50086858.75645703,58852378.110618964
Región · Bogotá,Random Forest,presupuesto,2026-11-23,,54687198.25340529,50304438.57632432,59069957.930486254
Región · Bogotá,XGBoost,presupuesto,2026-10-05,,55535548.0,50785602.203517176,60285493.796482824
Región · Bogotá,XGBoost,presupuesto,2026-10-12,,56628796.0,51878850.203517176,61378741.796482824
Región · Bogotá,XGBoost,presupuesto,2026-10-19,,56160604.0,51410658.203517176,60910549.796482824
Región · Bogotá,XGBoost,presupuesto,2026-10-26,,57184728.0,52434782.203517176,61934673.796482824
Región · Bogotá,XGBoost,presupuesto,2026-11-02,,62547692.0,57797746.203517176,67297637.79648282
Región · Bogotá,XGBoost,presupuesto,2026-11-09,,64055764.0,59305818.203517176,68805709.79648282
Región · Bogotá,XGBoost,presupuesto,2026-11-16,,66242848.0,61492902.203517176,70992793.79648282
Región · Bogotá,XGBoost,presupuesto,2026-11-23,,74734072.0,69984126.20351718,79484017.79648282
Región · Caribe,Naive,horizonte,2026-08-10,16698388.23,23145958.240000002,,
Región · Caribe,Naive,horizonte,2026-08-17,13106791.86,23145958.240000002,,
Región · Caribe,Naive,horizonte,2026-08-24,15694068.97,23145958.240000002,,
Región · Caribe,Naive,horizonte,2026-08-31,16262955.440000001,23145958.240000002,,
Región · Caribe,Naive,horizonte,2026-09-07,17126418.55,23145958.240000002,,
Región · Caribe,Naive,horizonte,2026-09-14,19218185.27,23145958.240000002,,
Región · Caribe,Naive,horizonte,2026-09-21,21075956.47,23145958.240000002,,
Región · Caribe,Naive,horizonte,2026-09-28,17359190.03,23145958.240000002,,
Región · Caribe,Ajuste comercial,horizonte,2026-08-10,16698388.23,21294281.580800004,,
Región · Caribe,Ajuste comercial,horizonte,2026-08-17,13106791.86,21294281.580800004,,
Región · Caribe,Ajuste comercial,horizonte,2026-08-24,15694068.97,21294281.580800004,,
Región · Caribe,Ajuste comercial,horizonte,2026-08-31,16262955.440000001,21294281.580800004,,
Región · Caribe,Ajuste comercial,horizonte,2026-09-07,17126418.55,21294281.580800004,,
Región · Caribe,Ajuste comercial,horizonte,2026-09-14,19218185.27,21294281.580800004,,
Región · Caribe,Ajuste comercial,horizonte,2026-09-21,21075956.47,21294281.580800004,,
Región · Caribe,Ajuste comercial,horizonte,2026-09-28,17359190.03,21294281.580800004,,
Región · Caribe,Promedio móvil,horizonte,2026-08-10,16698388.23,19761157.095,,
Región · Caribe,Promedio móvil,horizonte,2026-08-17,13106791.86,19761157.095,,
Región · Caribe,Promedio móvil,horizonte,2026-08-24,15694068.97,19761157.095,,
Región · Caribe,Promedio móvil,horizonte,2026-08-31,16262955.440000001,19761157.095,,
Región · Caribe,Promedio móvil,horizonte,2026-09-07,17126418.55,19761157.095,,
Región · Caribe,Promedio móvil,horizonte,2026-09-14,19218185.27,19761157.095,,
Región · Caribe,Promedio móvil,horizonte,2026-09-21,21075956.47,19761157.095,,
Región · Caribe,Promedio móvil,horizonte,2026-09-28,17359190.03,19761157.095,,
Región · Caribe,Suavización simple,horizonte,2026-08-10,16698388.23,21374214.17393989,,
Región · Caribe,Suavización simple,horizonte,2026-08-17,13106791.86,21374214.17393989,,
Región · Caribe,Suavización simple,horizonte,2026-08-24,15694068.97,21374214.17393989,,
Región · Caribe,Suavización simple,horizonte,2026-08-31,16262955.440000001,21374214.17393989,,
Región · Caribe,Suavización simple,horizonte,2026-09-07,17126418.55,21374214.17393989,,
Región · Caribe,Suavización simple,horizonte,2026-09-14,19218185.27,21374214.17393989,,
Región · Caribe,Suavización simple,horizonte,2026-09-21,21075956.47,21374214.17393989,,
Región · Caribe,Suavización simple,horizonte,2026-09-28,17359190.03,21374214.17393989,,
Región · Caribe,Holt,horizonte,2026-08-10,16698388.23,21206778.60067849,,
Región · Caribe,Holt,horizonte,2026-08-17,13106791.86,21101758.798210412,,
Región · Caribe,Holt,horizonte,2026-08-24,15694068.97,20996738.995742332,,
Región · Caribe,Holt,horizonte,2026-08-31,16262955.440000001,20891719.193274256,,
Región · Caribe,Holt,horizonte,2026-09-07,17126418.55,20786699.39080618,,
Región · Caribe,Holt,horizonte,2026-09-14,19218185.27,20681679.5883381,,
Región · Caribe,Holt,horizonte,2026-09-21,21075956.47,20576659.785870023,,
Región · Caribe,Holt,horizonte,2026-09-28,17359190.03,20471639.983401947,,
Región · Caribe,Holt-Winters,horizonte,2026-08-10,16698388.23,22092226.919675224,,
Región · Caribe,Holt-Winters,horizonte,2026-08-17,13106791.86,22018726.36835253,,
Región · Caribe,Holt-Winters,horizonte,2026-08-24,15694068.97,17736563.866871532,,
Región · Caribe,Holt-Winters,horizonte,2026-08-31,16262955.440000001,22860296.114606254,,
Región · Caribe,Holt-Winters,horizonte,2026-09-07,17126418.55,23725265.481447525,,
Región · Caribe,Holt-Winters,horizonte,2026-09-14,19218185.27,23564909.711302295,,
Región · Caribe,Holt-Winters,horizonte,2026-09-21,21075956.47,25047199.69438279,,
Región · Caribe,Holt-Winters,horizonte,2026-09-28,17359190.03,27020472.72879213,,
Región · Caribe,ARIMA,horizonte,2026-08-10,16698388.23,21619549.15207865,,
Región · Caribe,ARIMA,horizonte,2026-08-17,13106791.86,21555784.053361293,,
Región · Caribe,ARIMA,horizonte,2026-08-24,15694068.97,21553120.29313698,,
Región · Caribe,ARIMA,horizonte,2026-08-31,16262955.440000001,21553009.015672106,,
Región · Caribe,ARIMA,horizonte,2026-09-07,17126418.55,21553004.367102735,,
Región · Caribe,ARIMA,horizonte,2026-09-14,19218185.27,21553004.1729107,,
Región · Caribe,ARIMA,horizonte,2026-09-21,21075956.47,21553004.164798412,,
Región · Caribe,ARIMA,horizonte,2026-09-28,17359190.03,21553004.164459527,,
Región · Caribe,Random Forest,horizonte,2026-08-10,16698388.23,21473773.63851191,,
Región · Caribe,Random Forest,horizonte,2026-08-17,13106791.86,21888604.07990194,,
Región · Caribe,Random Forest,horizonte,2026-08-24,15694068.97,23835543.919857092,,
Región · Caribe,Random Forest,horizonte,2026-08-31,16262955.440000001,26309157.206015065,,
Región · Caribe,Random Forest,horizonte,2026-09-07,17126418.55,27061299.478553236,,
Región · Caribe,Random Forest,horizonte,2026-09-14,19218185.27,26943170.982256044,,
Región · Caribe,Random Forest,horizonte,2026-09-21,21075956.47,28186858.448233653,,
Región · Caribe,Random Forest,horizonte,2026-09-28,17359190.03,28686207.348069567,,
Región · Caribe,XGBoost,horizonte,2026-08-10,16698388.23,22266934.0,,
Región · Caribe,XGBoost,horizonte,2026-08-17,13106791.86,22324088.0,,
Región · Caribe,XGBoost,horizonte,2026-08-24,15694068.97,23153882.0,,
Región · Caribe,XGBoost,horizonte,2026-08-31,16262955.440000001,24904362.0,,
Región · Caribe,XGBoost,horizonte,2026-09-07,17126418.55,28782454.0,,
Región · Caribe,XGBoost,horizonte,2026-09-14,19218185.27,28269746.0,,
Región · Caribe,XGBoost,horizonte,2026-09-21,21075956.47,29475608.0,,
Región · Caribe,XGBoost,horizonte,2026-09-28,17359190.03,27814864.0,,
Región · Caribe,Naive,paso,2026-08-10,16698388.23,23145958.240000002,,
Región · Caribe,Naive,paso,2026-08-17,13106791.86,16698388.23,,
Región · Caribe,Naive,paso,2026-08-24,15694068.97,13106791.86,,
Región · Caribe,Naive,paso,2026-08-31,16262955.440000001,15694068.97,,
Región · Caribe,Naive,paso,2026-09-07,17126418.55,16262955.440000001,,
Región · Caribe,Naive,paso,2026-09-14,19218185.27,17126418.55,,
Región · Caribe,Naive,paso,2026-09-21,21075956.47,19218185.27,,
Región · Caribe,Naive,paso,2026-09-28,17359190.03,21075956.47,,
Región · Caribe,Ajuste comercial,paso,2026-08-10,16698388.23,21294281.580800004,,
Región · Caribe,Ajuste comercial,paso,2026-08-17,13106791.86,15362517.171600001,,
Región · Caribe,Ajuste comercial,paso,2026-08-24,15694068.97,12058248.5112,,
Región · Caribe,Ajuste comercial,paso,2026-08-31,16262955.440000001,14438543.4524,,
Región · Caribe,Ajuste comercial,paso,2026-09-07,17126418.55,14961919.004800001,,
Región · Caribe,Ajuste comercial,paso,2026-09-14,19218185.27,15756305.066000002,,
Región · Caribe,Ajuste comercial,paso,2026-09-21,21075956.47,17680730.448400002,,
Región · Caribe,Ajuste comercial,paso,2026-09-28,17359190.03,19389879.9524,,
Región · Caribe,Promedio móvil,paso,2026-08-10,16698388.23,19761157.095,,
Región · Caribe,Promedio móvil,paso,2026-08-17,13106791.86,18901602.96,,
Región · Caribe,Promedio móvil,paso,2026-08-24,15694068.97,17837887.1,,
Región · Caribe,Promedio móvil,paso,2026-08-31,16262955.440000001,17161301.825,,
Región · Caribe,Promedio móvil,paso,2026-09-07,17126418.55,15440551.125,,
Región · Caribe,Promedio móvil,paso,2026-09-14,19218185.27,15547558.704999998,,
Región · Caribe,Promedio móvil,paso,2026-09-21,21075956.47,17075407.0575,,
Región · Caribe,Promedio móvil,paso,2026-09-28,17359190.03,18420878.9325,,
Región · Caribe,Suavización simple,paso,2026-08-10,16698388.23,21374214.17393989,,
Región · Caribe,Suavización simple,paso,2026-08-17,13106791.86,18594740.350704577,,
Región · Caribe,Suavización simple,paso,2026-08-24,15694068.97,15282618.69791656,,
Región · Caribe,Suavización simple,paso,2026-08-31,16262955.440000001,15532858.765536875,,
Región · Caribe,Suavización simple,paso,2026-09-07,17126418.55,15971204.70401517,,
Región · Caribe,Suavización simple,paso,2026-09-14,19218185.27,16663590.731243066,,
Región · Caribe,Suavización simple,paso,2026-09-21,21075956.47,18198180.380791336,,
Región · Caribe,Suavización simple,paso,2026-09-28,17359190.03,19941324.411268186,,
Región · Caribe,Holt,paso,2026-08-10,16698388.23,21206778.60067849,,
Región · Caribe,Holt,paso,2026-08-17,13106791.86,18410361.50207221,,
Región · Caribe,Holt,paso,2026-08-24,15694068.97,15156309.050776888,,
Región · Caribe,Holt,paso,2026-08-31,16262955.440000001,15371628.120272994,,
Región · Caribe,Holt,paso,2026-09-07,17126418.55,15797120.21523499,,
Región · Caribe,Holt,paso,2026-09-14,19218185.27,16482971.22600632,,
Región · Caribe,Holt,paso,2026-09-21,21075956.47,18004500.408125307,,
Región · Caribe,Holt,paso,2026-09-28,17359190.03,19775781.249261335,,
Región · Caribe,Holt-Winters,paso,2026-08-10,16698388.23,22092226.919675224,,
Región · Caribe,Holt-Winters,paso,2026-08-17,13106791.86,20263827.811139237,,
Región · Caribe,Holt-Winters,paso,2026-08-24,15694068.97,13128533.407803882,,
Región · Caribe,Holt-Winters,paso,2026-08-31,16262955.440000001,19351996.00795454,,
Región · Caribe,Holt-Winters,paso,2026-09-07,17126418.55,19138456.63236616,,
Región · Caribe,Holt-Winters,paso,2026-09-14,19218185.27,18406165.798585948,,
Región · Caribe,Holt-Winters,paso,2026-09-21,21075956.47,20129578.743267402,,
Región · Caribe,Holt-Winters,paso,2026-09-28,17359190.03,22442582.606470376,,
Región · Caribe,ARIMA,paso,2026-08-10,16698388.23,21619549.15207865,,
Región · Caribe,ARIMA,paso,2026-08-17,13106791.86,18376513.778954048,,
Región · Caribe,ARIMA,paso,2026-08-24,15694068.97,14936325.043330465,,
Región · Caribe,ARIMA,paso,2026-08-31,16262955.440000001,15521059.64249368,,
Región · Caribe,ARIMA,paso,2026-09-07,17126418.55,16006590.611340856,,
Región · Caribe,ARIMA,paso,2026-09-14,19218185.27,16732544.552903365,,
Región · Caribe,ARIMA,paso,2026-09-21,21075956.47,18354295.962643765,,
Región · Caribe,ARIMA,paso,2026-09-28,17359190.03,20119436.487778157,,
Región · Caribe,Random Forest,paso,2026-08-10,16698388.23,21473773.63851191,,
Región · Caribe,Random Forest,paso,2026-08-17,13106791.86,20265605.776293036,,
Región · Caribe,Random Forest,paso,2026-08-24,15694068.97,22036303.610120863,,
Región · Caribe,Random Forest,paso,2026-08-31,16262955.440000001,19691395.086816926,,
Región · Caribe,Random Forest,paso,2026-09-07,17126418.55,17323289.282256976,,
Región · Caribe,Random Forest,paso,2026-09-14,19218185.27,16922583.69647775,,
Región · Caribe,Random Forest,paso,2026-09-21,21075956.47,20144846.81411643,,
Región · Caribe,Random Forest,paso,2026-09-28,17359190.03,21467120.901655197,,
Región · Caribe,XGBoost,paso,2026-08-10,16698388.23,22266934.0,,
Región · Caribe,XGBoost,paso,2026-08-17,13106791.86,22420358.0,,
Región · Caribe,XGBoost,paso,2026-08-24,15694068.97,24354148.0,,
Región · Caribe,XGBoost,paso,2026-08-31,16262955.440000001,20864960.0,,
Región · Caribe,XGBoost,paso,2026-09-07,17126418.55,17639888.0,,
Región · Caribe,XGBoost,paso,2026-09-14,19218185.27,17046050.0,,
Región · Caribe,XGBoost,paso,2026-09-21,21075956.47,24089326.0,,
Región · Caribe,XGBoost,paso,2026-09-28,17359190.03,20620520.0,,
Región · Caribe,Naive,presupuesto,2026-10-05,,17359190.03,14528002.56306302,20190377.496936984
Región · Caribe,Naive,presupuesto,2026-10-12,,17359190.03,14528002.56306302,20190377.496936984
Región · Caribe,Naive,presupuesto,2026-10-19,,17359190.03,14528002.56306302,20190377.496936984
Región · Caribe,Naive,presupuesto,2026-10-26,,17359190.03,14528002.56306302,20190377.496936984
Región · Caribe,Naive,presupuesto,2026-11-02,,17359190.03,14528002.56306302,20190377.496936984
Región · Caribe,Naive,presupuesto,2026-11-09,,17359190.03,14528002.56306302,20190377.496936984
Región · Caribe,Naive,presupuesto,2026-11-16,,17359190.03,14528002.56306302,20190377.496936984
Región · Caribe,Naive,presupuesto,2026-11-23,,17359190.03,14528002.56306302,20190377.496936984
Región · Caribe,Ajuste comercial,presupuesto,2026-10-05,,15970454.827600002,13139267.360663021,18801642.294536985
Región · Caribe,Ajuste comercial,presupuesto,2026-10-12,,15970454.827600002,13139267.360663021,18801642.294536985
Región · Caribe,Ajuste comercial,presupuesto,2026-10-19,,15970454.827600002,13139267.360663021,18801642.294536985
Región · Caribe,Ajuste comercial,presupuesto,2026-10-26,,15970454.827600002,13139267.360663021,18801642.294536985
Región · Caribe,Ajuste comercial,presupuesto,2026-11-02,,15970454.827600002,13139267.360663021,18801642.294536985
Región · Caribe,Ajuste comercial,presupuesto,2026-11-09,,15970454.827600002,13139267.360663021,18801642.294536985
Región · Caribe,Ajuste comercial,presupuesto,2026-11-16,,15970454.827600002,13139267.360663021,18801642.294536985
Región · Caribe,Ajuste comercial,presupuesto,2026-11-23,,15970454.827600002,13139267.360663021,18801642.294536985
Región · Caribe,Promedio móvil,presupuesto,2026-10-05,,18694937.58,15863750.113063017,21526125.04693698
Región · Caribe,Promedio móvil,presupuesto,2026-10-12,,18694937.58,15863750.113063017,21526125.04693698
Región · Caribe,Promedio móvil,presupuesto,2026-10-19,,18694937.58,15863750.113063017,21526125.04693698
Región · Caribe,Promedio móvil,presupuesto,2026-10-26,,18694937.58,15863750.113063017,21526125.04693698
Región · Caribe,Promedio móvil,presupuesto,2026-11-02,,18694937.58,15863750.113063017,21526125.04693698
Región · Caribe,Promedio móvil,presupuesto,2026-11-09,,18694937.58,15863750.113063017,21526125.04693698
Región · Caribe,Promedio móvil,presupuesto,2026-11-16,,18694937.58,15863750.113063017,21526125.04693698
Región · Caribe,Promedio móvil,presupuesto,2026-11-23,,18694937.58,15863750.113063017,21526125.04693698
Región · Caribe,Suavización simple,presupuesto,2026-10-05,,18385461.493189536,15554274.026252555,21216648.96012652
Región · Caribe,Suavización simple,presupuesto,2026-10-12,,18385461.493189536,15554274.026252555,21216648.96012652
Región · Caribe,Suavización simple,presupuesto,2026-10-19,,18385461.493189536,15554274.026252555,21216648.96012652
Región · Caribe,Suavización simple,presupuesto,2026-10-26,,18385461.493189536,15554274.026252555,21216648.96012652
Región · Caribe,Suavización simple,presupuesto,2026-11-02,,18385461.493189536,15554274.026252555,21216648.96012652
Región · Caribe,Suavización simple,presupuesto,2026-11-09,,18385461.493189536,15554274.026252555,21216648.96012652
Región · Caribe,Suavización simple,presupuesto,2026-11-16,,18385461.493189536,15554274.026252555,21216648.96012652
Región · Caribe,Suavización simple,presupuesto,2026-11-23,,18385461.493189536,15554274.026252555,21216648.96012652
Región · Caribe,Holt,presupuesto,2026-10-05,,18209059.405457333,15157347.25089717,21260771.560017496
Región · Caribe,Holt,presupuesto,2026-10-12,,18104060.035410516,15052347.880850352,21155772.18997068
Región · Caribe,Holt,presupuesto,2026-10-19,,17999060.665363703,14947348.51080354,21050772.819923867
Región · Caribe,Holt,presupuesto,2026-10-26,,17894061.295316886,14842349.140756723,20945773.44987705
Región · Caribe,Holt,presupuesto,2026-11-02,,17789061.925270073,14737349.77070991,20840774.079830237
Región · Caribe,Holt,presupuesto,2026-11-09,,17684062.555223256,14632350.400663093,20735774.70978342
Región · Caribe,Holt,presupuesto,2026-11-16,,17579063.185176443,14527351.03061628,20630775.339736607
Región · Caribe,Holt,presupuesto,2026-11-23,,17474063.81512963,14422351.660569467,20525775.969689794
Región · Caribe,Holt-Winters,presupuesto,2026-10-05,,20001085.07499013,16950161.293495636,23052008.856484625
Región · Caribe,Holt-Winters,presupuesto,2026-10-12,,17513746.610520866,14462822.829026373,20564670.39201536
Región · Caribe,Holt-Winters,presupuesto,2026-10-19,,18880733.196230926,15829809.414736433,21931656.97772542
Región · Caribe,Holt-Winters,presupuesto,2026-10-26,,15628092.705304619,12577168.923810126,18679016.486799113
Región · Caribe,Holt-Winters,presupuesto,2026-11-02,,21632094.83360434,18581171.052109845,24683018.615098834
Región · Caribe,Holt-Winters,presupuesto,2026-11-09,,20443478.905648712,17392555.124154218,23494402.687143207
Región · Caribe,Holt-Winters,presupuesto,2026-11-16,,17171695.728243664,14120771.946749171,20222619.50973816
Región · Caribe,Holt-Winters,presupuesto,2026-11-23,,20331315.180724572,17280391.399230078,23382238.962219067
Región · Caribe,ARIMA,presupuesto,2026-10-05,,18231911.965708356,15398000.885577813,21065823.0458389
Región · Caribe,ARIMA,presupuesto,2026-10-12,,18283737.41025526,15449826.330124717,21117648.490385804
Región · Caribe,ARIMA,presupuesto,2026-10-19,,18286814.996130656,15452903.916000113,21120726.0762612
Región · Caribe,ARIMA,presupuesto,2026-10-26,,18286997.754520927,15453086.674390383,21120908.83465147
Región · Caribe,ARIMA,presupuesto,2026-11-02,,18287008.60738761,15453097.527257066,21120919.687518153
Región · Caribe,ARIMA,presupuesto,2026-11-09,,18287009.251870826,15453098.171740282,21120920.33200137
Región · Caribe,ARIMA,presupuesto,2026-11-16,,18287009.290142614,15453098.21001207,21120920.370273158
Región · Caribe,ARIMA,presupuesto,2026-11-23,,18287009.292415336,15453098.212284792,21120920.37254588
Región · Caribe,Random Forest,presupuesto,2026-10-05,,19470811.400085356,17031684.65157136,21909938.148599353
Región · Caribe,Random Forest,presupuesto,2026-10-12,,20024177.662165623,17585050.913651627,22463304.41067962
Región · Caribe,Random Forest,presupuesto,2026-10-19,,20486797.406390633,18047670.657876637,22925924.15490463
Región · Caribe,Random Forest,presupuesto,2026-10-26,,20220490.55613378,17781363.807619784,22659617.304647777
Región · Caribe,Random Forest,presupuesto,2026-11-02,,22702624.379312627,20263497.63079863,25141751.127826624
Región · Caribe,Random Forest,presupuesto,2026-11-09,,23332667.313175682,20893540.564661685,25771794.06168968
Región · Caribe,Random Forest,presupuesto,2026-11-16,,24646909.57344971,22207782.824935712,27086036.321963705
Región · Caribe,Random Forest,presupuesto,2026-11-23,,27853289.326478697,25414162.5779647,30292416.074992694
Región · Caribe,XGBoost,presupuesto,2026-10-05,,20338890.0,18142322.27690657,22535457.72309343
Región · Caribe,XGBoost,presupuesto,2026-10-12,,22090768.0,19894200.27690657,24287335.72309343
Región · Caribe,XGBoost,presupuesto,2026-10-19,,24076796.0,21880228.27690657,26273363.72309343
Región · Caribe,XGBoost,presupuesto,2026-10-26,,27896650.0,25700082.27690657,30093217.72309343
Región · Caribe,XGBoost,presupuesto,2026-11-02,,27433920.0,25237352.27690657,29630487.72309343
Región · Caribe,XGBoost,presupuesto,2026-11-09,,24703950.0,22507382.27690657,26900517.72309343
Región · Caribe,XGBoost,presupuesto,2026-11-16,,26952206.0,24755638.27690657,29148773.72309343
Región · Caribe,XGBoost,presupuesto,2026-11-23,,29855136.0,27658568.27690657,32051703.72309343
Región · Eje Cafetero,Naive,horizonte,2026-08-10,11433662.36,17940043.38,,
Región · Eje Cafetero,Naive,horizonte,2026-08-17,13536068.23,17940043.38,,
Región · Eje Cafetero,Naive,horizonte,2026-08-24,13666032.96,17940043.38,,
Región · Eje Cafetero,Naive,horizonte,2026-08-31,12745216.33,17940043.38,,
Región · Eje Cafetero,Naive,horizonte,2026-09-07,13159512.84,17940043.38,,
Región · Eje Cafetero,Naive,horizonte,2026-09-14,10934898.129999999,17940043.38,,
Región · Eje Cafetero,Naive,horizonte,2026-09-21,10908657.99,17940043.38,,
Región · Eje Cafetero,Naive,horizonte,2026-09-28,13762751.37,17940043.38,,
Región · Eje Cafetero,Ajuste comercial,horizonte,2026-08-10,11433662.36,16504839.909599999,,
Región · Eje Cafetero,Ajuste comercial,horizonte,2026-08-17,13536068.23,16504839.909599999,,
Región · Eje Cafetero,Ajuste comercial,horizonte,2026-08-24,13666032.96,16504839.909599999,,
Región · Eje Cafetero,Ajuste comercial,horizonte,2026-08-31,12745216.33,16504839.909599999,,
Región · Eje Cafetero,Ajuste comercial,horizonte,2026-09-07,13159512.84,16504839.909599999,,
Región · Eje Cafetero,Ajuste comercial,horizonte,2026-09-14,10934898.129999999,16504839.909599999,,
Región · Eje Cafetero,Ajuste comercial,horizonte,2026-09-21,10908657.99,16504839.909599999,,
Región · Eje Cafetero,Ajuste comercial,horizonte,2026-09-28,13762751.37,16504839.909599999,,
Región · Eje Cafetero,Promedio móvil,horizonte,2026-08-10,11433662.36,16696690.4775,,
Región · Eje Cafetero,Promedio móvil,horizonte,2026-08-17,13536068.23,16696690.4775,,
Región · Eje Cafetero,Promedio móvil,horizonte,2026-08-24,13666032.96,16696690.4775,,
Región · Eje Cafetero,Promedio móvil,horizonte,2026-08-31,12745216.33,16696690.4775,,
Región · Eje Cafetero,Promedio móvil,horizonte,2026-09-07,13159512.84,16696690.4775,,
Región · Eje Cafetero,Promedio móvil,horizonte,2026-09-14,10934898.129999999,16696690.4775,,
Región · Eje Cafetero,Promedio móvil,horizonte,2026-09-21,10908657.99,16696690.4775,,
Región · Eje Cafetero,Promedio móvil,horizonte,2026-09-28,13762751.37,16696690.4775,,
Región · Eje Cafetero,Suavización simple,horizonte,2026-08-10,11433662.36,17759595.113688532,,
Región · Eje Cafetero,Suavización simple,horizonte,2026-08-17,13536068.23,17759595.113688532,,
Región · Eje Cafetero,Suavización simple,horizonte,2026-08-24,13666032.96,17759595.113688532,,
Región · Eje Cafetero,Suavización simple,horizonte,2026-08-31,12745216.33,17759595.113688532,,
Región · Eje Cafetero,Suavización simple,horizonte,2026-09-07,13159512.84,17759595.113688532,,
Región · Eje Cafetero,Suavización simple,horizonte,2026-09-14,10934898.129999999,17759595.113688532,,
Región · Eje Cafetero,Suavización simple,horizonte,2026-09-21,10908657.99,17759595.113688532,,
Región · Eje Cafetero,Suavización simple,horizonte,2026-09-28,13762751.37,17759595.113688532,,
Región · Eje Cafetero,Holt,horizonte,2026-08-10,11433662.36,17845281.19248282,,
Región · Eje Cafetero,Holt,horizonte,2026-08-17,13536068.23,17888442.17487724,,
Región · Eje Cafetero,Holt,horizonte,2026-08-24,13666032.96,17931603.157271657,,
Región · Eje Cafetero,Holt,horizonte,2026-08-31,12745216.33,17974764.139666077,,
Región · Eje Cafetero,Holt,horizonte,2026-09-07,13159512.84,18017925.122060493,,
Región · Eje Cafetero,Holt,horizonte,2026-09-14,10934898.129999999,18061086.10445491,,
Región · Eje Cafetero,Holt,horizonte,2026-09-21,10908657.99,18104247.086849328,,
Región · Eje Cafetero,Holt,horizonte,2026-09-28,13762751.37,18147408.069243744,,
Región · Eje Cafetero,Holt-Winters,horizonte,2026-08-10,11433662.36,15902884.372501034,,
Región · Eje Cafetero,Holt-Winters,horizonte,2026-08-17,13536068.23,19078330.8218339,,
Región · Eje Cafetero,Holt-Winters,horizonte,2026-08-24,13666032.96,18810634.83894025,,
Región · Eje Cafetero,Holt-Winters,horizonte,2026-08-31,12745216.33,20472536.913807757,,
Región · Eje Cafetero,Holt-Winters,horizonte,2026-09-07,13159512.84,19746254.746520616,,
Región · Eje Cafetero,Holt-Winters,horizonte,2026-09-14,10934898.129999999,20742541.79483552,,
Región · Eje Cafetero,Holt-Winters,horizonte,2026-09-21,10908657.99,18533391.81776747,,
Región · Eje Cafetero,Holt-Winters,horizonte,2026-09-28,13762751.37,21104903.13556421,,
Región · Eje Cafetero,ARIMA,horizonte,2026-08-10,11433662.36,17860073.070996836,,
Región · Eje Cafetero,ARIMA,horizonte,2026-08-17,13536068.23,17843669.97113909,,
Región · Eje Cafetero,ARIMA,horizonte,2026-08-24,13666032.96,17840305.451377977,,
Región · Eje Cafetero,ARIMA,horizonte,2026-08-31,12745216.33,17839615.338330988,,
Región · Eje Cafetero,ARIMA,horizonte,2026-09-07,13159512.84,17839473.785880286,,
Región · Eje Cafetero,ARIMA,horizonte,2026-09-14,10934898.129999999,17839444.75136719,,
Región · Eje Cafetero,ARIMA,horizonte,2026-09-21,10908657.99,17839438.795956694,,
Región · Eje Cafetero,ARIMA,horizonte,2026-09-28,13762751.37,17839437.57441342,,
Región · Eje Cafetero,Random Forest,horizonte,2026-08-10,11433662.36,18213270.29215684,,
Región · Eje Cafetero,Random Forest,horizonte,2026-08-17,13536068.23,18751958.95649159,,
Región · Eje Cafetero,Random Forest,horizonte,2026-08-24,13666032.96,18212103.09784589,,
Región · Eje Cafetero,Random Forest,horizonte,2026-08-31,12745216.33,18448698.796048474,,
Región · Eje Cafetero,Random Forest,horizonte,2026-09-07,13159512.84,18103423.55150716,,
Región · Eje Cafetero,Random Forest,horizonte,2026-09-14,10934898.129999999,19132735.319609992,,
Región · Eje Cafetero,Random Forest,horizonte,2026-09-21,10908657.99,19200204.00310096,,
Región · Eje Cafetero,Random Forest,horizonte,2026-09-28,13762751.37,18558647.961784907,,
Región · Eje Cafetero,XGBoost,horizonte,2026-08-10,11433662.36,18988976.0,,
Región · Eje Cafetero,XGBoost,horizonte,2026-08-17,13536068.23,18850140.0,,
Región · Eje Cafetero,XGBoost,horizonte,2026-08-24,13666032.96,17202116.0,,
Región · Eje Cafetero,XGBoost,horizonte,2026-08-31,12745216.33,18202662.0,,
Región · Eje Cafetero,XGBoost,horizonte,2026-09-07,13159512.84,17503622.0,,
Región · Eje Cafetero,XGBoost,horizonte,2026-09-14,10934898.129999999,18996540.0,,
Región · Eje Cafetero,XGBoost,horizonte,2026-09-21,10908657.99,19189550.0,,
Región · Eje Cafetero,XGBoost,horizonte,2026-09-28,13762751.37,18419272.0,,
Región · Eje Cafetero,Naive,paso,2026-08-10,11433662.36,17940043.38,,
Región · Eje Cafetero,Naive,paso,2026-08-17,13536068.23,11433662.36,,
Región · Eje Cafetero,Naive,paso,2026-08-24,13666032.96,13536068.23,,
Región · Eje Cafetero,Naive,paso,2026-08-31,12745216.33,13666032.96,,
Región · Eje Cafetero,Naive,paso,2026-09-07,13159512.84,12745216.33,,
Región · Eje Cafetero,Naive,paso,2026-09-14,10934898.129999999,13159512.84,,
Región · Eje Cafetero,Naive,paso,2026-09-21,10908657.99,10934898.129999999,,
Región · Eje Cafetero,Naive,paso,2026-09-28,13762751.37,10908657.99,,
Región · Eje Cafetero,Ajuste comercial,paso,2026-08-10,11433662.36,16504839.909599999,,
Región · Eje Cafetero,Ajuste comercial,paso,2026-08-17,13536068.23,10518969.371199999,,
Región · Eje Cafetero,Ajuste comercial,paso,2026-08-24,13666032.96,12453182.7716,,
Región · Eje Cafetero,Ajuste comercial,paso,2026-08-31,12745216.33,12572750.3232,,
Región · Eje Cafetero,Ajuste comercial,paso,2026-09-07,13159512.84,11725599.0236,,
Región · Eje Cafetero,Ajuste comercial,paso,2026-09-14,10934898.129999999,12106751.8128,,
Región · Eje Cafetero,Ajuste comercial,paso,2026-09-21,10908657.99,10060106.2796,,
Región · Eje Cafetero,Ajuste comercial,paso,2026-09-28,13762751.37,10035965.3508,,
Región · Eje Cafetero,Promedio móvil,paso,2026-08-10,11433662.36,16696690.4775,,
Región · Eje Cafetero,Promedio móvil,paso,2026-08-17,13536068.23,15972363.7625,,
Región · Eje Cafetero,Promedio móvil,paso,2026-08-24,13666032.96,15373231.127500001,,
Región · Eje Cafetero,Promedio móvil,paso,2026-08-31,12745216.33,14143951.7325,,
Región · Eje Cafetero,Promedio móvil,paso,2026-09-07,13159512.84,12845244.969999999,,
Región · Eje Cafetero,Promedio móvil,paso,2026-09-14,10934898.129999999,13276707.59,,
Región · Eje Cafetero,Promedio móvil,paso,2026-09-21,10908657.99,12626415.064999998,,
Región · Eje Cafetero,Promedio móvil,paso,2026-09-28,13762751.37,11937071.3225,,
Región · Eje Cafetero,Suavización simple,paso,2026-08-10,11433662.36,17759595.113688532,,
Región · Eje Cafetero,Suavización simple,paso,2026-08-17,13536068.23,14584078.65282106,,
Región · Eje Cafetero,Suavización simple,paso,2026-08-24,13666032.96,14036811.39019236,,
Región · Eje Cafetero,Suavización simple,paso,2026-08-31,12745216.33,13845970.085412651,,
Región · Eje Cafetero,Suavización simple,paso,2026-09-07,13159512.84,13281906.803942531,,
Región · Eje Cafetero,Suavización simple,paso,2026-09-14,10934898.129999999,13219187.05611426,,
Región · Eje Cafetero,Suavización simple,paso,2026-09-21,10908657.99,12046872.055915918,,
Región · Eje Cafetero,Suavización simple,paso,2026-09-28,13762751.37,11457113.34041012,,
Región · Eje Cafetero,Holt,paso,2026-08-10,11433662.36,17845281.19248282,,
Región · Eje Cafetero,Holt,paso,2026-08-17,13536068.23,14672214.09719644,,
Región · Eje Cafetero,Holt,paso,2026-08-24,13666032.96,14067444.847483013,,
Región · Eje Cafetero,Holt,paso,2026-08-31,12745216.33,13884130.086868536,,
Región · Eje Cafetero,Holt,paso,2026-09-07,13159512.84,13287578.584040822,,
Región · Eje Cafetero,Holt,paso,2026-09-14,10934898.129999999,13272972.617655253,,
Región · Eje Cafetero,Holt,paso,2026-09-21,10908657.99,11829418.31857974,,
Región · Eje Cafetero,Holt,paso,2026-09-28,13762751.37,11390173.96129809,,
Región · Eje Cafetero,Holt-Winters,paso,2026-08-10,11433662.36,15902884.372501034,,
Región · Eje Cafetero,Holt-Winters,paso,2026-08-17,13536068.23,18952527.300600275,,
Región · Eje Cafetero,Holt-Winters,paso,2026-08-24,13666032.96,18582776.529725514,,
Región · Eje Cafetero,Holt-Winters,paso,2026-08-31,12745216.33,19221294.337069858,,
Región · Eje Cafetero,Holt-Winters,paso,2026-09-07,13159512.84,16872487.946717855,,
Región · Eje Cafetero,Holt-Winters,paso,2026-09-14,10934898.129999999,18130578.553559974,,
Región · Eje Cafetero,Holt-Winters,paso,2026-09-21,10908657.99,13396467.395505339,,
Región · Eje Cafetero,Holt-Winters,paso,2026-09-28,13762751.37,15720708.62014696,,
Región · Eje Cafetero,ARIMA,paso,2026-08-10,11433662.36,17860073.070996836,,
Región · Eje Cafetero,ARIMA,paso,2026-08-17,13536068.23,14096740.110132854,,
Región · Eje Cafetero,ARIMA,paso,2026-08-24,13666032.96,14203402.429035982,,
Región · Eje Cafetero,ARIMA,paso,2026-08-31,12745216.33,13983241.930542346,,
Región · Eje Cafetero,ARIMA,paso,2026-09-07,13159512.84,13289063.136436908,,
Región · Eje Cafetero,ARIMA,paso,2026-09-14,10934898.129999999,13291682.275674649,,
Región · Eje Cafetero,ARIMA,paso,2026-09-21,10908657.99,11919987.699055191,,
Región · Eje Cafetero,ARIMA,paso,2026-09-28,13762751.37,11449651.17972513,,
Región · Eje Cafetero,Random Forest,paso,2026-08-10,11433662.36,18213270.29215684,,
Región · Eje Cafetero,Random Forest,paso,2026-08-17,13536068.23,15691455.991339197,,
Región · Eje Cafetero,Random Forest,paso,2026-08-24,13666032.96,15666786.424565574,,
Región · Eje Cafetero,Random Forest,paso,2026-08-31,12745216.33,15915365.638619974,,
Región · Eje Cafetero,Random Forest,paso,2026-09-07,13159512.84,16069692.477987166,,
Región · Eje Cafetero,Random Forest,paso,2026-09-14,10934898.129999999,15255106.330770057,,
Región · Eje Cafetero,Random Forest,paso,2026-09-21,10908657.99,13808890.603160031,,
Región · Eje Cafetero,Random Forest,paso,2026-09-28,13762751.37,12448588.644541362,,
Región · Eje Cafetero,XGBoost,paso,2026-08-10,11433662.36,18988976.0,,
Región · Eje Cafetero,XGBoost,paso,2026-08-17,13536068.23,15947535.0,,
Región · Eje Cafetero,XGBoost,paso,2026-08-24,13666032.96,14811531.0,,
Región · Eje Cafetero,XGBoost,paso,2026-08-31,12745216.33,15570017.0,,
Región · Eje Cafetero,XGBoost,paso,2026-09-07,13159512.84,16047145.0,,
Región · Eje Cafetero,XGBoost,paso,2026-09-14,10934898.129999999,15079444.0,,
Región · Eje Cafetero,XGBoost,paso,2026-09-21,10908657.99,13405733.0,,
Región · Eje Cafetero,XGBoost,paso,2026-09-28,13762751.37,11878723.0,,
Región · Eje Cafetero,Naive,presupuesto,2026-10-05,,13762751.37,12286653.08008681,15238849.659913188
Región · Eje Cafetero,Naive,presupuesto,2026-10-12,,13762751.37,12286653.08008681,15238849.659913188
Región · Eje Cafetero,Naive,presupuesto,2026-10-19,,13762751.37,12286653.08008681,15238849.659913188
Región · Eje Cafetero,Naive,presupuesto,2026-10-26,,13762751.37,12286653.08008681,15238849.659913188
Región · Eje Cafetero,Naive,presupuesto,2026-11-02,,13762751.37,12286653.08008681,15238849.659913188
Región · Eje Cafetero,Naive,presupuesto,2026-11-09,,13762751.37,12286653.08008681,15238849.659913188
Región · Eje Cafetero,Naive,presupuesto,2026-11-16,,13762751.37,12286653.08008681,15238849.659913188
Región · Eje Cafetero,Naive,presupuesto,2026-11-23,,13762751.37,12286653.08008681,15238849.659913188
Región · Eje Cafetero,Ajuste comercial,presupuesto,2026-10-05,,12661731.2604,11185632.97048681,14137829.550313188
Región · Eje Cafetero,Ajuste comercial,presupuesto,2026-10-12,,12661731.2604,11185632.97048681,14137829.550313188
Región · Eje Cafetero,Ajuste comercial,presupuesto,2026-10-19,,12661731.2604,11185632.97048681,14137829.550313188
Región · Eje Cafetero,Ajuste comercial,presupuesto,2026-10-26,,12661731.2604,11185632.97048681,14137829.550313188
Región · Eje Cafetero,Ajuste comercial,presupuesto,2026-11-02,,12661731.2604,11185632.97048681,14137829.550313188
Región · Eje Cafetero,Ajuste comercial,presupuesto,2026-11-09,,12661731.2604,11185632.97048681,14137829.550313188
Región · Eje Cafetero,Ajuste comercial,presupuesto,2026-11-16,,12661731.2604,11185632.97048681,14137829.550313188
Región · Eje Cafetero,Ajuste comercial,presupuesto,2026-11-23,,12661731.2604,11185632.97048681,14137829.550313188
Región · Eje Cafetero,Promedio móvil,presupuesto,2026-10-05,,12191455.0825,10715356.79258681,13667553.372413188
Región · Eje Cafetero,Promedio móvil,presupuesto,2026-10-12,,12191455.0825,10715356.79258681,13667553.372413188
Región · Eje Cafetero,Promedio móvil,presupuesto,2026-10-19,,12191455.0825,10715356.79258681,13667553.372413188
Región · Eje Cafetero,Promedio móvil,presupuesto,2026-10-26,,12191455.0825,10715356.79258681,13667553.372413188
Región · Eje Cafetero,Promedio móvil,presupuesto,2026-11-02,,12191455.0825,10715356.79258681,13667553.372413188
Región · Eje Cafetero,Promedio móvil,presupuesto,2026-11-09,,12191455.0825,10715356.79258681,13667553.372413188
Región · Eje Cafetero,Promedio móvil,presupuesto,2026-11-16,,12191455.0825,10715356.79258681,13667553.372413188
Región · Eje Cafetero,Promedio móvil,presupuesto,2026-11-23,,12191455.0825,10715356.79258681,13667553.372413188
Región · Eje Cafetero,Suavización simple,presupuesto,2026-10-05,,12640104.054234862,11164005.764321674,14116202.344148051
Región · Eje Cafetero,Suavización simple,presupuesto,2026-10-12,,12640104.054234862,11164005.764321674,14116202.344148051
Región · Eje Cafetero,Suavización simple,presupuesto,2026-10-19,,12640104.054234862,11164005.764321674,14116202.344148051
Región · Eje Cafetero,Suavización simple,presupuesto,2026-10-26,,12640104.054234862,11164005.764321674,14116202.344148051
Región · Eje Cafetero,Suavización simple,presupuesto,2026-11-02,,12640104.054234862,11164005.764321674,14116202.344148051
Región · Eje Cafetero,Suavización simple,presupuesto,2026-11-09,,12640104.054234862,11164005.764321674,14116202.344148051
Región · Eje Cafetero,Suavización simple,presupuesto,2026-11-16,,12640104.054234862,11164005.764321674,14116202.344148051
Región · Eje Cafetero,Suavización simple,presupuesto,2026-11-23,,12640104.054234862,11164005.764321674,14116202.344148051
Región · Eje Cafetero,Holt,presupuesto,2026-10-05,,12716119.890766954,11220906.950371265,14211332.831162643
Región · Eje Cafetero,Holt,presupuesto,2026-10-12,,12754346.262253113,11259133.321857423,14249559.202648804
Región · Eje Cafetero,Holt,presupuesto,2026-10-19,,12792572.63373927,11297359.69334358,14287785.57413496
Región · Eje Cafetero,Holt,presupuesto,2026-10-26,,12830799.00522543,11335586.06482974,14326011.945621118
Región · Eje Cafetero,Holt,presupuesto,2026-11-02,,12869025.376711588,11373812.436315898,14364238.317107279
Región · Eje Cafetero,Holt,presupuesto,2026-11-09,,12907251.748197747,11412038.807802059,14402464.688593436
Región · Eje Cafetero,Holt,presupuesto,2026-11-16,,12945478.119683905,11450265.179288216,14440691.060079593
Región · Eje Cafetero,Holt,presupuesto,2026-11-23,,12983704.491170064,11488491.550774373,14478917.431565754
Región · Eje Cafetero,Holt-Winters,presupuesto,2026-10-05,,13634347.972659556,11576511.889634006,15692184.055685107
Región · Eje Cafetero,Holt-Winters,presupuesto,2026-10-12,,16241822.865069492,14183986.782043941,18299658.948095042
Región · Eje Cafetero,Holt-Winters,presupuesto,2026-10-19,,13538421.319978688,11480585.236953137,15596257.403004238
Región · Eje Cafetero,Holt-Winters,presupuesto,2026-10-26,,15838578.160877217,13780742.077851666,17896414.243902765
Región · Eje Cafetero,Holt-Winters,presupuesto,2026-11-02,,15294012.22037924,13236176.13735369,17351848.30340479
Región · Eje Cafetero,Holt-Winters,presupuesto,2026-11-09,,12202248.121697417,10144412.038671866,14260084.204722967
Región · Eje Cafetero,Holt-Winters,presupuesto,2026-11-16,,16196756.092735153,14138920.009709602,18254592.1757607
Región · Eje Cafetero,Holt-Winters,presupuesto,2026-11-23,,14919208.727484938,12861372.644459387,16977044.810510486
Región · Eje Cafetero,ARIMA,presupuesto,2026-10-05,,12892375.765693344,11413891.677285124,14370859.854101565
Región · Eje Cafetero,ARIMA,presupuesto,2026-10-12,,12768625.74579459,11290141.65738637,14247109.834202811
Región · Eje Cafetero,ARIMA,presupuesto,2026-10-19,,12751030.965622481,11272546.87721426,14229515.054030702
Región · Eje Cafetero,ARIMA,presupuesto,2026-10-26,,12748529.339444496,11270045.251036275,14227013.427852716
Región · Eje Cafetero,ARIMA,presupuesto,2026-11-02,,12748173.658187147,11269689.569778927,14226657.746595368
Región · Eje Cafetero,ARIMA,presupuesto,2026-11-09,,12748123.087419244,11269638.999011023,14226607.175827464
Región · Eje Cafetero,ARIMA,presupuesto,2026-11-16,,12748115.897266505,11269631.808858285,14226599.985674726
Región · Eje Cafetero,ARIMA,presupuesto,2026-11-23,,12748114.874970453,11269630.786562232,14226598.963378673
Región · Eje Cafetero,Random Forest,presupuesto,2026-10-05,,14499534.831321077,12686899.444708116,16312170.217934038
Región · Eje Cafetero,Random Forest,presupuesto,2026-10-12,,15089916.150963316,13277280.764350355,16902551.537576277
Región · Eje Cafetero,Random Forest,presupuesto,2026-10-19,,17069323.679445256,15256688.292832294,18881959.06605822
Región · Eje Cafetero,Random Forest,presupuesto,2026-10-26,,17942178.717181314,16129543.330568353,19754814.103794277
Región · Eje Cafetero,Random Forest,presupuesto,2026-11-02,,19299506.25045916,17486870.863846198,21112141.637072124
Región · Eje Cafetero,Random Forest,presupuesto,2026-11-09,,19565985.34647482,17753349.959861856,21378620.73308778
Región · Eje Cafetero,Random Forest,presupuesto,2026-11-16,,19725809.6326874,17913174.246074438,21538445.019300364
Región · Eje Cafetero,Random Forest,presupuesto,2026-11-23,,20092213.468819067,18279578.082206104,21904848.85543203
Región · Eje Cafetero,XGBoost,presupuesto,2026-10-05,,14722721.0,12544101.032042865,16901340.967957135
Región · Eje Cafetero,XGBoost,presupuesto,2026-10-12,,15684454.0,13505834.032042865,17863073.967957135
Región · Eje Cafetero,XGBoost,presupuesto,2026-10-19,,17735656.0,15557036.032042865,19914275.967957135
Región · Eje Cafetero,XGBoost,presupuesto,2026-10-26,,18358860.0,16180240.032042865,20537479.967957135
Región · Eje Cafetero,XGBoost,presupuesto,2026-11-02,,17528676.0,15350056.032042865,19707295.967957135
Región · Eje Cafetero,XGBoost,presupuesto,2026-11-09,,19737812.0,17559192.032042865,21916431.967957135
Región · Eje Cafetero,XGBoost,presupuesto,2026-11-16,,19494898.0,17316278.032042865,21673517.967957135
Región · Eje Cafetero,XGBoost,presupuesto,2026-11-23,,18770112.0,16591492.032042865,20948731.967957135
Región · Valle,Naive,horizonte,2026-08-10,21887755.63,32895209.43,,
Región · Valle,Naive,horizonte,2026-08-17,24430681.8,32895209.43,,
Región · Valle,Naive,horizonte,2026-08-24,23137361.28,32895209.43,,
Región · Valle,Naive,horizonte,2026-08-31,22970623.45,32895209.43,,
Región · Valle,Naive,horizonte,2026-09-07,23520936.93,32895209.43,,
Región · Valle,Naive,horizonte,2026-09-14,25340275.13,32895209.43,,
Región · Valle,Naive,horizonte,2026-09-21,27828498.69,32895209.43,,
Región · Valle,Naive,horizonte,2026-09-28,19842550.740000002,32895209.43,,
Región · Valle,Ajuste comercial,horizonte,2026-08-10,21887755.63,30263592.6756,,
Región · Valle,Ajuste comercial,horizonte,2026-08-17,24430681.8,30263592.6756,,
Región · Valle,Ajuste comercial,horizonte,2026-08-24,23137361.28,30263592.6756,,
Región · Valle,Ajuste comercial,horizonte,2026-08-31,22970623.45,30263592.6756,,
Región · Valle,Ajuste comercial,horizonte,2026-09-07,23520936.93,30263592.6756,,
Región · Valle,Ajuste comercial,horizonte,2026-09-14,25340275.13,30263592.6756,,
Región · Valle,Ajuste comercial,horizonte,2026-09-21,27828498.69,30263592.6756,,
Región · Valle,Ajuste comercial,horizonte,2026-09-28,19842550.740000002,30263592.6756,,
Región · Valle,Promedio móvil,horizonte,2026-08-10,21887755.63,28422238.54,,
Región · Valle,Promedio móvil,horizonte,2026-08-17,24430681.8,28422238.54,,
Región · Valle,Promedio móvil,horizonte,2026-08-24,23137361.28,28422238.54,,
Región · Valle,Promedio móvil,horizonte,2026-08-31,22970623.45,28422238.54,,
Región · Valle,Promedio móvil,horizonte,2026-09-07,23520936.93,28422238.54,,
Región · Valle,Promedio móvil,horizonte,2026-09-14,25340275.13,28422238.54,,
Región · Valle,Promedio móvil,horizonte,2026-09-21,27828498.69,28422238.54,,
Región · Valle,Promedio móvil,horizonte,2026-09-28,19842550.740000002,28422238.54,,
Región · Valle,Suavización simple,horizonte,2026-08-10,21887755.63,31175180.745688707,,
Región · Valle,Suavización simple,horizonte,2026-08-17,24430681.8,31175180.745688707,,
Región · Valle,Suavización simple,horizonte,2026-08-24,23137361.28,31175180.745688707,,
Región · Valle,Suavización simple,horizonte,2026-08-31,22970623.45,31175180.745688707,,
Región · Valle,Suavización simple,horizonte,2026-09-07,23520936.93,31175180.745688707,,
Región · Valle,Suavización simple,horizonte,2026-09-14,25340275.13,31175180.745688707,,
Región · Valle,Suavización simple,horizonte,2026-09-21,27828498.69,31175180.745688707,,
Región · Valle,Suavización simple,horizonte,2026-09-28,19842550.740000002,31175180.745688707,,
Región · Valle,Holt,horizonte,2026-08-10,21887755.63,31323612.21242319,,
Región · Valle,Holt,horizonte,2026-08-17,24430681.8,31386095.40108629,,
Región · Valle,Holt,horizonte,2026-08-24,23137361.28,31448578.589749385,,
Región · Valle,Holt,horizonte,2026-08-31,22970623.45,31511061.778412484,,
Región · Valle,Holt,horizonte,2026-09-07,23520936.93,31573544.967075583,,
Región · Valle,Holt,horizonte,2026-09-14,25340275.13,31636028.15573868,,
Región · Valle,Holt,horizonte,2026-09-21,27828498.69,31698511.34440178,,
Región · Valle,Holt,horizonte,2026-09-28,19842550.740000002,31760994.533064876,,
Región · Valle,Holt-Winters,horizonte,2026-08-10,21887755.63,33734761.180368856,,
Región · Valle,Holt-Winters,horizonte,2026-08-17,24430681.8,30816175.7458526,,
Región · Valle,Holt-Winters,horizonte,2026-08-24,23137361.28,35139384.53589741,,
Región · Valle,Holt-Winters,horizonte,2026-08-31,22970623.45,33239176.029116094,,
Región · Valle,Holt-Winters,horizonte,2026-09-07,23520936.93,34908638.945714965,,
Región · Valle,Holt-Winters,horizonte,2026-09-14,25340275.13,36650613.06158567,,
Región · Valle,Holt-Winters,horizonte,2026-09-21,27828498.69,34122865.156982526,,
Región · Valle,Holt-Winters,horizonte,2026-09-28,19842550.740000002,34803259.91550625,,
Región · Valle,ARIMA,horizonte,2026-08-10,21887755.63,33885443.10531349,,
Región · Valle,ARIMA,horizonte,2026-08-17,24430681.8,34575573.86696282,,
Región · Valle,ARIMA,horizonte,2026-08-24,23137361.28,35056551.72102732,,
Región · Valle,ARIMA,horizonte,2026-08-31,22970623.45,35391763.1171222,,
Región · Valle,ARIMA,horizonte,2026-09-07,23520936.93,35625384.43486547,,
Región · Valle,ARIMA,horizonte,2026-09-14,25340275.13,35788203.83999289,,
Región · Valle,ARIMA,horizonte,2026-09-21,27828498.69,35901678.75290807,,
Región · Valle,ARIMA,horizonte,2026-09-28,19842550.740000002,35980763.64976684,,
Región · Valle,Random Forest,horizonte,2026-08-10,21887755.63,32662968.417039815,,
Región · Valle,Random Forest,horizonte,2026-08-17,24430681.8,32280147.47924693,,
Región · Valle,Random Forest,horizonte,2026-08-24,23137361.28,32479265.220037255,,
Región · Valle,Random Forest,horizonte,2026-08-31,22970623.45,33845346.03736946,,
Región · Valle,Random Forest,horizonte,2026-09-07,23520936.93,34175813.97854724,,
Región · Valle,Random Forest,horizonte,2026-09-14,25340275.13,33518732.90767953,,
Región · Valle,Random Forest,horizonte,2026-09-21,27828498.69,34434642.16143289,,
Región · Valle,Random Forest,horizonte,2026-09-28,19842550.740000002,34784358.00877791,,
Región · Valle,XGBoost,horizonte,2026-08-10,21887755.63,32399250.0,,
Región · Valle,XGBoost,horizonte,2026-08-17,24430681.8,33006396.0,,
Región · Valle,XGBoost,horizonte,2026-08-24,23137361.28,33096218.0,,
Región · Valle,XGBoost,horizonte,2026-08-31,22970623.45,32400640.0,,
Región · Valle,XGBoost,horizonte,2026-09-07,23520936.93,33382930.0,,
Región · Valle,XGBoost,horizonte,2026-09-14,25340275.13,33027434.0,,
Región · Valle,XGBoost,horizonte,2026-09-21,27828498.69,33011308.0,,
Región · Valle,XGBoost,horizonte,2026-09-28,19842550.740000002,33112048.0,,
Región · Valle,Naive,paso,2026-08-10,21887755.63,32895209.43,,
Región · Valle,Naive,paso,2026-08-17,24430681.8,21887755.63,,
Región · Valle,Naive,paso,2026-08-24,23137361.28,24430681.8,,
Región · Valle,Naive,paso,2026-08-31,22970623.45,23137361.28,,
Región · Valle,Naive,paso,2026-09-07,23520936.93,22970623.45,,
Región · Valle,Naive,paso,2026-09-14,25340275.13,23520936.93,,
Región · Valle,Naive,paso,2026-09-21,27828498.69,25340275.13,,
Región · Valle,Naive,paso,2026-09-28,19842550.740000002,27828498.69,,
Región · Valle,Ajuste comercial,paso,2026-08-10,21887755.63,30263592.6756,,
Región · Valle,Ajuste comercial,paso,2026-08-17,24430681.8,20136735.1796,,
Región · Valle,Ajuste comercial,paso,2026-08-24,23137361.28,22476227.256,,
Región · Valle,Ajuste comercial,paso,2026-08-31,22970623.45,21286372.377600003,,
Región · Valle,Ajuste comercial,paso,2026-09-07,23520936.93,21132973.574,,
Región · Valle,Ajuste comercial,paso,2026-09-14,25340275.13,21639261.9756,,
Región · Valle,Ajuste comercial,paso,2026-09-21,27828498.69,23313053.1196,,
Región · Valle,Ajuste comercial,paso,2026-09-28,19842550.740000002,25602218.794800002,,
Región · Valle,Promedio móvil,paso,2026-08-10,21887755.63,28422238.54,,
Región · Valle,Promedio móvil,paso,2026-08-17,24430681.8,26945657.735,,
Región · Valle,Promedio móvil,paso,2026-08-24,23137361.28,26896222.147499997,,
Región · Valle,Promedio móvil,paso,2026-08-31,22970623.45,25587752.035,,
Región · Valle,Promedio móvil,paso,2026-09-07,23520936.93,23106605.540000003,,
Región · Valle,Promedio móvil,paso,2026-09-14,25340275.13,23514900.865000002,,
Región · Valle,Promedio móvil,paso,2026-09-21,27828498.69,23742299.197499998,,
Región · Valle,Promedio móvil,paso,2026-09-28,19842550.740000002,24915083.549999997,,
Región · Valle,Suavización simple,paso,2026-08-10,21887755.63,31175180.745688707,,
Región · Valle,Suavización simple,paso,2026-08-17,24430681.8,25024570.710476197,,
Región · Valle,Suavización simple,paso,2026-08-24,23137361.28,24628795.245467223,,
Región · Valle,Suavización simple,paso,2026-08-31,22970623.45,23639951.450407013,,
Región · Valle,Suavización simple,paso,2026-09-07,23520936.93,23196055.431122728,,
Región · Valle,Suavización simple,paso,2026-09-14,25340275.13,23411327.96211476,,
Región · Valle,Suavización simple,paso,2026-09-21,27828498.69,24688808.848263346,,
Región · Valle,Suavización simple,paso,2026-09-28,19842550.740000002,26774957.661299743,,
Región · Valle,Holt,paso,2026-08-10,21887755.63,31323612.21242319,,
Región · Valle,Holt,paso,2026-08-17,24430681.8,24820154.324115973,,
Región · Valle,Holt,paso,2026-08-24,23137361.28,24344813.055137146,,
Región · Valle,Holt,paso,2026-08-31,22970623.45,23430161.747644275,,
Región · Valle,Holt,paso,2026-09-07,23520936.93,22980088.460484136,,
Región · Valle,Holt,paso,2026-09-14,25340275.13,23221400.787310548,,
Región · Valle,Holt,paso,2026-09-21,27828498.69,24564616.745427184,,
Región · Valle,Holt,paso,2026-09-28,19842550.740000002,26881030.957447417,,
Región · Valle,Holt-Winters,paso,2026-08-10,21887755.63,33734761.180368856,,
Región · Valle,Holt-Winters,paso,2026-08-17,24430681.8,27064064.106965356,,
Región · Valle,Holt-Winters,paso,2026-08-24,23137361.28,30007802.408463784,,
Región · Valle,Holt-Winters,paso,2026-08-31,22970623.45,26316687.531805713,,
Región · Valle,Holt-Winters,paso,2026-09-07,23520936.93,24484607.80886144,,
Región · Valle,Holt-Winters,paso,2026-09-14,25340275.13,24615338.582224146,,
Región · Valle,Holt-Winters,paso,2026-09-21,27828498.69,22602248.084442068,,
Región · Valle,Holt-Winters,paso,2026-09-28,19842550.740000002,23024595.986848973,,
Región · Valle,ARIMA,paso,2026-08-10,21887755.63,33885443.10531349,,
Región · Valle,ARIMA,paso,2026-08-17,24430681.8,24137881.248809345,,
Región · Valle,ARIMA,paso,2026-08-24,23137361.28,24803569.844133567,,
Región · Valle,ARIMA,paso,2026-08-31,22970623.45,23627159.02482514,,
Región · Valle,ARIMA,paso,2026-09-07,23520936.93,23228091.48027883,,
Región · Valle,ARIMA,paso,2026-09-14,25340275.13,23492883.451543517,,
Región · Valle,ARIMA,paso,2026-09-21,27828498.69,24858579.07863029,,
Región · Valle,ARIMA,paso,2026-09-28,19842550.740000002,26972618.65892559,,
Región · Valle,Random Forest,paso,2026-08-10,21887755.63,32662968.417039815,,
Región · Valle,Random Forest,paso,2026-08-17,24430681.8,30722994.571959544,,
Región · Valle,Random Forest,paso,2026-08-24,23137361.28,27027999.337559037,,
Región · Valle,Random Forest,paso,2026-08-31,22970623.45,29401021.17304082,,
Región · Valle,Random Forest,paso,2026-09-07,23520936.93,25831376.371065337,,
Región · Valle,Random Forest,paso,2026-09-14,25340275.13,24369030.60129009,,
Región · Valle,Random Forest,paso,2026-09-21,27828498.69,25007835.971396882,,
Región · Valle,Random Forest,paso,2026-09-28,19842550.740000002,26526102.32068942,,
Región · Valle,XGBoost,paso,2026-08-10,21887755.63,32399250.0,,
Región · Valle,XGBoost,paso,2026-08-17,24430681.8,31346892.0,,
Región · Valle,XGBoost,paso,2026-08-24,23137361.28,26614076.0,,
Región · Valle,XGBoost,paso,2026-08-31,22970623.45,30334136.0,,
Región · Valle,XGBoost,paso,2026-09-07,23520936.93,24668452.0,,
Región · Valle,XGBoost,paso,2026-09-14,25340275.13,23928886.0,,
Región · Valle,XGBoost,paso,2026-09-21,27828498.69,24159876.0,,
Región · Valle,XGBoost,paso,2026-09-28,19842550.740000002,27432794.0,,
Región · Valle,Naive,presupuesto,2026-10-05,,19842550.740000002,17006901.1319575,22678200.348042503
Región · Valle,Naive,presupuesto,2026-10-12,,19842550.740000002,17006901.1319575,22678200.348042503
Región · Valle,Naive,presupuesto,2026-10-19,,19842550.740000002,17006901.1319575,22678200.348042503
Región · Valle,Naive,presupuesto,2026-10-26,,19842550.740000002,17006901.1319575,22678200.348042503
Región · Valle,Naive,presupuesto,2026-11-02,,19842550.740000002,17006901.1319575,22678200.348042503
Región · Valle,Naive,presupuesto,2026-11-09,,19842550.740000002,17006901.1319575,22678200.348042503
Región · Valle,Naive,presupuesto,2026-11-16,,19842550.740000002,17006901.1319575,22678200.348042503
Región · Valle,Naive,presupuesto,2026-11-23,,19842550.740000002,17006901.1319575,22678200.348042503
Región · Valle,Ajuste comercial,presupuesto,2026-10-05,,18255146.680800002,15419497.072757503,21090796.288842503
Región · Valle,Ajuste comercial,presupuesto,2026-10-12,,18255146.680800002,15419497.072757503,21090796.288842503
Región · Valle,Ajuste comercial,presupuesto,2026-10-19,,18255146.680800002,15419497.072757503,21090796.288842503
Región · Valle,Ajuste comercial,presupuesto,2026-10-26,,18255146.680800002,15419497.072757503,21090796.288842503
Región · Valle,Ajuste comercial,presupuesto,2026-11-02,,18255146.680800002,15419497.072757503,21090796.288842503
Región · Valle,Ajuste comercial,presupuesto,2026-11-09,,18255146.680800002,15419497.072757503,21090796.288842503
Región · Valle,Ajuste comercial,presupuesto,2026-11-16,,18255146.680800002,15419497.072757503,21090796.288842503
Región · Valle,Ajuste comercial,presupuesto,2026-11-23,,18255146.680800002,15419497.072757503,21090796.288842503
Región · Valle,Promedio móvil,presupuesto,2026-10-05,,24133065.372500002,21297415.7644575,26968714.980542503
Región · Valle,Promedio móvil,presupuesto,2026-10-12,,24133065.372500002,21297415.7644575,26968714.980542503
Región · Valle,Promedio móvil,presupuesto,2026-10-19,,24133065.372500002,21297415.7644575,26968714.980542503
Región · Valle,Promedio móvil,presupuesto,2026-10-26,,24133065.372500002,21297415.7644575,26968714.980542503
Región · Valle,Promedio móvil,presupuesto,2026-11-02,,24133065.372500002,21297415.7644575,26968714.980542503
Región · Valle,Promedio móvil,presupuesto,2026-11-09,,24133065.372500002,21297415.7644575,26968714.980542503
Región · Valle,Promedio móvil,presupuesto,2026-11-16,,24133065.372500002,21297415.7644575,26968714.980542503
Región · Valle,Promedio móvil,presupuesto,2026-11-23,,24133065.372500002,21297415.7644575,26968714.980542503
Región · Valle,Suavización simple,presupuesto,2026-10-05,,22216725.84892696,19381076.24088446,25052375.456969462
Región · Valle,Suavización simple,presupuesto,2026-10-12,,22216725.84892696,19381076.24088446,25052375.456969462
Región · Valle,Suavización simple,presupuesto,2026-10-19,,22216725.84892696,19381076.24088446,25052375.456969462
Región · Valle,Suavización simple,presupuesto,2026-10-26,,22216725.84892696,19381076.24088446,25052375.456969462
Región · Valle,Suavización simple,presupuesto,2026-11-02,,22216725.84892696,19381076.24088446,25052375.456969462
Región · Valle,Suavización simple,presupuesto,2026-11-09,,22216725.84892696,19381076.24088446,25052375.456969462
Región · Valle,Suavización simple,presupuesto,2026-11-16,,22216725.84892696,19381076.24088446,25052375.456969462
Región · Valle,Suavización simple,presupuesto,2026-11-23,,22216725.84892696,19381076.24088446,25052375.456969462
Región · Valle,Holt,presupuesto,2026-10-05,,21959954.921655323,19140614.81278965,24779295.030520998
Región · Valle,Holt,presupuesto,2026-10-12,,21807634.46165545,18988294.352789775,24626974.570521124
Región · Valle,Holt,presupuesto,2026-10-19,,21655314.00165557,18835973.892789897,24474654.110521246
Región · Valle,Holt,presupuesto,2026-10-26,,21502993.541655697,18683653.432790022,24322333.65052137
Región · Valle,Holt,presupuesto,2026-11-02,,21350673.08165582,18531332.972790144,24170013.190521494
Región · Valle,Holt,presupuesto,2026-11-09,,21198352.621655945,18379012.51279027,24017692.73052162
Región · Valle,Holt,presupuesto,2026-11-16,,21046032.161656067,18226692.052790392,23865372.27052174
Región · Valle,Holt,presupuesto,2026-11-23,,20893711.70165619,18074371.592790514,23713051.810521863
Región · Valle,Holt-Winters,presupuesto,2026-10-05,,22452520.54008868,18945426.987916205,25959614.092261154
Región · Valle,Holt-Winters,presupuesto,2026-10-12,,20459086.07141326,16951992.519240785,23966179.623585735
Región · Valle,Holt-Winters,presupuesto,2026-10-19,,26499735.967814095,22992642.41564162,30006829.51998657
Región · Valle,Holt-Winters,presupuesto,2026-10-26,,21599672.221855674,18092578.6696832,25106765.77402815
Región · Valle,Holt-Winters,presupuesto,2026-11-02,,21636955.656531148,18129862.104358673,25144049.208703622
Región · Valle,Holt-Winters,presupuesto,2026-11-09,,24795815.300272867,21288721.748100393,28302908.85244534
Región · Valle,Holt-Winters,presupuesto,2026-11-16,,23937944.971917633,20430851.41974516,27445038.524090108
Región · Valle,Holt-Winters,presupuesto,2026-11-23,,25250400.42699165,21743306.874819174,28757493.979164124
Región · Valle,ARIMA,presupuesto,2026-10-05,,21544101.905450687,18767568.362983275,24320635.4479181
Región · Valle,ARIMA,presupuesto,2026-10-12,,21878543.490408216,19102009.947940804,24655077.032875627
Región · Valle,ARIMA,presupuesto,2026-10-19,,21944278.318734273,19167744.77626686,24720811.861201685
Región · Valle,ARIMA,presupuesto,2026-10-26,,21957198.56504756,19180665.022580147,24733732.10751497
Región · Valle,ARIMA,presupuesto,2026-11-02,,21959738.05239463,19183204.509927217,24736271.59486204
Región · Valle,ARIMA,presupuesto,2026-11-09,,21960237.191174924,19183703.648707513,24736770.733642336
Región · Valle,ARIMA,presupuesto,2026-11-16,,21960335.297401868,19183801.754934456,24736868.83986928
Región · Valle,ARIMA,presupuesto,2026-11-23,,21960354.580278985,19183821.037811574,24736888.122746397
Región · Valle,Random Forest,presupuesto,2026-10-05,,24482107.53915484,21411606.627790112,27552608.450519565
Región · Valle,Random Forest,presupuesto,2026-10-12,,24829050.35814294,21758549.44677821,27899551.269507665
Región · Valle,Random Forest,presupuesto,2026-10-19,,24384002.114366576,21313501.20300185,27454503.025731303
Región · Valle,Random Forest,presupuesto,2026-10-26,,23758274.81447499,20687773.903110262,26828775.725839715
Región · Valle,Random Forest,presupuesto,2026-11-02,,24920379.573702265,21849878.662337538,27990880.48506699
Región · Valle,Random Forest,presupuesto,2026-11-09,,25970400.390848435,22899899.47948371,29040901.302213162
Región · Valle,Random Forest,presupuesto,2026-11-16,,26056105.906232286,22985604.99486756,29126606.817597013
Región · Valle,Random Forest,presupuesto,2026-11-23,,25990415.740613665,22919914.82924894,29060916.651978392
Región · Valle,XGBoost,presupuesto,2026-10-05,,22397896.0,19605712.575699627,25190079.424300373
Región · Valle,XGBoost,presupuesto,2026-10-12,,24701480.0,21909296.575699627,27493663.424300373
Región · Valle,XGBoost,presupuesto,2026-10-19,,26157494.0,23365310.575699627,28949677.424300373
Región · Valle,XGBoost,presupuesto,2026-10-26,,24799048.0,22006864.575699627,27591231.424300373
Región · Valle,XGBoost,presupuesto,2026-11-02,,23758278.0,20966094.575699627,26550461.424300373
Región · Valle,XGBoost,presupuesto,2026-11-09,,25430376.0,22638192.575699627,28222559.424300373
Región · Valle,XGBoost,presupuesto,2026-11-16,,24597852.0,21805668.575699627,27390035.424300373
Región · Valle,XGBoost,presupuesto,2026-11-23,,24214030.0,21421846.575699627,27006213.424300373
Hogar · Valle,Naive,horizonte,2026-08-10,2606365.92,11815341.489999998,,
Hogar · Valle,Naive,horizonte,2026-08-17,1747725.92,11815341.489999998,,
Hogar · Valle,Naive,horizonte,2026-08-24,2996469.45,11815341.489999998,,
Hogar · Valle,Naive,horizonte,2026-08-31,2541658.38,11815341.489999998,,
Hogar · Valle,Naive,horizonte,2026-09-07,3498847.7800000003,11815341.489999998,,
Hogar · Valle,Naive,horizonte,2026-09-14,3114769.52,11815341.489999998,,
Hogar · Valle,Naive,horizonte,2026-09-21,6839532.24,11815341.489999998,,
Hogar · Valle,Naive,horizonte,2026-09-28,3155747.8600000003,11815341.489999998,,
Hogar · Valle,Ajuste comercial,horizonte,2026-08-10,2606365.92,10870114.170799999,,
Hogar · Valle,Ajuste comercial,horizonte,2026-08-17,1747725.92,10870114.170799999,,
Hogar · Valle,Ajuste comercial,horizonte,2026-08-24,2996469.45,10870114.170799999,,
Hogar · Valle,Ajuste comercial,horizonte,2026-08-31,2541658.38,10870114.170799999,,
Hogar · Valle,Ajuste comercial,horizonte,2026-09-07,3498847.7800000003,10870114.170799999,,
Hogar · Valle,Ajuste comercial,horizonte,2026-09-14,3114769.52,10870114.170799999,,
Hogar · Valle,Ajuste comercial,horizonte,2026-09-21,6839532.24,10870114.170799999,,
Hogar · Valle,Ajuste comercial,horizonte,2026-09-28,3155747.8600000003,10870114.170799999,,
Hogar · Valle,Promedio móvil,horizonte,2026-08-10,2606365.92,8704602.454999998,,
Hogar · Valle,Promedio móvil,horizonte,2026-08-17,1747725.92,8704602.454999998,,
Hogar · Valle,Promedio móvil,horizonte,2026-08-24,2996469.45,8704602.454999998,,
Hogar · Valle,Promedio móvil,horizonte,2026-08-31,2541658.38,8704602.454999998,,
Hogar · Valle,Promedio móvil,horizonte,2026-09-07,3498847.7800000003,8704602.454999998,,
Hogar · Valle,Promedio móvil,horizonte,2026-09-14,3114769.52,8704602.454999998,,
Hogar · Valle,Promedio móvil,horizonte,2026-09-21,6839532.24,8704602.454999998,,
Hogar · Valle,Promedio móvil,horizonte,2026-09-28,3155747.8600000003,8704602.454999998,,
Hogar · Valle,Suavización simple,horizonte,2026-08-10,2606365.92,9963692.805384161,,
Hogar · Valle,Suavización simple,horizonte,2026-08-17,1747725.92,9963692.805384161,,
Hogar · Valle,Suavización simple,horizonte,2026-08-24,2996469.45,9963692.805384161,,
Hogar · Valle,Suavización simple,horizonte,2026-08-31,2541658.38,9963692.805384161,,
Hogar · Valle,Suavización simple,horizonte,2026-09-07,3498847.7800000003,9963692.805384161,,
Hogar · Valle,Suavización simple,horizonte,2026-09-14,3114769.52,9963692.805384161,,
Hogar · Valle,Suavización simple,horizonte,2026-09-21,6839532.24,9963692.805384161,,
Hogar · Valle,Suavización simple,horizonte,2026-09-28,3155747.8600000003,9963692.805384161,,
Hogar · Valle,Holt,horizonte,2026-08-10,2606365.92,9977328.410402851,,
Hogar · Valle,Holt,horizonte,2026-08-17,1747725.92,9982943.68913451,,
Hogar · Valle,Holt,horizonte,2026-08-24,2996469.45,9988558.967866171,,
Hogar · Valle,Holt,horizonte,2026-08-31,2541658.38,9994174.24659783,,
Hogar · Valle,Holt,horizonte,2026-09-07,3498847.7800000003,9999789.525329491,,
Hogar · Valle,Holt,horizonte,2026-09-14,3114769.52,10005404.804061152,,
Hogar · Valle,Holt,horizonte,2026-09-21,6839532.24,10011020.082792811,,
Hogar · Valle,Holt,horizonte,2026-09-28,3155747.8600000003,10016635.361524472,,
Hogar · Valle,Holt-Winters,horizonte,2026-08-10,2606365.92,15658938.294847287,,
Hogar · Valle,Holt-Winters,horizonte,2026-08-17,1747725.92,10379471.40289013,,
Hogar · Valle,Holt-Winters,horizonte,2026-08-24,2996469.45,12906326.638821593,,
Hogar · Valle,Holt-Winters,horizonte,2026-08-31,2541658.38,14050727.861148829,,
Hogar · Valle,Holt-Winters,horizonte,2026-09-07,3498847.7800000003,14672571.0514837,,
Hogar · Valle,Holt-Winters,horizonte,2026-09-14,3114769.52,14819263.787672838,,
Hogar · Valle,Holt-Winters,horizonte,2026-09-21,6839532.24,15061042.627505392,,
Hogar · Valle,Holt-Winters,horizonte,2026-09-28,3155747.8600000003,14710393.358069604,,
Hogar · Valle,ARIMA,horizonte,2026-08-10,2606365.92,12375310.88033488,,
Hogar · Valle,ARIMA,horizonte,2026-08-17,1747725.92,12555078.846953845,,
Hogar · Valle,ARIMA,horizonte,2026-08-24,2996469.45,12612790.076139051,,
Hogar · Valle,ARIMA,horizonte,2026-08-31,2541658.38,12631317.214409059,,
Hogar · Valle,ARIMA,horizonte,2026-09-07,3498847.7800000003,12637265.014470194,,
Hogar · Valle,ARIMA,horizonte,2026-09-14,3114769.52,12639174.447273666,,
Hogar · Valle,ARIMA,horizonte,2026-09-21,6839532.24,12639787.4358734,,
Hogar · Valle,ARIMA,horizonte,2026-09-28,3155747.8600000003,12639984.224690855,,
Hogar · Valle,Random Forest,horizonte,2026-08-10,2606365.92,11494311.299833909,,
Hogar · Valle,Random Forest,horizonte,2026-08-17,1747725.92,12611908.312036842,,
Hogar · Valle,Random Forest,horizonte,2026-08-24,2996469.45,12506289.961938832,,
Hogar · Valle,Random Forest,horizonte,2026-08-31,2541658.38,12237067.840000072,,
Hogar · Valle,Random Forest,horizonte,2026-09-07,3498847.7800000003,12711785.842082651,,
Hogar · Valle,Random Forest,horizonte,2026-09-14,3114769.52,12194428.449824698,,
Hogar · Valle,Random Forest,horizonte,2026-09-21,6839532.24,12230927.169839295,,
Hogar · Valle,Random Forest,horizonte,2026-09-28,3155747.8600000003,12497455.80091683,,
Hogar · Valle,XGBoost,horizonte,2026-08-10,2606365.92,12671159.0,,
Hogar · Valle,XGBoost,horizonte,2026-08-17,1747725.92,14253245.0,,
Hogar · Valle,XGBoost,horizonte,2026-08-24,2996469.45,13414361.0,,
Hogar · Valle,XGBoost,horizonte,2026-08-31,2541658.38,12529974.0,,
Hogar · Valle,XGBoost,horizonte,2026-09-07,3498847.7800000003,13620593.0,,
Hogar · Valle,XGBoost,horizonte,2026-09-14,3114769.52,11478566.0,,
Hogar · Valle,XGBoost,horizonte,2026-09-21,6839532.24,10907947.0,,
Hogar · Valle,XGBoost,horizonte,2026-09-28,3155747.8600000003,12540912.0,,
Hogar · Valle,Naive,paso,2026-08-10,2606365.92,11815341.489999998,,
Hogar · Valle,Naive,paso,2026-08-17,1747725.92,2606365.92,,
Hogar · Valle,Naive,paso,2026-08-24,2996469.45,1747725.92,,
Hogar · Valle,Naive,paso,2026-08-31,2541658.38,2996469.45,,
Hogar · Valle,Naive,paso,2026-09-07,3498847.7800000003,2541658.38,,
Hogar · Valle,Naive,paso,2026-09-14,3114769.52,3498847.7800000003,,
Hogar · Valle,Naive,paso,2026-09-21,6839532.24,3114769.52,,
Hogar · Valle,Naive,paso,2026-09-28,3155747.8600000003,6839532.24,,
Hogar · Valle,Ajuste comercial,paso,2026-08-10,2606365.92,10870114.170799999,,
Hogar · Valle,Ajuste comercial,paso,2026-08-17,1747725.92,2397856.6464,,
Hogar · Valle,Ajuste comercial,paso,2026-08-24,2996469.45,1607907.8464,,
Hogar · Valle,Ajuste comercial,paso,2026-08-31,2541658.38,2756751.8940000003,,
Hogar · Valle,Ajuste comercial,paso,2026-09-07,3498847.7800000003,2338325.7096,,
Hogar · Valle,Ajuste comercial,paso,2026-09-14,3114769.52,3218939.9576000003,,
Hogar · Valle,Ajuste comercial,paso,2026-09-21,6839532.24,2865587.9584000004,,
Hogar · Valle,Ajuste comercial,paso,2026-09-28,3155747.8600000003,6292369.660800001,,
Hogar · Valle,Promedio móvil,paso,2026-08-10,2606365.92,8704602.454999998,,
Hogar · Valle,Promedio móvil,paso,2026-08-17,1747725.92,7356753.555,,
Hogar · Valle,Promedio móvil,paso,2026-08-24,2996469.45,6183402.02,,
Hogar · Valle,Promedio móvil,paso,2026-08-31,2541658.38,4791475.694999999,,
Hogar · Valle,Promedio móvil,paso,2026-09-07,3498847.7800000003,2473054.9175,,
Hogar · Valle,Promedio móvil,paso,2026-09-14,3114769.52,2696175.3825000003,,
Hogar · Valle,Promedio móvil,paso,2026-09-21,6839532.24,3037936.2824999997,,
Hogar · Valle,Promedio móvil,paso,2026-09-28,3155747.8600000003,3998701.98,,
Hogar · Valle,Suavización simple,paso,2026-08-10,2606365.92,9963692.805384161,,
Hogar · Valle,Suavización simple,paso,2026-08-17,1747725.92,7282868.0170250265,,
Hogar · Valle,Suavización simple,paso,2026-08-24,2996469.45,4935313.886978865,,
Hogar · Valle,Suavización simple,paso,2026-08-31,2541658.38,4069262.3228030717,,
Hogar · Valle,Suavización simple,paso,2026-09-07,3498847.7800000003,3402432.5351018533,,
Hogar · Valle,Suavización simple,paso,2026-09-14,3114769.52,3443661.149798725,,
Hogar · Valle,Suavización simple,paso,2026-09-21,6839532.24,3305546.805441604,,
Hogar · Valle,Suavización simple,paso,2026-09-28,3155747.8600000003,4764287.504380986,,
Hogar · Valle,Holt,paso,2026-08-10,2606365.92,9977328.410402851,,
Hogar · Valle,Holt,paso,2026-08-17,1747725.92,7230855.2141343625,,
Hogar · Valle,Holt,paso,2026-08-24,2996469.45,4814096.271171587,,
Hogar · Valle,Holt,paso,2026-08-31,2541658.38,4005891.860144973,,
Hogar · Valle,Holt,paso,2026-09-07,3498847.7800000003,3338393.610141205,,
Hogar · Valle,Holt,paso,2026-09-14,3114769.52,3346159.8113791123,,
Hogar · Valle,Holt,paso,2026-09-21,6839532.24,3071387.057305602,,
Hogar · Valle,Holt,paso,2026-09-28,3155747.8600000003,4723151.101327062,,
Hogar · Valle,Holt-Winters,paso,2026-08-10,2606365.92,15658938.294847287,,
Hogar · Valle,Holt-Winters,paso,2026-08-17,1747725.92,6366822.536523671,,
Hogar · Valle,Holt-Winters,paso,2026-08-24,2996469.45,6293150.616430108,,
Hogar · Valle,Holt-Winters,paso,2026-08-31,2541658.38,6007797.3658421775,,
Hogar · Valle,Holt-Winters,paso,2026-09-07,3498847.7800000003,5898604.9964154605,,
Hogar · Valle,Holt-Winters,paso,2026-09-14,3114769.52,5054945.4210946765,,
Hogar · Valle,Holt-Winters,paso,2026-09-21,6839532.24,3887720.233878267,,
Hogar · Valle,Holt-Winters,paso,2026-09-28,3155747.8600000003,4672856.189645513,,
Hogar · Valle,ARIMA,paso,2026-08-10,2606365.92,12375310.88033488,,
Hogar · Valle,ARIMA,paso,2026-08-17,1747725.92,7137804.829219707,,
Hogar · Valle,ARIMA,paso,2026-08-24,2996469.45,4739573.803370464,,
Hogar · Valle,ARIMA,paso,2026-08-31,2541658.38,3906046.682760305,,
Hogar · Valle,ARIMA,paso,2026-09-07,3498847.7800000003,3256308.974303443,,
Hogar · Valle,ARIMA,paso,2026-09-14,3114769.52,3349270.271936061,,
Hogar · Valle,ARIMA,paso,2026-09-21,6839532.24,3250436.190867898,,
Hogar · Valle,ARIMA,paso,2026-09-28,3155747.8600000003,4786117.34349539,,
Hogar · Valle,Random Forest,paso,2026-08-10,2606365.92,11494311.299833909,,
Hogar · Valle,Random Forest,paso,2026-08-17,1747725.92,11788944.919176081,,
Hogar · Valle,Random Forest,paso,2026-08-24,2996469.45,8569221.570822058,,
Hogar · Valle,Random Forest,paso,2026-08-31,2541658.38,6181569.006761121,,
Hogar · Valle,Random Forest,paso,2026-09-07,3498847.7800000003,3569650.9632930327,,
Hogar · Valle,Random Forest,paso,2026-09-14,3114769.52,3881374.7670292915,,
Hogar · Valle,Random Forest,paso,2026-09-21,6839532.24,3335303.2882105843,,
Hogar · Valle,Random Forest,paso,2026-09-28,3155747.8600000003,6057367.96319109,,
Hogar · Valle,XGBoost,paso,2026-08-10,2606365.92,12671159.0,,
Hogar · Valle,XGBoost,paso,2026-08-17,1747725.92,11757066.0,,
Hogar · Valle,XGBoost,paso,2026-08-24,2996469.45,9916219.0,,
Hogar · Valle,XGBoost,paso,2026-08-31,2541658.38,5952890.0,,
Hogar · Valle,XGBoost,paso,2026-09-07,3498847.7800000003,4006642.0,,
Hogar · Valle,XGBoost,paso,2026-09-14,3114769.52,5838648.0,,
Hogar · Valle,XGBoost,paso,2026-09-21,6839532.24,3477114.75,,
Hogar · Valle,XGBoost,paso,2026-09-28,3155747.8600000003,6765359.5,,
Hogar · Valle,Naive,presupuesto,2026-10-05,,3155747.8600000003,1335425.070695706,4976070.649304295
Hogar · Valle,Naive,presupuesto,2026-10-12,,3155747.8600000003,1335425.070695706,4976070.649304295
Hogar · Valle,Naive,presupuesto,2026-10-19,,3155747.8600000003,1335425.070695706,4976070.649304295
Hogar · Valle,Naive,presupuesto,2026-10-26,,3155747.8600000003,1335425.070695706,4976070.649304295
Hogar · Valle,Naive,presupuesto,2026-11-02,,3155747.8600000003,1335425.070695706,4976070.649304295
Hogar · Valle,Naive,presupuesto,2026-11-09,,3155747.8600000003,1335425.070695706,4976070.649304295
Hogar · Valle,Naive,presupuesto,2026-11-16,,3155747.8600000003,1335425.070695706,4976070.649304295
Hogar · Valle,Naive,presupuesto,2026-11-23,,3155747.8600000003,1335425.070695706,4976070.649304295
Hogar · Valle,Ajuste comercial,presupuesto,2026-10-05,,2903288.0312000006,1082965.2418957066,4723610.820504295
Hogar · Valle,Ajuste comercial,presupuesto,2026-10-12,,2903288.0312000006,1082965.2418957066,4723610.820504295
Hogar · Valle,Ajuste comercial,presupuesto,2026-10-19,,2903288.0312000006,1082965.2418957066,4723610.820504295
Hogar · Valle,Ajuste comercial,presupuesto,2026-10-26,,2903288.0312000006,1082965.2418957066,4723610.820504295
Hogar · Valle,Ajuste comercial,presupuesto,2026-11-02,,2903288.0312000006,1082965.2418957066,4723610.820504295
Hogar · Valle,Ajuste comercial,presupuesto,2026-11-09,,2903288.0312000006,1082965.2418957066,4723610.820504295
Hogar · Valle,Ajuste comercial,presupuesto,2026-11-16,,2903288.0312000006,1082965.2418957066,4723610.820504295
Hogar · Valle,Ajuste comercial,presupuesto,2026-11-23,,2903288.0312000006,1082965.2418957066,4723610.820504295
Hogar · Valle,Promedio móvil,presupuesto,2026-10-05,,4152224.3500000006,2331901.560695707,5972547.139304294
Hogar · Valle,Promedio móvil,presupuesto,2026-10-12,,4152224.3500000006,2331901.560695707,5972547.139304294
Hogar · Valle,Promedio móvil,presupuesto,2026-10-19,,4152224.3500000006,2331901.560695707,5972547.139304294
Hogar · Valle,Promedio móvil,presupuesto,2026-10-26,,4152224.3500000006,2331901.560695707,5972547.139304294
Hogar · Valle,Promedio móvil,presupuesto,2026-11-02,,4152224.3500000006,2331901.560695707,5972547.139304294
Hogar · Valle,Promedio móvil,presupuesto,2026-11-09,,4152224.3500000006,2331901.560695707,5972547.139304294
Hogar · Valle,Promedio móvil,presupuesto,2026-11-16,,4152224.3500000006,2331901.560695707,5972547.139304294
Hogar · Valle,Promedio móvil,presupuesto,2026-11-23,,4152224.3500000006,2331901.560695707,5972547.139304294
Hogar · Valle,Suavización simple,presupuesto,2026-10-05,,4104287.5167600703,2283964.727455776,5924610.3060643645
Hogar · Valle,Suavización simple,presupuesto,2026-10-12,,4104287.5167600703,2283964.727455776,5924610.3060643645
Hogar · Valle,Suavización simple,presupuesto,2026-10-19,,4104287.5167600703,2283964.727455776,5924610.3060643645
Hogar · Valle,Suavización simple,presupuesto,2026-10-26,,4104287.5167600703,2283964.727455776,5924610.3060643645
Hogar · Valle,Suavización simple,presupuesto,2026-11-02,,4104287.5167600703,2283964.727455776,5924610.3060643645
Hogar · Valle,Suavización simple,presupuesto,2026-11-09,,4104287.5167600703,2283964.727455776,5924610.3060643645
Hogar · Valle,Suavización simple,presupuesto,2026-11-16,,4104287.5167600703,2283964.727455776,5924610.3060643645
Hogar · Valle,Suavización simple,presupuesto,2026-11-23,,4104287.5167600703,2283964.727455776,5924610.3060643645
Hogar · Valle,Holt,presupuesto,2026-10-05,,4044520.6829513595,2233820.076769649,5855221.28913307
Hogar · Valle,Holt,presupuesto,2026-10-12,,4020244.397709468,2209543.7915277574,5830945.003891178
Hogar · Valle,Holt,presupuesto,2026-10-19,,3995968.1124675767,2185267.506285866,5806668.718649288
Hogar · Valle,Holt,presupuesto,2026-10-26,,3971691.827225685,2160991.221043974,5782392.433407396
Hogar · Valle,Holt,presupuesto,2026-11-02,,3947415.541983794,2136714.9358020835,5758116.148165504
Hogar · Valle,Holt,presupuesto,2026-11-09,,3923139.256741903,2112438.650560192,5733839.862923614
Hogar · Valle,Holt,presupuesto,2026-11-16,,3898862.971500011,2088162.3653183004,5709563.577681722
Hogar · Valle,Holt,presupuesto,2026-11-23,,3874586.68625812,2063886.0800764093,5685287.2924398305
Hogar · Valle,Holt-Winters,presupuesto,2026-10-05,,2225620.75366138,242919.7934013938,4208321.713921366
Hogar · Valle,Holt-Winters,presupuesto,2026-10-12,,0.0,0.0,1982700.9602599863
Hogar · Valle,Holt-Winters,presupuesto,2026-10-19,,3749751.5105025303,1767050.550242544,5732452.470762516
Hogar · Valle,Holt-Winters,presupuesto,2026-10-26,,1295814.156479417,0.0,3278515.1167394035
Hogar · Valle,Holt-Winters,presupuesto,2026-11-02,,0.0,0.0,1982700.9602599863
Hogar · Valle,Holt-Winters,presupuesto,2026-11-09,,1936640.7223840393,0.0,3919341.6826440254
Hogar · Valle,Holt-Winters,presupuesto,2026-11-16,,1066304.3218568738,0.0,3049005.28211686
Hogar · Valle,Holt-Winters,presupuesto,2026-11-23,,850017.3065263317,0.0,2832718.2667863183
Hogar · Valle,ARIMA,presupuesto,2026-10-05,,4129385.016203781,2343645.355505511,5915124.676902051
Hogar · Valle,ARIMA,presupuesto,2026-10-12,,4109954.747548707,2324215.0868504364,5895694.408246977
Hogar · Valle,ARIMA,presupuesto,2026-10-19,,4110342.505285357,2324602.8445870867,5896082.165983628
Hogar · Valle,ARIMA,presupuesto,2026-10-26,,4110334.767046375,2324595.106348105,5896074.427744646
Hogar · Valle,ARIMA,presupuesto,2026-11-02,,4110334.9214735776,2324595.260775307,5896074.582171848
Hogar · Valle,ARIMA,presupuesto,2026-11-09,,4110334.91839177,2324595.2576935003,5896074.57909004
Hogar · Valle,ARIMA,presupuesto,2026-11-16,,4110334.918453272,2324595.257755002,5896074.579151542
Hogar · Valle,ARIMA,presupuesto,2026-11-23,,4110334.9184520445,2324595.2577537745,5896074.579150314
Hogar · Valle,Random Forest,presupuesto,2026-10-05,,4756886.017489825,2867980.9786984604,6645791.05628119
Hogar · Valle,Random Forest,presupuesto,2026-10-12,,4556677.242971737,2667772.204180372,6445582.281763102
Hogar · Valle,Random Forest,presupuesto,2026-10-19,,4501691.22630144,2612786.187510075,6390596.265092805
Hogar · Valle,Random Forest,presupuesto,2026-10-26,,4557288.374254419,2668383.3354630535,6446193.4130457835
Hogar · Valle,Random Forest,presupuesto,2026-11-02,,4471989.48159906,2583084.442807695,6360894.520390425
Hogar · Valle,Random Forest,presupuesto,2026-11-09,,4468015.635194298,2579110.596402933,6356920.673985663
Hogar · Valle,Random Forest,presupuesto,2026-11-16,,4483999.8066014405,2595094.7678100755,6372904.8453928055
Hogar · Valle,Random Forest,presupuesto,2026-11-23,,4468015.635194298,2579110.596402933,6356920.673985663
Hogar · Valle,XGBoost,presupuesto,2026-10-05,,4639257.5,1724657.705377968,7553857.294622032
Hogar · Valle,XGBoost,presupuesto,2026-10-12,,4199631.0,1285031.205377968,7114230.794622032
Hogar · Valle,XGBoost,presupuesto,2026-10-19,,4612924.5,1698324.705377968,7527524.294622032
Hogar · Valle,XGBoost,presupuesto,2026-10-26,,4509634.0,1595034.205377968,7424233.794622032
Hogar · Valle,XGBoost,presupuesto,2026-11-02,,4645201.5,1730601.705377968,7559801.294622032
Hogar · Valle,XGBoost,presupuesto,2026-11-09,,4645201.5,1730601.705377968,7559801.294622032
Hogar · Valle,XGBoost,presupuesto,2026-11-16,,4645201.5,1730601.705377968,7559801.294622032
Hogar · Valle,XGBoost,presupuesto,2026-11-23,,4645201.5,1730601.705377968,7559801.294622032
