semana,region,canal,categoria,ventas,costo,unidades,transacciones,clientes,descuento_promedio,margen
2024-01-01,Antioquia,E-commerce,Alimentos,1527959.64,1355574.0,92,16,16,0.1183375,0.11282080723022234
2024-01-01,Antioquia,E-commerce,Bebidas,308081.64,256756.5,39,8,8,0.1336625,0.16659590620200546
2024-01-01,Antioquia,E-commerce,Cuidado personal,1445667.65,1052733.0,69,8,8,0.1675375,0.27180150984218254
2024-01-01,Antioquia,E-commerce,Hogar,2346554.5,1767617.5,85,11,11,0.17207272727272727,0.24671790064965463
2024-01-01,Antioquia,Marketplace,Alimentos,400372.22,377175.0,25,4,4,0.1748,0.05793913473816933
2024-01-01,Antioquia,Marketplace,Bebidas,92396.34999999999,80892.0,12,2,2,0.21075,0.12451087082985413
2024-01-01,Antioquia,Marketplace,Cuidado personal,1389769.86,999808.0,64,8,8,0.16018749999999998,0.28059455829614843
2024-01-01,Antioquia,Marketplace,Hogar,1095881.74,873013.0,41,8,8,0.1670625,0.20336933435901577
2024-01-01,Antioquia,Tienda,Alimentos,5723485.93,4751700.0,337,37,37,0.08318108108108109,0.1697891707755102
2024-01-01,Antioquia,Tienda,Bebidas,785992.15,592200.0,94,12,12,0.07707499999999999,0.246557360655574
2024-01-01,Antioquia,Tienda,Cuidado personal,2790400.58,1854200.0,127,19,19,0.1364421052631579,0.33550759224684507
2024-01-01,Antioquia,Tienda,Hogar,6507852.55,4497400.0,226,21,21,0.07831904761904762,0.30892718213168485
2024-01-01,Bogotá,E-commerce,Alimentos,2776276.09,2372254.5,161,22,22,0.08702272727272728,0.1455264451022232
2024-01-01,Bogotá,E-commerce,Bebidas,650196.77,520096.5,79,11,11,0.11513636363636363,0.20009368856138737
2024-01-01,Bogotá,E-commerce,Cuidado personal,3665543.77,2517405.0,165,23,23,0.12918260869565218,0.3132246788039309
2024-01-01,Bogotá,E-commerce,Hogar,3743170.14,2848983.5,137,20,20,0.17026000000000002,0.23888485068968843
2024-01-01,Bogotá,Marketplace,Alimentos,1478434.46,1357830.0,90,10,10,0.12932000000000002,0.08157579065087536
2024-01-01,Bogotá,Marketplace,Bebidas,615339.95,519057.0,77,5,5,0.1661,0.156471150621701
2024-01-01,Bogotá,Marketplace,Cuidado personal,1300132.71,984186.0,63,10,10,0.1871,0.24301112307219774
2024-01-01,Bogotá,Marketplace,Hogar,2052976.47,1746026.0,82,15,15,0.23188,0.1495148505038638
2024-01-01,Bogotá,Tienda,Alimentos,10968569.66,9193200.0,652,43,43,0.07177906976744186,0.1618597241967099
2024-01-01,Bogotá,Tienda,Bebidas,3038494.6,2286900.0,363,32,32,0.0821625,0.24735755660056136
2024-01-01,Bogotá,Tienda,Cuidado personal,5745440.82,3810600.0,261,30,30,0.12142,0.336761073800426
2024-01-01,Bogotá,Tienda,Hogar,8519496.73,5790900.0,291,38,38,0.08802631578947369,0.32027675066670286
2024-01-01,Caribe,E-commerce,Alimentos,2702992.58,2372254.5,161,15,15,0.09895999999999999,0.1223599659307981
2024-01-01,Caribe,E-commerce,Cuidado personal,1916091.43,1312102.0,86,12,12,0.119,0.3152195247801928
2024-01-01,Caribe,E-commerce,Hogar,966160.49,873411.0,42,9,9,0.26518888888888886,0.09599801581619219
2024-01-01,Caribe,Marketplace,Alimentos,282149.4,271566.0,18,4,4,0.16970000000000002,0.03750991495994683
2024-01-01,Caribe,Marketplace,Bebidas,182291.5,161784.0,24,3,3,0.17753333333333332,0.11249838856995527
2024-01-01,Caribe,Marketplace,Cuidado personal,995091.48,734234.0,47,7,7,0.16294285714285714,0.2621442201474783
2024-01-01,Caribe,Marketplace,Hogar,786629.53,660083.0,31,5,5,0.26072,0.1608718274280906
2024-01-01,Caribe,Tienda,Alimentos,5094962.39,4244100.0,301,25,25,0.071448,0.16700072049010742
2024-01-01,Caribe,Tienda,Bebidas,926104.03,699300.0,111,9,9,0.09857777777777778,0.24490124505775018
2024-01-01,Caribe,Tienda,Cuidado personal,2159774.83,1430800.0,98,15,15,0.12879333333333334,0.33752353248787514
2024-01-01,Caribe,Tienda,Hogar,5488860.05,3860600.0,194,18,18,0.12622777777777777,0.29664812641743343
2024-01-01,Eje Cafetero,E-commerce,Alimentos,754068.78,663052.5,45,9,9,0.10683333333333334,0.12070023638957712
2024-01-01,Eje Cafetero,E-commerce,Bebidas,196092.62,151420.5,23,4,4,0.092325,0.22781132711674715
2024-01-01,Eje Cafetero,E-commerce,Cuidado personal,1100724.58,793364.0,52,7,7,0.16497142857142857,0.27923477460637797
2024-01-01,Eje Cafetero,E-commerce,Hogar,1006046.13,748638.0,36,8,8,0.12265,0.2558611601636995
2024-01-01,Eje Cafetero,Marketplace,Alimentos,39398.1,45261.0,3,1,1,0.2939,-0.14881174472880676
2024-01-01,Eje Cafetero,Marketplace,Bebidas,38737.83,40446.0,6,2,2,0.29825,-0.044095655332268176
2024-01-01,Eje Cafetero,Marketplace,Cuidado personal,445088.07999999996,359306.0,23,5,5,0.23552,0.19273057144105044
2024-01-01,Eje Cafetero,Marketplace,Hogar,711006.1,574911.0,27,4,4,0.199,0.1914120005440178
2024-01-01,Eje Cafetero,Tienda,Alimentos,2202259.0300000003,1804800.0,128,13,13,0.06578461538461539,0.1804778750299869
2024-01-01,Eje Cafetero,Tienda,Bebidas,1329748.26,1026900.0,163,10,10,0.08166,0.22774856648430583
2024-01-01,Eje Cafetero,Tienda,Cuidado personal,1533390.3900000001,1007400.0,69,8,8,0.1404875,0.34302444663162396
2024-01-01,Eje Cafetero,Tienda,Hogar,2531319.9699999997,1691500.0,85,10,10,0.05134999999999999,0.33177155790383933
2024-01-01,Valle,E-commerce,Alimentos,2609315.46,2313316.5,157,11,11,0.11654545454545455,0.11343931561268562
2024-01-01,Valle,E-commerce,Bebidas,129556.6,111919.5,17,3,3,0.17863333333333334,0.13613432275931914
2024-01-01,Valle,E-commerce,Cuidado personal,1382108.53,976448.0,64,11,11,0.17075454545454544,0.2935084482837249
2024-01-01,Valle,E-commerce,Hogar,1388057.59,1060570.5,51,7,7,0.16002857142857144,0.2359319183579408
2024-01-01,Valle,Marketplace,Alimentos,805806.1799999999,769437.0,51,7,7,0.15752857142857143,0.04513390552551972
2024-01-01,Valle,Marketplace,Bebidas,101661.47,80892.0,12,3,3,0.08889999999999999,0.20430031161264933
2024-01-01,Valle,Marketplace,Cuidado personal,745599.19,624880.0,40,7,7,0.26475714285714286,0.16190896076483124
2024-01-01,Valle,Marketplace,Hogar,1550442.55,1256287.0,59,8,8,0.1904125,0.18972360504425012
2024-01-01,Valle,Tienda,Alimentos,5443818.16,4624800.0,328,24,24,0.09025,0.15044921338812686
2024-01-01,Valle,Tienda,Bebidas,1627501.54,1241100.0,197,12,12,0.11750833333333334,0.23742007641971266
2024-01-01,Valle,Tienda,Cuidado personal,2238063.1,1416200.0,97,13,13,0.0801076923076923,0.36722070079257374
2024-01-01,Valle,Tienda,Hogar,6971188.61,4855600.0,244,24,24,0.10269583333333333,0.30347602515950295
2024-01-08,Antioquia,E-commerce,Alimentos,1184998.82,1075618.5,73,13,13,0.1369846153846154,0.09230415942523897
2024-01-08,Antioquia,E-commerce,Bebidas,304414.94,237006.0,36,7,7,0.1005,0.22143768633694522
2024-01-08,Antioquia,E-commerce,Cuidado personal,1422215.94,1037476.0,68,10,10,0.17236,0.2705214652565348
2024-01-08,Antioquia,E-commerce,Hogar,3598215.53,2828188.0,136,17,17,0.1771529411764706,0.2140026142347287
2024-01-08,Antioquia,Marketplace,Alimentos,1486021.12,1357830.0,90,9,9,0.11177777777777778,0.08626466897051914
2024-01-08,Antioquia,Marketplace,Bebidas,385202.28,357273.0,53,9,9,0.21526666666666666,0.07250548984289508
2024-01-08,Antioquia,Marketplace,Cuidado personal,550503.48,390550.0,25,6,6,0.12508333333333335,0.2905585265328386
2024-01-08,Antioquia,Marketplace,Hogar,1325087.47,1043357.0,49,8,8,0.1616,0.21261273416161725
2024-01-08,Antioquia,Tienda,Alimentos,5644066.71,4709400.0,334,30,30,0.08284666666666667,0.16560164116132498
2024-01-08,Antioquia,Tienda,Bebidas,1697746.3599999999,1260000.0,200,21,21,0.07146190476190475,0.25783966928958685
2024-01-08,Antioquia,Tienda,Cuidado personal,2449877.21,1547600.0,106,18,18,0.08162222222222222,0.3682948705825138
2024-01-08,Antioquia,Tienda,Hogar,7461395.58,5134200.0,258,31,31,0.09618064516129031,0.3118981636944653
2024-01-08,Bogotá,E-commerce,Alimentos,2093891.0,1827078.0,124,17,17,0.10165294117647058,0.12742449344306844
2024-01-08,Bogotá,E-commerce,Bebidas,1492870.1,1158696.0,176,18,18,0.08544444444444445,0.22384673656468843
2024-01-08,Bogotá,E-commerce,Cuidado personal,2957554.11,2135980.0,140,18,18,0.15941111111111111,0.27778836141057106
2024-01-08,Bogotá,E-commerce,Hogar,3786353.32,2828188.0,136,17,17,0.1241764705882353,0.2530575567100008
2024-01-08,Bogotá,Marketplace,Alimentos,1177794.19,1101351.0,73,11,11,0.16721818181818182,0.06490369085620973
2024-01-08,Bogotá,Marketplace,Bebidas,616204.16,525798.0,78,7,7,0.12155714285714285,0.14671462133588975
2024-01-08,Bogotá,Marketplace,Cuidado personal,2454104.2,1874640.0,120,17,17,0.19276470588235295,0.2361204548690313
2024-01-08,Bogotá,Marketplace,Hogar,1456431.52,1277580.0,60,12,12,0.24145833333333333,0.12280118738435435
2024-01-08,Bogotá,Tienda,Alimentos,8652851.86,7148700.0,507,42,42,0.07314285714285715,0.17383307657829236
2024-01-08,Bogotá,Tienda,Bebidas,2913789.95,2192400.0,348,27,27,0.08004814814814816,0.24757788391713004
2024-01-08,Bogotá,Tienda,Cuidado personal,6016083.35,3883600.0,266,37,37,0.09307567567567568,0.35446373095878064
2024-01-08,Bogotá,Tienda,Hogar,11133461.2,7701300.0,387,42,42,0.0957595238095238,0.3082744115549619
2024-01-08,Caribe,E-commerce,Alimentos,1157376.09,1001946.0,68,7,7,0.11222857142857143,0.13429523155260628
2024-01-08,Caribe,E-commerce,Bebidas,562381.37,441094.5,67,3,3,0.06626666666666667,0.21566658582591383
2024-01-08,Caribe,E-commerce,Cuidado personal,1860126.71,1251074.0,82,10,10,0.12345999999999999,0.32742538813390837
2024-01-08,Caribe,E-commerce,Hogar,2466573.57,1830004.0,88,11,11,0.13767272727272728,0.25807848496487373
2024-01-08,Caribe,Marketplace,Alimentos,487397.58999999997,482784.0,32,5,5,0.15994,0.009465762848765763
2024-01-08,Caribe,Marketplace,Bebidas,76525.87,74151.0,11,3,3,0.22576666666666667,0.031033557671412235
2024-01-08,Caribe,Marketplace,Cuidado personal,879047.8400000001,640502.0,41,8,8,0.1761,0.2713684388326352
2024-01-08,Caribe,Marketplace,Hogar,585434.7,532325.0,25,5,5,0.22998,0.09071840121537032
2024-01-08,Caribe,Tienda,Alimentos,5799259.41,4892700.0,347,28,28,0.07211785714285714,0.1563233071513868
2024-01-08,Caribe,Tienda,Bebidas,823337.86,604800.0,96,12,12,0.08276666666666667,0.2654291398673201
2024-01-08,Caribe,Tienda,Cuidado personal,2955942.31,1883400.0,129,16,16,0.09606875,0.36284277483074423
2024-01-08,Caribe,Tienda,Hogar,4987986.1899999995,3502400.0,176,14,14,0.08327857142857142,0.29783285947710286
2024-01-08,Eje Cafetero,E-commerce,Alimentos,850869.93,780928.5,53,10,10,0.13841,0.0821999080399986
2024-01-08,Eje Cafetero,E-commerce,Bebidas,163440.04,144837.0,22,4,4,0.189475,0.11382180278467875
2024-01-08,Eje Cafetero,E-commerce,Cuidado personal,2000419.84,1403644.0,92,13,13,0.14596923076923077,0.29832529555395737
2024-01-08,Eje Cafetero,E-commerce,Hogar,1403926.83,1060570.5,51,8,8,0.133975,0.24456853638162898
2024-01-08,Eje Cafetero,Marketplace,Alimentos,191097.83000000002,181044.0,12,2,2,0.15860000000000002,0.05261090615210029
2024-01-08,Eje Cafetero,Marketplace,Bebidas,122959.10999999999,107856.0,16,4,4,0.178375,0.12283034579544361
2024-01-08,Eje Cafetero,Marketplace,Cuidado personal,538990.57,421794.0,27,3,3,0.20276666666666665,0.21743714365911812
2024-01-08,Eje Cafetero,Marketplace,Hogar,578665.1900000001,468446.0,22,3,3,0.23256666666666667,0.19047143651409212
2024-01-08,Eje Cafetero,Tienda,Alimentos,1410012.81,1184400.0,84,13,13,0.11932307692307693,0.16000763142002947
2024-01-08,Eje Cafetero,Tienda,Bebidas,1900404.1800000002,1467900.0,233,15,15,0.09527333333333333,0.2275853655510272
2024-01-08,Eje Cafetero,Tienda,Cuidado personal,1332334.46,861400.0,59,7,7,0.11802857142857141,0.35346564555569626
2024-01-08,Eje Cafetero,Tienda,Hogar,3147638.2800000003,2169100.0,109,8,8,0.059949999999999996,0.31088015615313974
2024-01-08,Valle,E-commerce,Alimentos,1502315.32,1296636.0,88,12,12,0.11514166666666666,0.13690822243628592
2024-01-08,Valle,E-commerce,Bebidas,540248.01,414760.5,63,10,10,0.08421999999999999,0.23227759783881483
2024-01-08,Valle,E-commerce,Cuidado personal,1987160.01,1479929.0,97,19,19,0.1942263157894737,0.25525423591832447
2024-01-08,Valle,E-commerce,Hogar,1541544.25,1122957.0,54,7,7,0.12288571428571428,0.27153761560850426
2024-01-08,Valle,Marketplace,Alimentos,502158.06,452610.0,30,4,4,0.114,0.09867024737191313
2024-01-08,Valle,Marketplace,Bebidas,542359.22,471870.0,70,5,5,0.20078000000000001,0.12996777301951273
2024-01-08,Valle,Marketplace,Cuidado personal,1160201.82,874832.0,56,10,10,0.20007000000000003,0.24596567173114764
2024-01-08,Valle,Marketplace,Hogar,1759478.87,1320166.0,62,8,8,0.1212625,0.24968351566506738
2024-01-08,Valle,Tienda,Alimentos,5988910.600000001,4963200.0,352,27,27,0.06765925925925925,0.17126831046701557
2024-01-08,Valle,Tienda,Bebidas,1813000.1600000001,1398600.0,222,10,10,0.11079999999999998,0.22857149665116416
2024-01-08,Valle,Tienda,Cuidado personal,3906432.61,2511200.0,172,23,23,0.1099608695652174,0.35716285145387416
2024-01-08,Valle,Tienda,Hogar,8624146.2,6069500.0,305,25,25,0.124064,0.29622018699080027
2024-01-15,Antioquia,E-commerce,Alimentos,2960382.38,2637475.5,179,16,16,0.1230875,0.10907607144993205
2024-01-15,Antioquia,E-commerce,Bebidas,658029.0,513513.0,78,11,11,0.11382727272727272,0.2196195000524293
2024-01-15,Antioquia,E-commerce,Cuidado personal,1491998.76,1067990.0,70,11,11,0.17662727272727274,0.28418841313246135
2024-01-15,Antioquia,E-commerce,Hogar,2893704.82,2121141.0,102,12,12,0.12660000000000002,0.2669808664174668
2024-01-15,Antioquia,Marketplace,Alimentos,2325929.11,2157441.0,143,14,14,0.14519285714285715,0.0724390564078713
2024-01-15,Antioquia,Marketplace,Bebidas,185603.33000000002,155043.0,23,3,3,0.17463333333333333,0.1646539962402615
2024-01-15,Antioquia,Marketplace,Cuidado personal,756810.35,578014.0,37,7,7,0.20784285714285716,0.23624987422542515
2024-01-15,Antioquia,Marketplace,Hogar,1154513.17,1000771.0,47,8,8,0.2319625,0.13316623317514856
2024-01-15,Antioquia,Tienda,Alimentos,7886257.71,6556500.0,465,45,45,0.07802444444444444,0.1686170752844951
2024-01-15,Antioquia,Tienda,Bebidas,1562156.28,1184400.0,188,20,20,0.09702000000000001,0.24181721434426523
2024-01-15,Antioquia,Tienda,Cuidado personal,1970873.22,1226400.0,84,12,12,0.06431666666666667,0.37773775220305644
2024-01-15,Antioquia,Tienda,Hogar,5135702.67,3542200.0,178,20,20,0.098465,0.3102793857807193
2024-01-15,Bogotá,E-commerce,Alimentos,3557122.16,3123714.0,212,21,21,0.11683333333333333,0.12184236034221556
2024-01-15,Bogotá,E-commerce,Bebidas,834580.11,651766.5,99,15,15,0.10186666666666667,0.21904860637045376
2024-01-15,Bogotá,E-commerce,Cuidado personal,2217236.25,1510443.0,99,17,17,0.1225235294117647,0.31877218767282917
2024-01-15,Bogotá,E-commerce,Hogar,4150534.5700000003,3202507.0,154,24,24,0.16909166666666667,0.2284109562301514
2024-01-15,Bogotá,Marketplace,Alimentos,1222496.58,1176786.0,78,12,12,0.17759999999999998,0.03739117208818701
2024-01-15,Bogotá,Marketplace,Bebidas,799225.58,680841.0,101,15,15,0.14894000000000002,0.1481241128443361
2024-01-15,Bogotá,Marketplace,Cuidado personal,1171079.89,859210.0,55,10,10,0.18221,0.26630966227248587
2024-01-15,Bogotá,Marketplace,Hogar,1561940.19,1298873.0,61,11,11,0.22748181818181817,0.1684233440462275
2024-01-15,Bogotá,Tienda,Alimentos,12018778.92,10236600.0,726,46,46,0.0910804347826087,0.14828286066851123
2024-01-15,Bogotá,Tienda,Bebidas,3387397.62,2532600.0,402,30,30,0.07271,0.25234640744655185
2024-01-15,Bogotá,Tienda,Cuidado personal,8133432.59,5358200.0,367,35,35,0.09514857142857143,0.3412129576646556
2024-01-15,Bogotá,Tienda,Hogar,12363072.76,8517200.0,428,39,39,0.08251794871794872,0.3110774185882895
2024-01-15,Caribe,E-commerce,Alimentos,2462267.33,2239644.0,152,16,16,0.1391375,0.09041395598584337
2024-01-15,Caribe,E-commerce,Bebidas,277742.48,230422.5,35,7,7,0.13078571428571428,0.17037357771126688
2024-01-15,Caribe,E-commerce,Cuidado personal,1015318.96,762850.0,50,10,10,0.19409,0.2486597512174893
2024-01-15,Caribe,E-commerce,Hogar,2025387.28,1538867.0,74,11,11,0.18126363636363638,0.24021098819184844
2024-01-15,Caribe,Marketplace,Alimentos,128816.86,120696.0,8,2,2,0.15239999999999998,0.06304190305523671
2024-01-15,Caribe,Marketplace,Bebidas,131579.82,101115.0,15,2,2,0.0464,0.23153109648576814
2024-01-15,Caribe,Marketplace,Cuidado personal,612681.9,453038.0,29,3,3,0.16633333333333333,0.2605657193398402
2024-01-15,Caribe,Marketplace,Hogar,314459.94999999995,276809.0,13,3,3,0.22656666666666667,0.11973209942951386
2024-01-15,Caribe,Tienda,Alimentos,3788673.89,3116100.0,221,23,23,0.07801739130434783,0.17752224380547044
2024-01-15,Caribe,Tienda,Bebidas,892224.51,674100.0,107,13,13,0.10307692307692308,0.24447267201839143
2024-01-15,Caribe,Tienda,Cuidado personal,4035630.1700000004,2671800.0,183,18,18,0.12238333333333334,0.3379472628930218
2024-01-15,Caribe,Tienda,Hogar,2475363.33,1711400.0,86,12,12,0.093725,0.30862674611892227
2024-01-15,Eje Cafetero,E-commerce,Alimentos,444049.05000000005,412566.0,28,5,5,0.15708,0.07089993774336426
2024-01-15,Eje Cafetero,E-commerce,Bebidas,484972.75,368676.0,56,7,7,0.06981428571428572,0.2398005867339969
2024-01-15,Eje Cafetero,E-commerce,Cuidado personal,3179856.71,2364835.0,155,10,10,0.22602000000000003,0.25630768437990403
2024-01-15,Eje Cafetero,E-commerce,Hogar,350573.54000000004,270341.5,13,2,2,0.19635,0.22885937141747786
2024-01-15,Eje Cafetero,Marketplace,Alimentos,201177.75,226305.0,15,3,3,0.2820333333333333,-0.12490074076283286
2024-01-15,Eje Cafetero,Marketplace,Bebidas,306930.63,242676.0,36,4,4,0.067325,0.20934577301717983
2024-01-15,Eje Cafetero,Marketplace,Cuidado personal,798182.33,593636.0,38,6,6,0.1994,0.25626516938805194
2024-01-15,Eje Cafetero,Marketplace,Hogar,731274.6499999999,596204.0,28,5,5,0.20059999999999997,0.18470577367887692
2024-01-15,Eje Cafetero,Tienda,Alimentos,3679746.08,3116100.0,221,19,19,0.09028421052631579,0.15317526474544135
2024-01-15,Eje Cafetero,Tienda,Bebidas,521320.08,390600.0,62,7,7,0.08602857142857143,0.2507482159520884
2024-01-15,Eje Cafetero,Tienda,Cuidado personal,2359865.92,1576800.0,108,10,10,0.11301999999999998,0.3318264454617828
2024-01-15,Eje Cafetero,Tienda,Hogar,3037428.84,2069600.0,104,13,13,0.08684615384615385,0.31863424329637957
2024-01-15,Valle,E-commerce,Alimentos,2201266.71,1856547.0,126,16,16,0.07049375,0.1566006102004786
2024-01-15,Valle,E-commerce,Bebidas,417869.22,329175.0,50,9,9,0.10314444444444444,0.21225353712340903
2024-01-15,Valle,E-commerce,Cuidado personal,1447175.17,1098504.0,72,11,11,0.2073818181818182,0.2409322501021075
2024-01-15,Valle,E-commerce,Hogar,1624954.54,1247730.0,60,10,10,0.16557,0.23214467279804643
2024-01-15,Valle,Marketplace,Alimentos,676868.8400000001,633654.0,42,5,5,0.16455999999999998,0.06384521999860428
2024-01-15,Valle,Marketplace,Bebidas,238476.21,208971.0,31,4,4,0.194675,0.12372391359289044
2024-01-15,Valle,Marketplace,Cuidado personal,722786.27,562392.0,36,6,6,0.19573333333333334,0.22191106369521935
2024-01-15,Valle,Marketplace,Hogar,413930.93,383274.0,18,4,4,0.257525,0.0740629118969196
2024-01-15,Valle,Tienda,Alimentos,9024551.2,7740900.0,549,36,36,0.10206944444444445,0.1422398933256647
2024-01-15,Valle,Tienda,Bebidas,1812224.48,1367100.0,217,14,14,0.08084999999999999,0.2456232574454573
2024-01-15,Valle,Tienda,Cuidado personal,3097063.34,2102400.0,144,19,19,0.1584157894736842,0.3211633831163427
2024-01-15,Valle,Tienda,Hogar,3554409.27,2467600.0,124,13,13,0.10217692307692308,0.3057636832012876
2024-01-22,Antioquia,E-commerce,Alimentos,881239.76,839866.5,57,10,10,0.18474,0.04694892568170098
2024-01-22,Antioquia,E-commerce,Bebidas,456818.72000000003,355509.0,54,6,6,0.11036666666666667,0.22177226012103887
2024-01-22,Antioquia,E-commerce,Cuidado personal,2000501.86,1357873.0,89,15,15,0.13094,0.32123382279684565
2024-01-22,Antioquia,E-commerce,Hogar,2380037.8,1726026.5,83,10,10,0.10932,0.2747902995490239
2024-01-22,Antioquia,Marketplace,Alimentos,240025.69,211218.0,14,3,3,0.09243333333333333,0.12001919461204341
2024-01-22,Antioquia,Marketplace,Cuidado personal,1254419.23,937320.0,60,8,8,0.183225,0.25278568951784963
2024-01-22,Antioquia,Marketplace,Hogar,1710161.48,1341459.0,63,8,8,0.1449875,0.21559512613978418
2024-01-22,Antioquia,Tienda,Alimentos,3877996.24,3158400.0,224,28,28,0.07223928571428571,0.18555877712764368
2024-01-22,Antioquia,Tienda,Bebidas,1572325.75,1178100.0,187,17,17,0.08380588235294117,0.25072778334896567
2024-01-22,Antioquia,Tienda,Cuidado personal,6377096.18,4175600.0,286,34,34,0.11271176470588234,0.3452192217053875
2024-01-22,Antioquia,Tienda,Hogar,4198007.22,2945200.0,148,17,17,0.10261176470588235,0.298429029381231
2024-01-22,Bogotá,E-commerce,Alimentos,2088556.94,1768140.0,120,14,14,0.06618571428571428,0.15341546781099488
2024-01-22,Bogotá,E-commerce,Bebidas,567513.89,460845.0,70,8,8,0.1264875,0.18795820134023505
2024-01-22,Bogotá,E-commerce,Cuidado personal,3549206.21,2532662.0,166,21,21,0.14840952380952382,0.28641452478468415
2024-01-22,Bogotá,E-commerce,Hogar,2813370.94,2079550.0,100,14,14,0.14067857142857143,0.260833340377078
2024-01-22,Bogotá,Marketplace,Alimentos,1559253.88,1523787.0,101,15,15,0.1974266666666667,0.022746058518706324
2024-01-22,Bogotá,Marketplace,Bebidas,1270908.79,1065078.0,158,3,3,0.0987,0.16195559557031627
2024-01-22,Bogotá,Marketplace,Cuidado personal,920488.22,702990.0,45,9,9,0.21585555555555558,0.23628571802906936
2024-01-22,Bogotá,Marketplace,Hogar,1437391.94,1149822.0,54,11,11,0.1675,0.20006369313577754
2024-01-22,Bogotá,Tienda,Alimentos,8771481.41,7346100.0,521,50,50,0.081208,0.1625017877111365
2024-01-22,Bogotá,Tienda,Bebidas,3164488.21,2375100.0,377,31,31,0.06461612903225807,0.24945209386638859
2024-01-22,Bogotá,Tienda,Cuidado personal,8429145.84,5460400.0,374,45,45,0.09359111111111111,0.35220008009732096
2024-01-22,Bogotá,Tienda,Hogar,8970752.17,6248600.0,314,39,39,0.11232564102564102,0.3034474833786429
2024-01-22,Caribe,E-commerce,Alimentos,951723.38,825132.0,56,8,8,0.0874375,0.13301278781235784
2024-01-22,Caribe,E-commerce,Bebidas,189616.1,158004.0,24,4,4,0.1741,0.1667163284130409
2024-01-22,Caribe,E-commerce,Cuidado personal,1335164.03,930677.0,61,10,10,0.1463,0.3029493162723984
2024-01-22,Caribe,E-commerce,Hogar,2395540.72,1788413.0,86,9,9,0.15964444444444445,0.2534407847594426
2024-01-22,Caribe,Marketplace,Alimentos,323186.78,301740.0,20,4,4,0.141525,0.06636032575342353
2024-01-22,Caribe,Marketplace,Bebidas,125182.1,114597.0,17,5,5,0.21217999999999998,0.0845576164643348
2024-01-22,Caribe,Marketplace,Cuidado personal,471919.27999999997,374928.0,24,5,5,0.21015999999999999,0.2055251482838336
2024-01-22,Caribe,Marketplace,Hogar,1449274.75,1128529.0,53,5,5,0.13288,0.22131466100544428
2024-01-22,Caribe,Tienda,Alimentos,2511346.83,2044500.0,145,20,20,0.07927000000000001,0.1858950043949127
2024-01-22,Caribe,Tienda,Bebidas,503919.31,365400.0,58,8,8,0.0571625,0.2748839094893982
2024-01-22,Caribe,Tienda,Cuidado personal,4328960.69,2832400.0,194,17,17,0.11255294117647059,0.3457090043476464
2024-01-22,Caribe,Tienda,Hogar,9646432.57,6686400.0,336,23,23,0.06764347826086957,0.3068525642531911
2024-01-22,Eje Cafetero,E-commerce,Alimentos,492427.95,471504.0,32,4,4,0.15625,0.04249139391864335
2024-01-22,Eje Cafetero,E-commerce,Bebidas,259714.11,223839.0,34,4,4,0.16935,0.13813308025505425
2024-01-22,Eje Cafetero,E-commerce,Cuidado personal,2396705.07,1785069.0,117,14,14,0.19827857142857144,0.25519872163494856
2024-01-22,Eje Cafetero,E-commerce,Hogar,1469585.31,1060570.5,51,7,7,0.11860000000000001,0.27831988195363766
2024-01-22,Eje Cafetero,Marketplace,Alimentos,884138.13,814698.0,54,5,5,0.14174,0.07853991095260195
2024-01-22,Eje Cafetero,Marketplace,Bebidas,81210.56,80892.0,12,2,2,0.25565,0.003922642572591516
2024-01-22,Eje Cafetero,Marketplace,Cuidado personal,602745.8300000001,453038.0,29,4,4,0.18405000000000002,0.24837638445379218
2024-01-22,Eje Cafetero,Marketplace,Hogar,970085.71,787841.0,37,4,4,0.200875,0.18786454446380824
2024-01-22,Eje Cafetero,Tienda,Alimentos,1468171.67,1212600.0,86,14,14,0.08970714285714286,0.17407478649959235
2024-01-22,Eje Cafetero,Tienda,Bebidas,536703.68,390600.0,62,10,10,0.06934,0.272224106978361
2024-01-22,Eje Cafetero,Tienda,Cuidado personal,1647918.9100000001,1109600.0,76,10,10,0.14394,0.3266658976563356
2024-01-22,Eje Cafetero,Tienda,Hogar,2380067.83,1592000.0,80,9,9,0.05801111111111111,0.33111150029703146
2024-01-22,Valle,E-commerce,Alimentos,1616436.29,1488184.5,101,10,10,0.1748,0.07934231048475164
2024-01-22,Valle,E-commerce,Bebidas,567434.23,467428.5,71,5,5,0.1291,0.17624197609650724
2024-01-22,Valle,E-commerce,Cuidado personal,1911940.32,1403644.0,92,19,19,0.16700526315789474,0.2658536538420823
2024-01-22,Valle,E-commerce,Hogar,3164340.64,2349891.5,113,17,17,0.14245882352941178,0.2573835224010523
2024-01-22,Valle,Marketplace,Alimentos,378960.49,392262.0,26,5,5,0.22277999999999998,-0.03509999155848677
2024-01-22,Valle,Marketplace,Bebidas,118319.32999999999,94374.0,14,2,2,0.07765,0.20237885052256457
2024-01-22,Valle,Marketplace,Cuidado personal,569857.53,453038.0,29,5,5,0.23532000000000003,0.20499778251592116
2024-01-22,Valle,Marketplace,Hogar,725157.11,574911.0,27,3,3,0.15816666666666668,0.20719111476408195
2024-01-22,Valle,Tienda,Alimentos,7422522.04,6274500.0,445,29,29,0.09016896551724138,0.1546673804150806
2024-01-22,Valle,Tienda,Bebidas,1213387.9,900900.0,143,15,15,0.08609333333333333,0.25753339059998864
2024-01-22,Valle,Tienda,Cuidado personal,3402022.03,2204600.0,151,20,20,0.10208999999999999,0.3519736261084705
2024-01-22,Valle,Tienda,Hogar,5553527.12,3900400.0,196,22,22,0.1229590909090909,0.29767156696625624
2024-01-29,Antioquia,E-commerce,Alimentos,1534569.66,1385043.0,94,12,12,0.164,0.09743882203431542
2024-01-29,Antioquia,E-commerce,Bebidas,695261.16,533263.5,81,13,13,0.07804615384615386,0.23300260293556457
2024-01-29,Antioquia,E-commerce,Cuidado personal,1388394.16,1006962.0,66,9,9,0.17806666666666668,0.27472901499384006
2024-01-29,Antioquia,E-commerce,Hogar,1838856.97,1372503.0,66,9,9,0.14485555555555557,0.25361079062065384
2024-01-29,Antioquia,Marketplace,Alimentos,350884.81,331914.0,22,3,3,0.17490000000000003,0.05406563481616659
2024-01-29,Antioquia,Marketplace,Bebidas,432092.56,350532.0,52,8,8,0.116075,0.18875714962553394
2024-01-29,Antioquia,Marketplace,Cuidado personal,1889345.24,1546578.0,99,17,17,0.23771764705882353,0.18142117848191683
2024-01-29,Antioquia,Marketplace,Hogar,1030277.85,809134.0,38,7,7,0.16457142857142856,0.2146448649750162
2024-01-29,Antioquia,Tienda,Alimentos,4226446.06,3496800.0,248,30,30,0.09627333333333334,0.17263820468585364
2024-01-29,Antioquia,Tienda,Bebidas,791124.61,592200.0,94,11,11,0.07914545454545453,0.25144535700892934
2024-01-29,Antioquia,Tienda,Cuidado personal,5357738.84,3489400.0,239,24,24,0.1004125,0.34871778856619295
2024-01-29,Antioquia,Tienda,Hogar,7842809.7,5492400.0,276,26,26,0.10248461538461538,0.2996897527680673
2024-01-29,Bogotá,E-commerce,Alimentos,2845085.45,2519599.5,171,23,23,0.12017391304347826,0.11440287320720022
2024-01-29,Bogotá,E-commerce,Bebidas,1166678.92,934857.0,142,16,16,0.1174375,0.19870241591405452
2024-01-29,Bogotá,E-commerce,Cuidado personal,3174261.99,2227522.0,146,23,23,0.14349565217391302,0.2982551512706108
2024-01-29,Bogotá,E-commerce,Hogar,4132831.88,3077734.0,148,20,20,0.15114999999999998,0.2552965885464472
2024-01-29,Bogotá,Marketplace,Alimentos,831280.19,709089.0,47,6,6,0.050133333333333335,0.14699158174333488
2024-01-29,Bogotá,Marketplace,Bebidas,73068.18,67410.0,10,3,3,0.1771,0.0774369910404227
2024-01-29,Bogotá,Marketplace,Cuidado personal,1469867.41,1140406.0,73,15,15,0.19601333333333332,0.22414362530835344
2024-01-29,Bogotá,Marketplace,Hogar,1158952.6,958185.0,45,9,9,0.21058888888888888,0.1732319337305081
2024-01-29,Bogotá,Tienda,Alimentos,9098935.79,7599900.0,539,47,47,0.08217872340425532,0.16474847439273987
2024-01-29,Bogotá,Tienda,Bebidas,2499988.69,1896300.0,301,27,27,0.07872222222222221,0.2414765684399956
2024-01-29,Bogotá,Tienda,Cuidado personal,8066628.41,5168400.0,354,37,37,0.08774324324324324,0.3592862175735203
2024-01-29,Bogotá,Tienda,Hogar,12882950.790000001,9014700.0,453,43,43,0.10109767441860465,0.3002612408488444
2024-01-29,Caribe,E-commerce,Alimentos,627311.46,604114.5,41,6,6,0.1882,0.03697837753514014
2024-01-29,Caribe,E-commerce,Bebidas,434509.0,348925.5,53,6,6,0.10691666666666667,0.1969660007042432
2024-01-29,Caribe,E-commerce,Cuidado personal,734238.6599999999,579766.0,38,6,6,0.20743333333333333,0.2103848086669802
2024-01-29,Caribe,E-commerce,Hogar,2606169.4699999997,1933981.5,93,14,14,0.14257857142857142,0.25792181887542404
2024-01-29,Caribe,Marketplace,Alimentos,1337317.73,1237134.0,82,6,6,0.12019999999999999,0.07491393238314427
2024-01-29,Caribe,Marketplace,Bebidas,140911.38,121338.0,18,2,2,0.20290000000000002,0.13890560152061532
2024-01-29,Caribe,Marketplace,Cuidado personal,322309.61,265574.0,17,4,4,0.20825,0.17602829155481894
2024-01-29,Caribe,Marketplace,Hogar,773781.71,681376.0,32,7,7,0.24474285714285715,0.11942090231106647
2024-01-29,Caribe,Tienda,Alimentos,6350931.28,5301600.0,376,29,29,0.08772413793103448,0.16522478889111838
2024-01-29,Caribe,Tienda,Bebidas,540241.25,415800.0,66,10,10,0.11556999999999999,0.23034385101100666
2024-01-29,Caribe,Tienda,Cuidado personal,3459963.34,2204600.0,151,16,16,0.08350625,0.36282561884022735
2024-01-29,Caribe,Tienda,Hogar,4411494.28,3064600.0,154,17,17,0.10023529411764706,0.3053147515358447
2024-01-29,Eje Cafetero,E-commerce,Alimentos,858938.15,766194.0,52,7,7,0.1301857142857143,0.10797535305656178
2024-01-29,Eje Cafetero,E-commerce,Bebidas,77048.1,59251.5,9,1,1,0.0695,0.23098038757607267
2024-01-29,Eje Cafetero,E-commerce,Cuidado personal,1591174.47,1067990.0,70,9,9,0.10976666666666667,0.32880396201932527
2024-01-29,Eje Cafetero,E-commerce,Hogar,2296310.61,1746822.0,84,10,10,0.16047,0.23929193533622173
2024-01-29,Eje Cafetero,Marketplace,Alimentos,135546.86,135783.0,9,2,2,0.16355,-0.001742128146679414
2024-01-29,Eje Cafetero,Marketplace,Bebidas,169401.09,134820.0,20,2,2,0.08075,0.20413735236296293
2024-01-29,Eje Cafetero,Marketplace,Cuidado personal,409972.69999999995,296818.0,19,3,3,0.19323333333333334,0.2760054510946704
2024-01-29,Eje Cafetero,Marketplace,Hogar,576976.59,468446.0,22,3,3,0.2248,0.18810224172180015
2024-01-29,Eje Cafetero,Tienda,Alimentos,3061544.4899999998,2580300.0,183,20,20,0.11936500000000001,0.15719010178421408
2024-01-29,Eje Cafetero,Tienda,Bebidas,729929.23,548100.0,87,11,11,0.11166363636363635,0.2491052865494919
2024-01-29,Eje Cafetero,Tienda,Cuidado personal,1003402.3200000001,642400.0,44,9,9,0.09735555555555556,0.35977823930086195
2024-01-29,Eje Cafetero,Tienda,Hogar,2362502.69,1611900.0,81,9,9,0.09603333333333333,0.31771506258052135
2024-01-29,Valle,E-commerce,Alimentos,2286978.9299999997,2018626.5,137,17,17,0.12884117647058824,0.11733926643565525
2024-01-29,Valle,E-commerce,Bebidas,698092.69,526680.0,80,10,10,0.05513,0.2455443130338465
2024-01-29,Valle,E-commerce,Cuidado personal,1506943.56,1037476.0,68,9,9,0.1588,0.31153625952653463
2024-01-29,Valle,E-commerce,Hogar,3189150.99,2391482.5,115,16,16,0.13188125,0.2501193867901501
2024-01-29,Valle,Marketplace,Alimentos,730888.62,648741.0,43,6,6,0.10404999999999999,0.11239417026358954
2024-01-29,Valle,Marketplace,Bebidas,174213.19,134820.0,20,3,3,0.05753333333333333,0.2261205939688034
2024-01-29,Valle,Marketplace,Cuidado personal,1081743.98,812344.0,52,10,10,0.19336,0.2490422733852422
2024-01-29,Valle,Marketplace,Hogar,1470742.31,1171115.0,55,8,8,0.16665000000000002,0.2037252263450557
2024-01-29,Valle,Tienda,Alimentos,5683465.91,4864500.0,345,25,25,0.103804,0.14409621223539637
2024-01-29,Valle,Tienda,Bebidas,2601896.8000000003,1959300.0,311,19,19,0.07344210526315789,0.24697243949106676
2024-01-29,Valle,Tienda,Cuidado personal,3217285.4,2102400.0,144,14,14,0.11440714285714286,0.34652984158632616
2024-01-29,Valle,Tienda,Hogar,5571011.37,3920300.0,197,19,19,0.10714210526315789,0.29630371585473897
2024-02-05,Antioquia,E-commerce,Alimentos,2117815.77,1930219.5,131,18,18,0.1551111111111111,0.088580070399608
2024-02-05,Antioquia,E-commerce,Bebidas,828631.35,638599.5,97,13,13,0.08338461538461539,0.22933219941533708
2024-02-05,Antioquia,E-commerce,Cuidado personal,1816905.82,1266331.0,83,13,13,0.1408923076923077,0.3030288163202648
2024-02-05,Antioquia,E-commerce,Hogar,3052260.44,2245914.0,108,13,13,0.1191923076923077,0.26418009073957005
2024-02-05,Antioquia,Marketplace,Alimentos,1276924.2,1176786.0,78,12,12,0.1446083333333333,0.07842141295466086
2024-02-05,Antioquia,Marketplace,Bebidas,122248.45999999999,121338.0,18,3,3,0.2573666666666667,0.007447619381053896
2024-02-05,Antioquia,Marketplace,Cuidado personal,993337.35,812344.0,52,8,8,0.2514,0.1822073336918218
2024-02-05,Antioquia,Marketplace,Hogar,1443941.16,1128529.0,53,9,9,0.14909999999999998,0.21843837459415585
2024-02-05,Antioquia,Tienda,Alimentos,6401442.12,5372100.0,381,30,30,0.07283666666666666,0.1607984733290067
2024-02-05,Antioquia,Tienda,Bebidas,1159334.59,869400.0,138,19,19,0.09703684210526316,0.2500870693420784
2024-02-05,Antioquia,Tienda,Cuidado personal,3578430.42,2292200.0,157,23,23,0.10420434782608697,0.35943982948814746
2024-02-05,Antioquia,Tienda,Hogar,7670124.02,5333200.0,268,27,27,0.09591481481481481,0.3046787788445694
2024-02-05,Bogotá,E-commerce,Alimentos,3410997.44,3020572.5,205,32,32,0.1214875,0.11446063706221954
2024-02-05,Bogotá,E-commerce,Bebidas,571873.71,447678.0,68,11,11,0.12132727272727273,0.2171733161155458
2024-02-05,Bogotá,E-commerce,Cuidado personal,3272361.08,2273293.0,149,19,19,0.12836842105263158,0.3053049634730407
2024-02-05,Bogotá,E-commerce,Hogar,4606629.66,3368871.0,162,22,22,0.11381363636363635,0.2686907243157897
2024-02-05,Bogotá,Marketplace,Alimentos,636530.12,603480.0,40,7,7,0.1642714285714286,0.051922319088372436
2024-02-05,Bogotá,Marketplace,Bebidas,306169.87,256158.0,38,5,5,0.15968,0.16334680483092603
2024-02-05,Bogotá,Marketplace,Cuidado personal,835944.88,671746.0,43,9,9,0.22884444444444446,0.1964230943073663
2024-02-05,Bogotá,Marketplace,Hogar,2241783.42,1767319.0,83,13,13,0.17063846153846154,0.21164596712023143
2024-02-05,Bogotá,Tienda,Alimentos,12851008.68,10800600.0,766,57,57,0.07906491228070175,0.159552353520004
2024-02-05,Bogotá,Tienda,Bebidas,3132430.98,2381400.0,378,33,33,0.09533333333333333,0.23975978554521893
2024-02-05,Bogotá,Tienda,Cuidado personal,10024384.16,6584600.0,451,36,36,0.09342777777777778,0.3431416938035623
2024-02-05,Bogotá,Tienda,Hogar,19310575.3,13512100.0,679,52,52,0.09637115384615386,0.3002746013475839
2024-02-05,Caribe,E-commerce,Alimentos,1274829.33,1164025.5,79,11,11,0.14165454545454545,0.08691659925960447
2024-02-05,Caribe,E-commerce,Bebidas,92717.36,72418.5,11,3,3,0.1189,0.21893267884245193
2024-02-05,Caribe,E-commerce,Cuidado personal,1579683.58,1083247.0,71,11,11,0.14077272727272727,0.3142633032876116
2024-02-05,Caribe,E-commerce,Hogar,1052133.17,935797.5,45,10,10,0.25258,0.11057124071090728
2024-02-05,Caribe,Marketplace,Alimentos,270401.43,286653.0,19,4,4,0.24962499999999999,-0.06010164221394838
2024-02-05,Caribe,Marketplace,Bebidas,348061.29999999993,303345.0,45,4,4,0.165775,0.12847248458820312
2024-02-05,Caribe,Marketplace,Cuidado personal,461864.52,359306.0,23,4,4,0.1885,0.22205325492419295
2024-02-05,Caribe,Tienda,Alimentos,5226568.1,4469700.0,317,20,20,0.09409,0.14481167862330152
2024-02-05,Caribe,Tienda,Bebidas,1122509.34,844200.0,134,9,9,0.07946666666666666,0.2479349882291403
2024-02-05,Caribe,Tienda,Cuidado personal,2005963.61,1299400.0,89,13,13,0.10823846153846153,0.3522315192946098
2024-02-05,Caribe,Tienda,Hogar,7184772.41,4955100.0,249,25,25,0.076728,0.3103330603620331
2024-02-05,Eje Cafetero,E-commerce,Alimentos,1322106.81,1134556.5,77,11,11,0.10418181818181817,0.1418571544911716
2024-02-05,Eje Cafetero,E-commerce,Bebidas,409617.52,316008.0,48,7,7,0.10164285714285715,0.22852909221265735
2024-02-05,Eje Cafetero,E-commerce,Cuidado personal,1014731.35,717079.0,47,9,9,0.16064444444444445,0.29333118563844507
2024-02-05,Eje Cafetero,E-commerce,Hogar,778586.26,540683.0,26,3,3,0.05023333333333333,0.30555799944376105
2024-02-05,Eje Cafetero,Marketplace,Alimentos,449143.95,392262.0,26,4,4,0.076225,0.12664525482309183
2024-02-05,Eje Cafetero,Marketplace,Bebidas,98519.76,80892.0,12,2,2,0.1172,0.1789261362390651
2024-02-05,Eje Cafetero,Marketplace,Cuidado personal,779187.58,578014.0,37,6,6,0.18256666666666665,0.2581837610912638
2024-02-05,Eje Cafetero,Tienda,Alimentos,3079700.13,2622600.0,186,16,16,0.0878375,0.14842358369481898
2024-02-05,Eje Cafetero,Tienda,Bebidas,557381.1799999999,415800.0,66,9,9,0.09037777777777777,0.25401141100601915
2024-02-05,Eje Cafetero,Tienda,Cuidado personal,942510.88,613200.0,42,9,9,0.11186666666666666,0.3493974308285969
2024-02-05,Eje Cafetero,Tienda,Hogar,2182104.35,1572100.0,79,13,13,0.15053846153846154,0.2795486613644302
2024-02-05,Valle,E-commerce,Alimentos,1877920.64,1679733.0,114,17,17,0.1342705882352941,0.10553568440464019
2024-02-05,Valle,E-commerce,Bebidas,933519.98,770269.5,117,11,11,0.12435454545454544,0.17487625706736346
2024-02-05,Valle,E-commerce,Cuidado personal,2664880.97,1800326.0,118,14,14,0.10675714285714286,0.3244253607319655
2024-02-05,Valle,E-commerce,Hogar,1900869.03,1434889.5,69,10,10,0.15783,0.24514026092581456
2024-02-05,Valle,Marketplace,Alimentos,487797.63,452610.0,30,4,4,0.1403,0.0721357133284965
2024-02-05,Valle,Marketplace,Bebidas,315532.99,256158.0,38,6,6,0.12806666666666666,0.18817363598018702
2024-02-05,Valle,Marketplace,Cuidado personal,680980.66,531148.0,34,7,7,0.19962857142857143,0.2200248388845581
2024-02-05,Valle,Marketplace,Hogar,1341234.3,1000771.0,47,5,5,0.10991999999999999,0.2538432695913011
2024-02-05,Valle,Tienda,Alimentos,5288933.75,4385100.0,311,32,32,0.0800375,0.17089148639836904
2024-02-05,Valle,Tienda,Bebidas,3190974.46,2438100.0,387,20,20,0.09385,0.2359387295127395
2024-02-05,Valle,Tienda,Cuidado personal,3377105.91,2175400.0,149,17,17,0.1159,0.35583897633817474
2024-02-05,Valle,Tienda,Hogar,3790678.93,2646700.0,133,17,17,0.11758235294117647,0.3017873449915211
2024-02-12,Antioquia,E-commerce,Alimentos,1118519.31,972477.0,66,10,10,0.11016,0.13056753575403185
2024-02-12,Antioquia,E-commerce,Bebidas,682410.53,546430.5,83,7,7,0.11041428571428571,0.19926426105998105
2024-02-12,Antioquia,E-commerce,Cuidado personal,2542752.36,1830840.0,120,17,17,0.16315294117647058,0.27997707177430364
2024-02-12,Antioquia,E-commerce,Hogar,1951212.89,1476480.5,71,10,10,0.14812,0.24330117560877734
2024-02-12,Antioquia,Marketplace,Alimentos,895154.1,829785.0,55,9,9,0.15233333333333332,0.0730255271131529
2024-02-12,Antioquia,Marketplace,Bebidas,116856.14,121338.0,18,4,4,0.29135,-0.038353654330872136
2024-02-12,Antioquia,Marketplace,Cuidado personal,524495.79,390550.0,25,5,5,0.19094,0.2553801051482225
2024-02-12,Antioquia,Marketplace,Hogar,893813.4299999999,702669.0,33,6,6,0.19681666666666667,0.21385271644441498
2024-02-12,Antioquia,Tienda,Alimentos,5172824.43,4230000.0,300,33,33,0.06829393939393939,0.18226491982446807
2024-02-12,Antioquia,Tienda,Bebidas,1944814.22,1436400.0,228,27,27,0.07637407407407408,0.26142045588292745
2024-02-12,Antioquia,Tienda,Cuidado personal,3842846.66,2423600.0,166,22,22,0.08214545454545454,0.36932169965897105
2024-02-12,Antioquia,Tienda,Hogar,6491707.34,4596900.0,231,29,29,0.12388620689655173,0.2918812017794998
2024-02-12,Bogotá,E-commerce,Alimentos,2820247.17,2475396.0,168,22,22,0.11499999999999999,0.12227693149320665
2024-02-12,Bogotá,E-commerce,Bebidas,675122.41,520096.5,79,14,14,0.08152142857142856,0.22962637249739648
2024-02-12,Bogotá,E-commerce,Cuidado personal,3414408.3400000003,2349578.0,154,22,22,0.12635454545454547,0.3118637942408494
2024-02-12,Bogotá,E-commerce,Hogar,2976016.98,2370687.0,114,18,18,0.1834888888888889,0.2034027305852267
2024-02-12,Bogotá,Marketplace,Alimentos,1200436.79,1161699.0,77,13,13,0.18316153846153846,0.03226974574812892
2024-02-12,Bogotá,Marketplace,Bebidas,534611.1,471870.0,70,12,12,0.19915000000000002,0.11735839379317037
2024-02-12,Bogotá,Marketplace,Cuidado personal,1241240.41,1015430.0,65,12,12,0.235375,0.18192318601680066
2024-02-12,Bogotá,Marketplace,Hogar,2675964.57,2171886.0,102,16,16,0.19496875,0.18837266219858803
2024-02-12,Bogotá,Tienda,Alimentos,11295572.31,9418800.0,668,50,50,0.065278,0.16615114829892141
2024-02-12,Bogotá,Tienda,Bebidas,2219195.65,1650600.0,262,24,24,0.07566250000000001,0.2562169991636384
2024-02-12,Bogotá,Tienda,Cuidado personal,7964288.73,5124600.0,351,30,30,0.08625333333333333,0.35655271001205907
2024-02-12,Bogotá,Tienda,Hogar,10801022.94,7363000.0,370,43,43,0.08356046511627907,0.31830530858959544
2024-02-12,Caribe,E-commerce,Alimentos,1008691.06,869335.5,59,9,9,0.09824444444444444,0.13815484792737237
2024-02-12,Caribe,E-commerce,Bebidas,509875.23,395010.0,60,8,8,0.1157125,0.2252810555241132
2024-02-12,Caribe,E-commerce,Cuidado personal,1388918.37,945934.0,62,8,8,0.14155,0.31894197641003197
2024-02-12,Caribe,E-commerce,Hogar,1167875.56,935797.5,45,9,9,0.2235111111111111,0.1987181408265792
2024-02-12,Caribe,Marketplace,Alimentos,554659.13,588393.0,39,7,7,0.22827142857142854,-0.06081910163454804
2024-02-12,Caribe,Marketplace,Bebidas,395643.6,310086.0,46,4,4,0.062049999999999994,0.21624916970728197
2024-02-12,Caribe,Marketplace,Cuidado personal,1251739.19,1015430.0,65,10,10,0.23866,0.18878468604949564
2024-02-12,Caribe,Marketplace,Hogar,1520599.2200000002,1192408.0,56,6,6,0.2061333333333333,0.21583019094275227
2024-02-12,Caribe,Tienda,Alimentos,3427638.05,2777700.0,197,19,19,0.0581421052631579,0.1896168850150324
2024-02-12,Caribe,Tienda,Bebidas,1298136.18,976500.0,155,16,16,0.098875,0.24776767257191765
2024-02-12,Caribe,Tienda,Cuidado personal,2566501.84,1606000.0,110,13,13,0.07658461538461538,0.3742455294713523
2024-02-12,Caribe,Tienda,Hogar,2981909.3,2109400.0,106,15,15,0.12280666666666666,0.2926008849430799
2024-02-12,Eje Cafetero,E-commerce,Alimentos,1146545.71,987211.5,67,7,7,0.09544285714285715,0.13896891210730705
2024-02-12,Eje Cafetero,E-commerce,Bebidas,69643.44,59251.5,9,2,2,0.1477,0.1492163511739225
2024-02-12,Eje Cafetero,E-commerce,Cuidado personal,954962.5700000001,686565.0,45,8,8,0.15885,0.28105559152962406
2024-02-12,Eje Cafetero,E-commerce,Hogar,949780.3400000001,769433.5,37,6,6,0.19211666666666669,0.1898826838213982
2024-02-12,Eje Cafetero,Marketplace,Alimentos,189706.79,165957.0,11,1,1,0.0728,0.12519209249178698
2024-02-12,Eje Cafetero,Marketplace,Bebidas,478129.26,404460.0,60,4,4,0.092975,0.15407812523333128
2024-02-12,Eje Cafetero,Marketplace,Cuidado personal,187321.45,124976.0,8,1,1,0.0558,0.33282600577776866
2024-02-12,Eje Cafetero,Marketplace,Hogar,878114.49,723962.0,34,7,7,0.2521285714285714,0.17554942066836865
2024-02-12,Eje Cafetero,Tienda,Alimentos,2695589.64,2213700.0,157,19,19,0.08240526315789475,0.17876965872297984
2024-02-12,Eje Cafetero,Tienda,Bebidas,307602.70999999996,226800.0,36,4,4,0.0706,0.2626852994890714
2024-02-12,Eje Cafetero,Tienda,Cuidado personal,1354704.15,876000.0,60,8,8,0.115625,0.35336434896135804
2024-02-12,Eje Cafetero,Tienda,Hogar,3032318.05,2129300.0,107,15,15,0.12154666666666666,0.2977979338282143
2024-02-12,Valle,E-commerce,Alimentos,2249926.66,1959688.5,133,14,14,0.12097142857142858,0.128998942569977
2024-02-12,Valle,E-commerce,Bebidas,120715.04,98752.5,15,4,4,0.149475,0.18193706434591742
2024-02-12,Valle,E-commerce,Cuidado personal,2238882.16,1617242.0,106,17,17,0.17204705882352944,0.2776564890757806
2024-02-12,Valle,E-commerce,Hogar,2857778.58,2121141.0,102,15,15,0.12513333333333335,0.2577657993363503
2024-02-12,Valle,Marketplace,Alimentos,537006.69,482784.0,32,5,5,0.11534,0.10097209403480606
2024-02-12,Valle,Marketplace,Bebidas,362712.23,350532.0,52,6,6,0.23518333333333333,0.03358097409618634
2024-02-12,Valle,Marketplace,Cuidado personal,992691.2,765478.0,49,9,9,0.19952222222222224,0.22888608260051058
2024-02-12,Valle,Marketplace,Hogar,1641462.2,1362752.0,64,8,8,0.1965875,0.16979385818327097
2024-02-12,Valle,Tienda,Alimentos,6591404.13,5569500.0,395,29,29,0.0872896551724138,0.155035878523807
2024-02-12,Valle,Tienda,Bebidas,2457538.89,1814400.0,288,32,32,0.073775,0.2617003916467015
2024-02-12,Valle,Tienda,Cuidado personal,4984527.36,3226600.0,221,17,17,0.1065764705882353,0.3526768403574377
2024-02-12,Valle,Tienda,Hogar,7833581.76,5492400.0,276,25,25,0.107328,0.2988647890234058
2024-02-19,Antioquia,E-commerce,Alimentos,2641570.0900000003,2342785.5,159,11,11,0.11606363636363635,0.11310871179647566
2024-02-19,Antioquia,E-commerce,Bebidas,508253.34,427927.5,65,11,11,0.16267272727272727,0.158042916156734
2024-02-19,Antioquia,E-commerce,Cuidado personal,1704990.8900000001,1266331.0,83,12,12,0.19819166666666665,0.25727990253367283
2024-02-19,Antioquia,E-commerce,Hogar,2453309.01,1871595.0,90,14,14,0.15997857142857144,0.23711403970264627
2024-02-19,Antioquia,Marketplace,Alimentos,584047.3,528045.0,35,5,5,0.12294000000000001,0.09588658315859014
2024-02-19,Antioquia,Marketplace,Bebidas,467092.39,390978.0,58,5,5,0.1288,0.162953607529337
2024-02-19,Antioquia,Marketplace,Cuidado personal,984637.36,734234.0,47,6,6,0.17326666666666668,0.25431023661340657
2024-02-19,Antioquia,Marketplace,Hogar,1074479.27,851720.0,40,6,6,0.17054999999999998,0.20731835059042136
2024-02-19,Antioquia,Tienda,Alimentos,4432870.25,3595500.0,255,32,32,0.081978125,0.1889002390719647
2024-02-19,Antioquia,Tienda,Bebidas,1689083.46,1247400.0,198,20,20,0.074045,0.2614929756046513
2024-02-19,Antioquia,Tienda,Cuidado personal,4274027.8,2759400.0,189,24,24,0.09221249999999999,0.3543794918694726
2024-02-19,Antioquia,Tienda,Hogar,6023953.3100000005,4079500.0,205,21,21,0.06513333333333333,0.3227869158235558
2024-02-19,Bogotá,E-commerce,Alimentos,2990062.69,2608006.5,177,20,20,0.09198500000000001,0.12777531095844682
2024-02-19,Bogotá,E-commerce,Bebidas,596586.11,474012.0,72,10,10,0.13416999999999998,0.20545920856253255
2024-02-19,Bogotá,E-commerce,Cuidado personal,2057280.91,1479929.0,97,19,19,0.18153684210526314,0.280638345105725
2024-02-19,Bogotá,E-commerce,Hogar,4566981.09,3431257.5,165,24,24,0.149325,0.24868147417706954
2024-02-19,Bogotá,Marketplace,Alimentos,1530156.73,1372917.0,91,13,13,0.10606153846153846,0.102760538784808
2024-02-19,Bogotá,Marketplace,Bebidas,327503.12,269640.0,40,7,7,0.11821428571428572,0.17667959926610774
2024-02-19,Bogotá,Marketplace,Cuidado personal,654721.01,437416.0,28,5,5,0.06208,0.3319047451982639
2024-02-19,Bogotá,Marketplace,Hogar,3376146.17,2661625.0,125,18,18,0.1908611111111111,0.21163810274245323
2024-02-19,Bogotá,Tienda,Alimentos,13566274.23,11449200.0,812,56,56,0.07896428571428571,0.15605421165071057
2024-02-19,Bogotá,Tienda,Bebidas,4638815.91,3578400.0,568,36,36,0.09971111111111111,0.2285962475281758
2024-02-19,Bogotá,Tienda,Cuidado personal,6066325.92,4015000.0,275,35,35,0.11714285714285713,0.33814963901576855
2024-02-19,Bogotá,Tienda,Hogar,12558999.88,8596800.0,432,52,52,0.08931346153846155,0.3154868952829388
2024-02-19,Caribe,E-commerce,Alimentos,889672.9,795663.0,54,7,7,0.16447142857142857,0.10566793705866506
2024-02-19,Caribe,E-commerce,Bebidas,299654.38,223839.0,34,4,4,0.042249999999999996,0.2530094170490683
2024-02-19,Caribe,E-commerce,Cuidado personal,879854.26,640794.0,42,6,6,0.15256666666666666,0.2717043843147387
2024-02-19,Caribe,E-commerce,Hogar,2636226.2199999997,1954777.0,94,11,11,0.13396363636363637,0.2584942122303904
2024-02-19,Caribe,Marketplace,Alimentos,991246.35,859959.0,57,7,7,0.08104285714285715,0.13244674242684473
2024-02-19,Caribe,Marketplace,Cuidado personal,509177.75,390550.0,25,4,4,0.2169,0.23297905299279084
2024-02-19,Caribe,Marketplace,Hogar,103480.63,106465.0,5,1,1,0.343,-0.028839890132095206
2024-02-19,Caribe,Tienda,Alimentos,5929531.66,5033700.0,357,25,25,0.09186,0.15107966553972327
2024-02-19,Caribe,Tienda,Bebidas,1324862.3399999999,1014300.0,161,13,13,0.10954615384615386,0.2344110256768261
2024-02-19,Caribe,Tienda,Cuidado personal,2494076.62,1576800.0,108,14,14,0.08519285714285715,0.3677820531431789
2024-02-19,Caribe,Tienda,Hogar,6802144.03,4756100.0,239,23,23,0.10234782608695653,0.30079398803909185
2024-02-19,Eje Cafetero,E-commerce,Alimentos,1237574.63,1060884.0,72,8,8,0.08145,0.14277169692788538
2024-02-19,Eje Cafetero,E-commerce,Bebidas,502187.54,395010.0,60,7,7,0.12154285714285715,0.2134213445439128
2024-02-19,Eje Cafetero,E-commerce,Cuidado personal,556849.91,396682.0,26,3,3,0.15566666666666665,0.2876321017992084
2024-02-19,Eje Cafetero,E-commerce,Hogar,1531694.16,1143752.5,55,8,8,0.1279,0.25327618928833673
2024-02-19,Eje Cafetero,Marketplace,Alimentos,235551.06,271566.0,18,3,3,0.2871666666666666,-0.15289653122342137
2024-02-19,Eje Cafetero,Marketplace,Bebidas,158978.06999999998,128079.0,19,3,3,0.08966666666666667,0.19436058067631581
2024-02-19,Eje Cafetero,Marketplace,Cuidado personal,595136.05,484282.0,31,7,7,0.2647428571428571,0.18626673682429426
2024-02-19,Eje Cafetero,Marketplace,Hogar,911516.96,809134.0,38,6,6,0.23328333333333331,0.11232150853232611
2024-02-19,Eje Cafetero,Tienda,Alimentos,4048756.7199999997,3369900.0,239,20,20,0.0774,0.16767041512931402
2024-02-19,Eje Cafetero,Tienda,Bebidas,1296773.5999999999,976500.0,155,13,13,0.07607692307692307,0.24697726727317698
2024-02-19,Eje Cafetero,Tienda,Cuidado personal,2459269.7199999997,1562200.0,107,14,14,0.07831428571428571,0.364770774309375
2024-02-19,Eje Cafetero,Tienda,Hogar,2869111.08,2009900.0,101,13,13,0.12400769230769232,0.2994694370634127
2024-02-19,Valle,E-commerce,Alimentos,1593399.78,1340839.5,91,13,13,0.06159230769230769,0.1585040259011458
2024-02-19,Valle,E-commerce,Bebidas,555096.4,447678.0,68,9,9,0.1300777777777778,0.19351305466942323
2024-02-19,Valle,E-commerce,Cuidado personal,1825236.65,1266331.0,83,13,13,0.12224615384615384,0.30620996460924665
2024-02-19,Valle,E-commerce,Hogar,1483309.67,1206139.0,58,7,7,0.20162857142857143,0.18685961239637838
2024-02-19,Valle,Marketplace,Alimentos,650207.04,603480.0,40,6,6,0.13783333333333334,0.07186486322879561
2024-02-19,Valle,Marketplace,Bebidas,156107.69,141561.0,21,5,5,0.1816,0.09318368621046152
2024-02-19,Valle,Marketplace,Cuidado personal,681535.53,562392.0,36,7,7,0.2696,0.17481631515234433
2024-02-19,Valle,Marketplace,Hogar,809087.45,638790.0,30,5,5,0.16906000000000002,0.21048089424696917
2024-02-19,Valle,Tienda,Alimentos,8169334.99,6866700.0,487,32,32,0.0756375,0.15945422627356357
2024-02-19,Valle,Tienda,Bebidas,1966663.77,1480500.0,235,20,20,0.0827,0.24720228104878345
2024-02-19,Valle,Tienda,Cuidado personal,3932519.76,2555000.0,175,23,23,0.10526521739130434,0.3502893422206224
2024-02-19,Valle,Tienda,Hogar,9478082.219999999,6606800.0,332,21,21,0.07511428571428572,0.30293915513216546
2024-02-26,Antioquia,E-commerce,Alimentos,1514913.22,1340839.5,91,15,15,0.12256,0.1149067271325284
2024-02-26,Antioquia,E-commerce,Bebidas,392845.23,309424.5,47,5,5,0.09366,0.2123501155913233
2024-02-26,Antioquia,E-commerce,Cuidado personal,2244521.0,1632499.0,107,20,20,0.17822,0.2726737687016517
2024-02-26,Antioquia,E-commerce,Hogar,1754199.1,1372503.0,66,10,10,0.17829,0.21758995315868082
2024-02-26,Antioquia,Marketplace,Alimentos,697404.39,648741.0,43,6,6,0.1399,0.06977786589499388
2024-02-26,Antioquia,Marketplace,Bebidas,118963.93,114597.0,17,5,5,0.24032,0.03670801729566259
2024-02-26,Antioquia,Marketplace,Cuidado personal,917852.21,749856.0,48,7,7,0.23015714285714287,0.18303187394406337
2024-02-26,Antioquia,Marketplace,Hogar,1754090.72,1384045.0,65,9,9,0.18663333333333332,0.21096156303705887
2024-02-26,Antioquia,Tienda,Alimentos,6473131.09,5428500.0,385,30,30,0.09009333333333333,0.1613795666232985
2024-02-26,Antioquia,Tienda,Bebidas,2514689.8,1883700.0,299,35,35,0.09679714285714286,0.2509215251916956
2024-02-26,Antioquia,Tienda,Cuidado personal,4111571.52,2598800.0,178,20,20,0.07916999999999999,0.36793024580538003
2024-02-26,Antioquia,Tienda,Hogar,6718399.6,4577000.0,230,26,26,0.0814423076923077,0.31873656339226974
2024-02-26,Bogotá,E-commerce,Alimentos,2752775.46,2460661.5,167,25,25,0.137676,0.10611615957953939
2024-02-26,Bogotá,E-commerce,Bebidas,907351.02,737352.0,112,17,17,0.1585,0.18735750140006457
2024-02-26,Bogotá,E-commerce,Cuidado personal,2470721.21,1708784.0,112,16,16,0.1257625,0.3083865581094841
2024-02-26,Bogotá,E-commerce,Hogar,5001564.8100000005,3722394.5,179,23,23,0.14133478260869567,0.25575402071017056
2024-02-26,Bogotá,Marketplace,Alimentos,2844281.42,2579877.0,171,12,12,0.08777499999999999,0.0929600067492618
2024-02-26,Bogotá,Marketplace,Bebidas,344401.26999999996,296604.0,44,7,7,0.16419999999999998,0.1387836636026341
2024-02-26,Bogotá,Marketplace,Cuidado personal,1898488.83,1452846.0,93,14,14,0.22819285714285714,0.23473555543647842
2024-02-26,Bogotá,Marketplace,Hogar,2786545.09,2150593.0,101,16,16,0.1494375,0.22822242937400303
2024-02-26,Bogotá,Tienda,Alimentos,10845317.3,9122700.0,647,54,54,0.08507407407407408,0.15883512232509792
2024-02-26,Bogotá,Tienda,Bebidas,4788898.5,3654000.0,580,35,35,0.08162857142857144,0.23698529004112323
2024-02-26,Bogotá,Tienda,Cuidado personal,6859882.29,4438400.0,304,39,39,0.09324615384615385,0.3529918135082169
2024-02-26,Bogotá,Tienda,Hogar,10124543.01,6984900.0,351,36,36,0.10040277777777779,0.31010219492366004
2024-02-26,Caribe,E-commerce,Alimentos,1695075.51,1429246.5,97,10,10,0.08263,0.15682428802242562
2024-02-26,Caribe,E-commerce,Bebidas,557942.56,454261.5,69,4,4,0.12875,0.1858274801621157
2024-02-26,Caribe,E-commerce,Cuidado personal,1174037.05,839135.0,55,8,8,0.1569,0.2852567983267649
2024-02-26,Caribe,E-commerce,Hogar,853676.04,686251.5,33,4,4,0.16595,0.19612186843149543
2024-02-26,Caribe,Marketplace,Alimentos,321054.86,301740.0,20,4,4,0.191925,0.060160621770372784
2024-02-26,Caribe,Marketplace,Bebidas,32091.31,33705.0,5,1,1,0.3024,-0.05028432930908706
2024-02-26,Caribe,Marketplace,Cuidado personal,412577.87,328062.0,21,4,4,0.231575,0.2048482871851561
2024-02-26,Caribe,Marketplace,Hogar,508061.86,489739.0,23,5,5,0.27934000000000003,0.03606423044626886
2024-02-26,Caribe,Tienda,Alimentos,3344139.2600000002,2834100.0,201,19,19,0.09402105263157895,0.15251735060818017
2024-02-26,Caribe,Tienda,Bebidas,1326736.36,1014300.0,161,10,10,0.06973,0.23549242292568215
2024-02-26,Caribe,Tienda,Cuidado personal,2493295.89,1606000.0,110,14,14,0.11277142857142856,0.3558726798366479
2024-02-26,Caribe,Tienda,Hogar,4463887.04,3044700.0,153,17,17,0.0810235294117647,0.31792628874408074
2024-02-26,Eje Cafetero,E-commerce,Alimentos,835871.0900000001,766194.0,52,7,7,0.17968571428571428,0.0833586552203882
2024-02-26,Eje Cafetero,E-commerce,Bebidas,466179.95,381843.0,58,8,8,0.139975,0.1809107191332446
2024-02-26,Eje Cafetero,E-commerce,Cuidado personal,1451014.13,1037476.0,68,4,4,0.18295,0.28499938177721257
2024-02-26,Eje Cafetero,E-commerce,Hogar,2081761.0,1559662.5,75,9,9,0.1244888888888889,0.25079656118065424
2024-02-26,Eje Cafetero,Marketplace,Alimentos,745951.95,663828.0,44,6,6,0.10658333333333332,0.11009281495946215
2024-02-26,Eje Cafetero,Marketplace,Cuidado personal,930111.92,702990.0,45,7,7,0.19242857142857142,0.2441877317301772
2024-02-26,Eje Cafetero,Marketplace,Hogar,850038.71,702669.0,33,5,5,0.20106000000000002,0.17336823401842485
2024-02-26,Eje Cafetero,Tienda,Alimentos,3013140.6,2538000.0,180,13,13,0.06912307692307693,0.15768948850246153
2024-02-26,Eje Cafetero,Tienda,Bebidas,460486.53,352800.0,56,8,8,0.13195,0.23385381109844847
2024-02-26,Eje Cafetero,Tienda,Cuidado personal,2741716.7,1766600.0,121,12,12,0.09058333333333334,0.35565917514380685
2024-02-26,Eje Cafetero,Tienda,Hogar,3244055.48,2208900.0,111,12,12,0.07915,0.3190930261155706
2024-02-26,Valle,E-commerce,Alimentos,1355621.55,1149291.0,78,8,8,0.06555,0.1522036515279652
2024-02-26,Valle,E-commerce,Bebidas,760275.05,585931.5,89,10,10,0.09953000000000001,0.22931641647322246
2024-02-26,Valle,E-commerce,Cuidado personal,1072727.69,793364.0,52,11,11,0.17988181818181817,0.2604236775131627
2024-02-26,Valle,E-commerce,Hogar,3808942.8600000003,2828188.0,136,16,16,0.11984375,0.25748741738803615
2024-02-26,Valle,Marketplace,Alimentos,542126.51,467697.0,31,4,4,0.059325,0.13729177346446314
2024-02-26,Valle,Marketplace,Bebidas,78456.07,67410.0,10,2,2,0.1472,0.14079305782203985
2024-02-26,Valle,Marketplace,Cuidado personal,1621953.81,1281004.0,82,9,9,0.2310111111111111,0.21020932155891667
2024-02-26,Valle,Marketplace,Hogar,314663.01,276809.0,13,4,4,0.2445,0.12030015857281734
2024-02-26,Valle,Tienda,Alimentos,6635199.5200000005,5499000.0,390,35,35,0.07552,0.17123818456027384
2024-02-26,Valle,Tienda,Bebidas,2261731.21,1719900.0,273,18,18,0.09077222222222221,0.2395648110634685
2024-02-26,Valle,Tienda,Cuidado personal,6738105.600000001,4423800.0,303,30,30,0.10673,0.34346532057912543
2024-02-26,Valle,Tienda,Hogar,5868001.69,4079500.0,205,26,26,0.10250384615384617,0.3047888846126083
2024-03-04,Antioquia,E-commerce,Alimentos,1858628.1300000001,1709202.0,116,15,15,0.16361333333333333,0.0803959262146754
2024-03-04,Antioquia,E-commerce,Bebidas,949176.73,737352.0,112,11,11,0.08710000000000001,0.22316679634571318
2024-03-04,Antioquia,E-commerce,Cuidado personal,3060796.47,2197008.0,144,17,17,0.17498235294117648,0.2822103587959248
2024-03-04,Antioquia,E-commerce,Hogar,2833511.86,2121141.0,102,15,15,0.12332000000000001,0.25140916826795984
2024-03-04,Antioquia,Marketplace,Alimentos,353800.47,331914.0,22,5,5,0.13934000000000002,0.06186105405682467
2024-03-04,Antioquia,Marketplace,Bebidas,210924.72,168525.0,25,4,4,0.091675,0.20101825902625353
2024-03-04,Antioquia,Marketplace,Cuidado personal,888429.72,702990.0,45,9,9,0.22911111111111115,0.2087275063243044
2024-03-04,Antioquia,Marketplace,Hogar,1032545.6499999999,830427.0,39,7,7,0.2091285714285714,0.19574790712643061
2024-03-04,Antioquia,Tienda,Alimentos,5436328.02,4526100.0,321,37,37,0.10132162162162162,0.16743434477303665
2024-03-04,Antioquia,Tienda,Bebidas,2311548.7,1707300.0,271,25,25,0.068988,0.2614042697867452
2024-03-04,Antioquia,Tienda,Cuidado personal,4241982.74,2701000.0,185,24,24,0.08741666666666666,0.3632694507380292
2024-03-04,Antioquia,Tienda,Hogar,5586317.52,3820800.0,192,22,22,0.10043181818181818,0.3160431740013231
2024-03-04,Bogotá,E-commerce,Alimentos,3728775.15,3256324.5,221,23,23,0.11039565217391303,0.12670397945555928
2024-03-04,Bogotá,E-commerce,Bebidas,908224.13,717601.5,109,16,16,0.12759375,0.20988500933134205
2024-03-04,Bogotá,E-commerce,Cuidado personal,3970637.1999999997,2807288.0,184,23,23,0.15412173913043478,0.29298803728530015
2024-03-04,Bogotá,E-commerce,Hogar,4359379.71,3181711.5,153,19,19,0.11324210526315791,0.2701458208144938
2024-03-04,Bogotá,Marketplace,Alimentos,1692302.04,1569048.0,104,16,16,0.1417875,0.07283217598674055
2024-03-04,Bogotá,Marketplace,Bebidas,270484.64,222453.0,33,7,7,0.13722857142857142,0.17757622022455696
2024-03-04,Bogotá,Marketplace,Cuidado personal,2056674.03,1515334.0,97,14,14,0.16927857142857142,0.2632113898963367
2024-03-04,Bogotá,Marketplace,Hogar,2744512.25,2193179.0,103,15,15,0.18456666666666666,0.2008856947167935
2024-03-04,Bogotá,Tienda,Alimentos,9514565.53,7910100.0,561,53,53,0.08509622641509433,0.16863255867448942
2024-03-04,Bogotá,Tienda,Bebidas,5068040.21,3868200.0,614,39,39,0.08325384615384615,0.23674638721937052
2024-03-04,Bogotá,Tienda,Cuidado personal,6861577.54,4394600.0,301,39,39,0.09393333333333334,0.3595350377691717
2024-03-04,Bogotá,Tienda,Hogar,13221832.39,9154000.0,460,50,50,0.098024,0.30766025994071766
2024-03-04,Caribe,E-commerce,Alimentos,1470200.35,1252432.5,85,13,13,0.07762307692307692,0.14812120674573373
2024-03-04,Caribe,E-commerce,Bebidas,508290.16,388426.5,59,6,6,0.05911666666666667,0.23581739217615383
2024-03-04,Caribe,E-commerce,Cuidado personal,1984985.14,1403644.0,92,15,15,0.14148666666666668,0.29286926550996745
2024-03-04,Caribe,E-commerce,Hogar,3077774.52,2287505.0,110,13,13,0.14456153846153846,0.2567665418193143
2024-03-04,Caribe,Marketplace,Alimentos,1479521.94,1357830.0,90,5,5,0.08482,0.08225085192045205
2024-03-04,Caribe,Marketplace,Bebidas,155161.11,128079.0,19,2,2,0.0973,0.17454186812662006
2024-03-04,Caribe,Marketplace,Cuidado personal,459376.68000000005,343684.0,22,3,3,0.19473333333333334,0.25184708984356813
2024-03-04,Caribe,Marketplace,Hogar,808449.5700000001,638790.0,30,4,4,0.196875,0.20985795069443855
2024-03-04,Caribe,Tienda,Alimentos,6495756.73,5456700.0,387,25,25,0.08551199999999999,0.15995930469520528
2024-03-04,Caribe,Tienda,Bebidas,989572.3,749700.0,119,10,10,0.06519,0.24239997421108092
2024-03-04,Caribe,Tienda,Cuidado personal,2930920.55,1912600.0,131,15,15,0.11092,0.34744051659810427
2024-03-04,Caribe,Tienda,Hogar,3026893.74,2109400.0,106,14,14,0.124,0.3031139573469137
2024-03-04,Eje Cafetero,E-commerce,Alimentos,1662395.77,1429246.5,97,13,13,0.09343846153846155,0.14024895527735853
2024-03-04,Eje Cafetero,E-commerce,Bebidas,134282.04,111919.5,17,3,3,0.15493333333333334,0.16653410984819716
2024-03-04,Eje Cafetero,E-commerce,Cuidado personal,700753.76,518738.0,34,5,5,0.17526000000000003,0.2597428232136778
2024-03-04,Eje Cafetero,E-commerce,Hogar,754641.29,540683.0,26,3,3,0.09633333333333334,0.28352316900126157
2024-03-04,Eje Cafetero,Marketplace,Alimentos,392713.88,377175.0,25,2,2,0.1661,0.03956794193268647
2024-03-04,Eje Cafetero,Marketplace,Bebidas,24370.59,20223.0,3,1,1,0.117,0.17018832945776036
2024-03-04,Eje Cafetero,Marketplace,Cuidado personal,709852.76,546770.0,35,7,7,0.20995714285714287,0.22974167206168222
2024-03-04,Eje Cafetero,Marketplace,Hogar,1297260.45,1000771.0,47,6,6,0.13538333333333333,0.22855044258845628
2024-03-04,Eje Cafetero,Tienda,Alimentos,2724350.14,2354700.0,167,15,15,0.10907333333333333,0.1356837854916843
2024-03-04,Eje Cafetero,Tienda,Bebidas,883172.56,667800.0,106,14,14,0.09402857142857143,0.24386237724595977
2024-03-04,Eje Cafetero,Tienda,Cuidado personal,2315830.74,1606000.0,110,15,15,0.16629333333333335,0.30651235763456536
2024-03-04,Eje Cafetero,Tienda,Hogar,5358140.86,3800900.0,191,16,16,0.1087875,0.29063081779451394
2024-03-04,Valle,E-commerce,Alimentos,1696816.46,1502919.0,102,16,16,0.120275,0.11427132195546946
2024-03-04,Valle,E-commerce,Bebidas,710400.01,585931.5,89,12,12,0.15099166666666666,0.17520904877239515
2024-03-04,Valle,E-commerce,Cuidado personal,1859517.03,1266331.0,83,12,12,0.11671666666666668,0.3190000523953255
2024-03-04,Valle,E-commerce,Hogar,3791543.66,2807392.5,135,17,17,0.12570588235294117,0.2595647705135486
2024-03-04,Valle,Marketplace,Alimentos,999126.5800000001,935394.0,62,11,11,0.16576363636363636,0.06378829397172085
2024-03-04,Valle,Marketplace,Bebidas,295117.06,283122.0,42,7,7,0.2309142857142857,0.040645091815430794
2024-03-04,Valle,Marketplace,Cuidado personal,1367281.98,1015430.0,65,9,9,0.17578888888888888,0.25733680773003387
2024-03-04,Valle,Marketplace,Hogar,2912830.8,2342230.0,110,10,10,0.18138,0.19589218845117948
2024-03-04,Valle,Tienda,Alimentos,6605981.72,5569500.0,395,34,34,0.09193235294117648,0.15690048261290068
2024-03-04,Valle,Tienda,Bebidas,2404487.79,1814400.0,288,22,22,0.0865909090909091,0.24541101537471313
2024-03-04,Valle,Tienda,Cuidado personal,3296725.3,2160800.0,148,19,19,0.1175842105263158,0.3445617079469739
2024-03-04,Valle,Tienda,Hogar,5200179.13,3522300.0,177,24,24,0.06973333333333333,0.3226579485157081
2024-03-11,Antioquia,E-commerce,Alimentos,1610545.96,1458715.5,99,15,15,0.13082,0.09427266515262935
2024-03-11,Antioquia,E-commerce,Bebidas,418596.72,316008.0,48,6,6,0.049499999999999995,0.24507769673876081
2024-03-11,Antioquia,E-commerce,Cuidado personal,1824097.03,1312102.0,86,14,14,0.18188571428571426,0.2806840982576459
2024-03-11,Antioquia,E-commerce,Hogar,2882727.66,2204323.0,106,14,14,0.1581142857142857,0.23533428752683497
2024-03-11,Antioquia,Marketplace,Alimentos,1565363.84,1463439.0,97,14,14,0.15435000000000001,0.06511255555769072
2024-03-11,Antioquia,Marketplace,Bebidas,157140.61000000002,134820.0,20,3,3,0.15756666666666666,0.14204227665910177
2024-03-11,Antioquia,Marketplace,Cuidado personal,1107792.02,843588.0,54,8,8,0.2281125,0.23849604910495745
2024-03-11,Antioquia,Marketplace,Hogar,1030386.08,851720.0,40,8,8,0.226625,0.17339721825434595
2024-03-11,Antioquia,Tienda,Alimentos,4508277.39,3722400.0,264,35,35,0.09367142857142857,0.17431877455969932
2024-03-11,Antioquia,Tienda,Bebidas,2705546.16,2060100.0,327,33,33,0.09272121212121212,0.23856409088211605
2024-03-11,Antioquia,Tienda,Cuidado personal,4176530.31,2686400.0,184,22,22,0.09507727272727272,0.3567866624676788
2024-03-11,Antioquia,Tienda,Hogar,5303719.78,3681500.0,185,22,22,0.10385454545454546,0.3058645341930188
2024-03-11,Bogotá,E-commerce,Alimentos,2315515.1,2003892.0,136,21,21,0.09919999999999998,0.13458046548692343
2024-03-11,Bogotá,E-commerce,Bebidas,1144959.36,941440.5,143,23,23,0.16310869565217392,0.17775203829068664
2024-03-11,Bogotá,E-commerce,Cuidado personal,4582998.4799999995,3326026.0,218,25,25,0.17245999999999997,0.274268578854078
2024-03-11,Bogotá,E-commerce,Hogar,4341125.3,3327280.0,160,22,22,0.17109090909090907,0.23354435311968533
2024-03-11,Bogotá,Marketplace,Alimentos,2336636.17,2127267.0,141,16,16,0.14045,0.08960281137820439
2024-03-11,Bogotá,Marketplace,Bebidas,647388.66,539280.0,80,11,11,0.13957272727272726,0.16699189633627506
2024-03-11,Bogotá,Marketplace,Cuidado personal,2186203.57,1671554.0,107,18,18,0.18432777777777776,0.23540789021765246
2024-03-11,Bogotá,Marketplace,Hogar,1585893.17,1256287.0,59,9,9,0.17396666666666669,0.20783630085247162
2024-03-11,Bogotá,Tienda,Alimentos,11851825.26,9714900.0,689,65,65,0.06952615384615383,0.18030347335714936
2024-03-11,Bogotá,Tienda,Bebidas,4018035.91,3017700.0,479,35,35,0.08422,0.24896141607654276
2024-03-11,Bogotá,Tienda,Cuidado personal,10616308.83,6774400.0,464,45,45,0.07352444444444445,0.36188744049564353
2024-03-11,Bogotá,Tienda,Hogar,8249527.55,5651600.0,284,30,30,0.08328666666666668,0.31491834341470865
2024-03-11,Caribe,E-commerce,Alimentos,1128674.06,1001946.0,68,9,9,0.12947777777777777,0.11228047537479514
2024-03-11,Caribe,E-commerce,Bebidas,235293.6,177754.5,27,5,5,0.05576,0.2445417129917686
2024-03-11,Caribe,E-commerce,Cuidado personal,492325.02,320397.0,21,3,3,0.09226666666666666,0.3492164992955264
2024-03-11,Caribe,E-commerce,Hogar,5709333.21,4304668.5,207,10,10,0.10699,0.24602955517462258
2024-03-11,Caribe,Marketplace,Alimentos,918503.55,844872.0,56,6,6,0.15980000000000003,0.0801646874418722
2024-03-11,Caribe,Marketplace,Bebidas,200892.1,195489.0,29,5,5,0.22178,0.026895532477384652
2024-03-11,Caribe,Marketplace,Cuidado personal,884105.48,687368.0,44,7,7,0.17857142857142858,0.22252715818479032
2024-03-11,Caribe,Marketplace,Hogar,1019163.66,787841.0,37,5,5,0.18383999999999998,0.22697302609867392
2024-03-11,Caribe,Tienda,Alimentos,4016095.0300000003,3327600.0,236,21,21,0.09532857142857143,0.1714339488625099
2024-03-11,Caribe,Tienda,Bebidas,2132402.42,1612800.0,256,19,19,0.08123684210526315,0.24366996357094733
2024-03-11,Caribe,Tienda,Cuidado personal,5399456.7299999995,3518600.0,241,19,19,0.08196315789473683,0.34834184697689013
2024-03-11,Caribe,Tienda,Hogar,4613260.49,3164100.0,159,17,17,0.08525882352941176,0.3141293436911472
2024-03-11,Eje Cafetero,E-commerce,Alimentos,898574.83,810397.5,55,8,8,0.1431125,0.09813020246738935
2024-03-11,Eje Cafetero,E-commerce,Bebidas,357574.95,283090.5,43,7,7,0.11934285714285713,0.20830444078926671
2024-03-11,Eje Cafetero,E-commerce,Cuidado personal,1280918.14,945934.0,62,12,12,0.17754166666666668,0.2615187727765335
2024-03-11,Eje Cafetero,E-commerce,Hogar,2738311.94,2017163.5,97,12,12,0.14209166666666667,0.2633551092064405
2024-03-11,Eje Cafetero,Marketplace,Alimentos,209678.31,196131.0,13,3,3,0.13956666666666664,0.06460997324902132
2024-03-11,Eje Cafetero,Marketplace,Bebidas,186277.94,148302.0,22,4,4,0.099775,0.20386708163081468
2024-03-11,Eje Cafetero,Marketplace,Cuidado personal,280025.83,234330.0,15,4,4,0.238825,0.16318433910186075
2024-03-11,Eje Cafetero,Marketplace,Hogar,1431311.1099999999,1064650.0,50,6,6,0.08868333333333334,0.2561714971946245
2024-03-11,Eje Cafetero,Tienda,Alimentos,2501197.0300000003,2100900.0,149,11,11,0.08139090909090908,0.16004218188280842
2024-03-11,Eje Cafetero,Tienda,Bebidas,409830.77,308700.0,49,9,9,0.10597777777777778,0.24676226726460782
2024-03-11,Eje Cafetero,Tienda,Cuidado personal,3471121.92,2336000.0,160,18,18,0.13987777777777777,0.3270187409608476
2024-03-11,Eje Cafetero,Tienda,Hogar,2016657.41,1373100.0,69,10,10,0.09094,0.3191208416505409
2024-03-11,Valle,E-commerce,Alimentos,2686454.12,2445927.0,166,12,12,0.11456666666666666,0.08953330645378753
2024-03-11,Valle,E-commerce,Bebidas,639853.65,493762.5,75,9,9,0.09212222222222222,0.22831963215338386
2024-03-11,Valle,E-commerce,Cuidado personal,1358145.0899999999,900163.0,59,9,9,0.10926666666666668,0.3372114609640122
2024-03-11,Valle,E-commerce,Hogar,3441360.92,2599437.5,125,18,18,0.14643333333333333,0.24464839334550237
2024-03-11,Valle,Marketplace,Alimentos,2324715.8000000003,2232876.0,148,13,13,0.16360769230769232,0.03950581830260726
2024-03-11,Valle,Marketplace,Bebidas,192613.77000000002,182007.0,27,4,4,0.2326,0.05506755825401277
2024-03-11,Valle,Marketplace,Cuidado personal,456059.02,390550.0,25,6,6,0.24525,0.14364154007961516
2024-03-11,Valle,Marketplace,Hogar,787224.13,617497.0,29,6,6,0.18746666666666667,0.21560204207663197
2024-03-11,Valle,Tienda,Alimentos,7145880.7,6063000.0,430,24,24,0.07767916666666667,0.1515391517801298
2024-03-11,Valle,Tienda,Bebidas,1108212.52,850500.0,135,14,14,0.11152142857142858,0.23254792320880838
2024-03-11,Valle,Tienda,Cuidado personal,3494837.9,2292200.0,157,24,24,0.12772083333333334,0.3441183638302652
2024-03-11,Valle,Tienda,Hogar,4455849.87,3024800.0,152,18,18,0.07211666666666666,0.32116204803821186
2024-03-18,Antioquia,E-commerce,Alimentos,2189912.71,1886016.0,128,16,16,0.09160625,0.13877115220724937
2024-03-18,Antioquia,E-commerce,Bebidas,840145.51,697851.0,106,13,13,0.14196153846153844,0.16936888706338502
2024-03-18,Antioquia,E-commerce,Cuidado personal,2045300.11,1464672.0,96,14,14,0.15490714285714288,0.2838840653071691
2024-03-18,Antioquia,E-commerce,Hogar,3049011.39,2266709.5,109,16,16,0.14239375,0.25657558793179847
2024-03-18,Antioquia,Marketplace,Alimentos,1856070.3,1689744.0,112,9,9,0.10886666666666667,0.08961206911182192
2024-03-18,Antioquia,Marketplace,Bebidas,49605.86,47187.0,7,1,1,0.2297,0.04876157776520759
2024-03-18,Antioquia,Marketplace,Cuidado personal,1585767.05,1109162.0,71,8,8,0.1481625,0.300551742451705
2024-03-18,Antioquia,Marketplace,Hogar,1091832.56,915599.0,43,8,8,0.18986250000000002,0.16141079361106436
2024-03-18,Antioquia,Tienda,Alimentos,9790305.33,8276700.0,587,39,39,0.09002564102564103,0.15460246427268476
2024-03-18,Antioquia,Tienda,Bebidas,1897819.45,1430100.0,227,22,22,0.08626363636363636,0.24645097298375773
2024-03-18,Antioquia,Tienda,Cuidado personal,5523467.71,3518600.0,241,32,32,0.087740625,0.36297264965816195
2024-03-18,Antioquia,Tienda,Hogar,6981801.69,4875500.0,245,31,31,0.11410000000000001,0.30168454841919184
2024-03-18,Bogotá,E-commerce,Alimentos,4285611.83,3801501.0,258,33,33,0.1126878787878788,0.11296189417136271
2024-03-18,Bogotá,E-commerce,Bebidas,1025752.48,816354.0,124,18,18,0.12458333333333334,0.20414133436947673
2024-03-18,Bogotá,E-commerce,Cuidado personal,2369114.39,1815583.0,119,21,21,0.21611904761904763,0.23364485578933997
2024-03-18,Bogotá,E-commerce,Hogar,4402982.53,3348075.5,161,24,24,0.16595000000000001,0.23958919273749654
2024-03-18,Bogotá,Marketplace,Alimentos,1992458.59,1900962.0,126,13,13,0.18477692307692306,0.04592145124581991
2024-03-18,Bogotá,Marketplace,Bebidas,507777.29000000004,458388.0,68,11,11,0.20778181818181818,0.09726565360967607
2024-03-18,Bogotá,Marketplace,Cuidado personal,1356435.5,1031052.0,66,11,11,0.19653636363636365,0.2398812918122535
2024-03-18,Bogotá,Marketplace,Hogar,1349897.76,1085943.0,51,8,8,0.1557375,0.19553685310211938
2024-03-18,Bogotá,Tienda,Alimentos,15884153.290000001,13409100.0,951,67,67,0.09209402985074627,0.15581902571780085
2024-03-18,Bogotá,Tienda,Bebidas,1938068.25,1461600.0,232,25,25,0.0902,0.24584699223053677
2024-03-18,Bogotá,Tienda,Cuidado personal,11562880.5,7533600.0,516,41,41,0.10311463414634145,0.348466846128869
2024-03-18,Bogotá,Tienda,Hogar,10540011.73,7402800.0,372,38,38,0.10979736842105263,0.29764784047351345
2024-03-18,Caribe,E-commerce,Alimentos,878013.66,810397.5,55,9,9,0.17527777777777778,0.07701037361992755
2024-03-18,Caribe,E-commerce,Bebidas,453826.18,342342.0,52,6,6,0.050749999999999997,0.2456539197452205
2024-03-18,Caribe,E-commerce,Cuidado personal,2286240.66,1571471.0,103,12,12,0.131825,0.3126397288376457
2024-03-18,Caribe,E-commerce,Hogar,2380286.4499999997,1705231.0,82,9,9,0.08202222222222222,0.2836026100976207
2024-03-18,Caribe,Marketplace,Alimentos,301816.91000000003,301740.0,20,3,3,0.20623333333333335,0.000254823362945544
2024-03-18,Caribe,Marketplace,Bebidas,407168.95999999996,330309.0,49,6,6,0.1191,0.18876674685614533
2024-03-18,Caribe,Marketplace,Cuidado personal,81932.28,62488.0,4,2,2,0.14679999999999999,0.23732135856587902
2024-03-18,Caribe,Marketplace,Hogar,502762.99,447153.0,21,3,3,0.2521333333333333,0.11060875821428302
2024-03-18,Caribe,Tienda,Alimentos,3854364.4,3158400.0,224,25,25,0.06936,0.18056528334477143
2024-03-18,Caribe,Tienda,Bebidas,1495556.68,1171800.0,186,9,9,0.08736666666666666,0.2164790437765287
2024-03-18,Caribe,Tienda,Cuidado personal,4168359.57,2686400.0,184,16,16,0.08603125,0.3555258477857273
2024-03-18,Caribe,Tienda,Hogar,6895634.93,4716300.0,237,23,23,0.07859130434782609,0.3160455784163736
2024-03-18,Eje Cafetero,E-commerce,Alimentos,637057.43,559911.0,38,4,4,0.10394999999999999,0.12109807745276599
2024-03-18,Eje Cafetero,E-commerce,Bebidas,414981.26,368676.0,56,9,9,0.20278888888888888,0.11158397851507802
2024-03-18,Eje Cafetero,E-commerce,Cuidado personal,923105.87,656051.0,43,6,6,0.13521666666666665,0.2893003702814716
2024-03-18,Eje Cafetero,E-commerce,Hogar,467088.5,374319.0,18,3,3,0.23613333333333333,0.19861225442287703
2024-03-18,Eje Cafetero,Marketplace,Alimentos,747869.8500000001,678915.0,45,4,4,0.15552500000000002,0.09220167118650402
2024-03-18,Eje Cafetero,Marketplace,Bebidas,34796.25,26964.0,4,1,1,0.0544,0.22508891044293566
2024-03-18,Eje Cafetero,Marketplace,Cuidado personal,368769.98,296818.0,19,4,4,0.235675,0.19511344171778838
2024-03-18,Eje Cafetero,Marketplace,Hogar,337224.51,276809.0,13,2,2,0.14415,0.17915515690125847
2024-03-18,Eje Cafetero,Tienda,Alimentos,3310092.21,2707200.0,192,20,20,0.06526499999999999,0.1821375876414029
2024-03-18,Eje Cafetero,Tienda,Bebidas,1159894.35,888300.0,141,13,13,0.1106,0.2341543865611554
2024-03-18,Eje Cafetero,Tienda,Cuidado personal,2211211.15,1416200.0,97,13,13,0.09682307692307691,0.35953651463814296
2024-03-18,Eje Cafetero,Tienda,Hogar,3277687.94,2228800.0,112,13,13,0.08985384615384615,0.32000848134432225
2024-03-18,Valle,E-commerce,Alimentos,1505885.44,1340839.5,91,15,15,0.12456666666666667,0.10960059485003053
2024-03-18,Valle,E-commerce,Bebidas,458069.26,368676.0,56,10,10,0.12104,0.19515227893703238
2024-03-18,Valle,E-commerce,Cuidado personal,2307055.9499999997,1617242.0,106,9,9,0.11422222222222222,0.2990018295828499
2024-03-18,Valle,E-commerce,Hogar,2766055.43,2058754.5,99,14,14,0.14467857142857143,0.2557074317198337
2024-03-18,Valle,Marketplace,Alimentos,542077.95,512958.0,34,4,4,0.19685,0.05371911917833949
2024-03-18,Valle,Marketplace,Bebidas,282594.4,235935.0,35,4,4,0.17095,0.16511084437625098
2024-03-18,Valle,Marketplace,Cuidado personal,743624.39,562392.0,36,6,6,0.18393333333333337,0.24371496206572785
2024-03-18,Valle,Marketplace,Hogar,806142.3400000001,617497.0,29,4,4,0.1583,0.23400996404679608
2024-03-18,Valle,Tienda,Alimentos,6423547.02,5428500.0,385,26,26,0.07016538461538462,0.1549061627325022
2024-03-18,Valle,Tienda,Bebidas,2192198.89,1694700.0,269,13,13,0.07666153846153846,0.22694058110758378
2024-03-18,Valle,Tienda,Cuidado personal,5385180.66,3504000.0,240,25,25,0.103812,0.3493254504854439
2024-03-18,Valle,Tienda,Hogar,6444313.81,4437700.0,223,27,27,0.09431111111111111,0.3113774203370149
2024-03-25,Antioquia,E-commerce,Alimentos,1414252.8900000001,1281901.5,87,14,14,0.15923571428571429,0.09358396290779375
2024-03-25,Antioquia,E-commerce,Bebidas,570930.11,454261.5,69,10,10,0.12530999999999998,0.2043483220739575
2024-03-25,Antioquia,E-commerce,Cuidado personal,1907645.95,1373130.0,90,12,12,0.17013333333333333,0.2801966213908823
2024-03-25,Antioquia,E-commerce,Hogar,3821875.45,2890574.5,139,18,18,0.15337777777777778,0.24367642592853206
2024-03-25,Antioquia,Marketplace,Alimentos,546514.33,497871.0,33,6,6,0.12821666666666667,0.08900650418443733
2024-03-25,Antioquia,Marketplace,Bebidas,93359.62999999999,74151.0,11,2,2,0.09855,0.2057487802811557
2024-03-25,Antioquia,Marketplace,Cuidado personal,937483.02,781100.0,50,10,10,0.23508,0.16681157595793045
2024-03-25,Antioquia,Marketplace,Hogar,1270251.4,1043357.0,49,9,9,0.20384444444444444,0.17862164922628695
2024-03-25,Antioquia,Tienda,Alimentos,5481585.52,4497900.0,319,33,33,0.0733969696969697,0.17945273614923
2024-03-25,Antioquia,Tienda,Bebidas,1791239.9200000002,1379700.0,219,16,16,0.1022,0.22975142269049034
2024-03-25,Antioquia,Tienda,Cuidado personal,4730362.72,3036800.0,208,26,26,0.09365,0.3580196319490696
2024-03-25,Antioquia,Tienda,Hogar,7456175.95,5233700.0,263,33,33,0.12437272727272729,0.2980718219236766
2024-03-25,Bogotá,E-commerce,Alimentos,2187670.8,1959688.5,133,20,20,0.12761,0.10421234310025065
2024-03-25,Bogotá,E-commerce,Bebidas,1021356.23,796603.5,121,16,16,0.0992875,0.220053222762444
2024-03-25,Bogotá,E-commerce,Cuidado personal,2260482.73,1647756.0,108,18,18,0.1716111111111111,0.2710601244009504
2024-03-25,Bogotá,E-commerce,Hogar,4896589.36,3867963.0,186,27,27,0.18314074074074074,0.2100699659242
2024-03-25,Bogotá,Marketplace,Alimentos,1290874.69,1206960.0,80,13,13,0.1571846153846154,0.0650060696441418
2024-03-25,Bogotá,Marketplace,Bebidas,238872.37,215712.0,32,8,8,0.186,0.09695709051658002
2024-03-25,Bogotá,Marketplace,Cuidado personal,1813005.9,1390358.0,89,13,13,0.20554615384615385,0.23311998047000285
2024-03-25,Bogotá,Marketplace,Hogar,1344497.13,1107236.0,52,8,8,0.2058125,0.17646830529121316
2024-03-25,Bogotá,Tienda,Alimentos,14246831.22,12041400.0,854,59,59,0.09570169491525424,0.15480152645480702
2024-03-25,Bogotá,Tienda,Bebidas,4612687.35,3546900.0,563,38,38,0.08032105263157895,0.2310556231390796
2024-03-25,Bogotá,Tienda,Cuidado personal,9464229.32,6234200.0,427,41,41,0.10401219512195121,0.34128815044392863
2024-03-25,Bogotá,Tienda,Hogar,12305864.18,8596800.0,432,45,45,0.10523777777777776,0.3014062341130113
2024-03-25,Caribe,E-commerce,Alimentos,1238862.26,1090353.0,74,8,8,0.10301249999999999,0.11987552191637511
2024-03-25,Caribe,E-commerce,Bebidas,361080.32,316008.0,48,9,9,0.20776666666666666,0.12482629903507343
2024-03-25,Caribe,E-commerce,Cuidado personal,551541.27,396682.0,26,6,6,0.18136666666666668,0.2807754893845025
2024-03-25,Caribe,E-commerce,Hogar,2707222.29,1954777.0,94,9,9,0.09784444444444444,0.27793997293070455
2024-03-25,Caribe,Marketplace,Alimentos,259146.07,241392.0,16,2,2,0.16845,0.06850989482495339
2024-03-25,Caribe,Marketplace,Bebidas,301062.93,242676.0,36,4,4,0.11785,0.1939359654807053
2024-03-25,Caribe,Marketplace,Cuidado personal,424946.61,328062.0,21,4,4,0.220025,0.22799242944896064
2024-03-25,Caribe,Marketplace,Hogar,1541350.29,1256287.0,59,10,10,0.18389,0.18494387151930275
2024-03-25,Caribe,Tienda,Alimentos,6569272.76,5414400.0,384,25,25,0.05698,0.17579917932955486
2024-03-25,Caribe,Tienda,Bebidas,1914055.49,1436400.0,228,14,14,0.07674285714285714,0.24955153729634033
2024-03-25,Caribe,Tienda,Cuidado personal,3962369.66,2613400.0,179,19,19,0.11261578947368421,0.3404451819873868
2024-03-25,Caribe,Tienda,Hogar,4467539.97,3024800.0,152,18,18,0.07967777777777778,0.32293834631321716
2024-03-25,Eje Cafetero,E-commerce,Alimentos,826059.86,766194.0,52,8,8,0.1536375,0.07247157609135008
2024-03-25,Eje Cafetero,E-commerce,Bebidas,303830.0,243589.5,37,7,7,0.12138571428571429,0.1982704143764605
2024-03-25,Eje Cafetero,E-commerce,Cuidado personal,369884.56,274626.0,18,5,5,0.17836000000000002,0.2575359187742251
2024-03-25,Eje Cafetero,E-commerce,Hogar,464008.83999999997,395114.5,19,5,5,0.23334000000000002,0.1484763523039776
2024-03-25,Eje Cafetero,Marketplace,Alimentos,354522.18,316827.0,21,3,3,0.10026666666666666,0.1063267184016526
2024-03-25,Eje Cafetero,Marketplace,Bebidas,333616.3,283122.0,42,6,6,0.17156666666666665,0.15135441523690535
2024-03-25,Eje Cafetero,Marketplace,Cuidado personal,826963.66,609258.0,39,6,6,0.16816666666666666,0.2632590409111811
2024-03-25,Eje Cafetero,Marketplace,Hogar,552197.13,447153.0,21,5,5,0.21003999999999995,0.19022940231507543
2024-03-25,Eje Cafetero,Tienda,Alimentos,4030627.12,3384000.0,240,23,23,0.1010782608695652,0.1604284149211997
2024-03-25,Eje Cafetero,Tienda,Bebidas,1128106.51,856800.0,136,8,8,0.08612500000000001,0.24049724701969852
2024-03-25,Eje Cafetero,Tienda,Cuidado personal,2075234.6600000001,1343200.0,92,15,15,0.10588666666666667,0.35274789598974804
2024-03-25,Eje Cafetero,Tienda,Hogar,2941642.26,2029800.0,102,11,11,0.09085454545454545,0.30997727779447926
2024-03-25,Valle,E-commerce,Alimentos,965723.04,898804.5,61,9,9,0.15945555555555554,0.06929371800014218
2024-03-25,Valle,E-commerce,Bebidas,325699.58,250173.0,38,5,5,0.08312,0.231890320521752
2024-03-25,Valle,E-commerce,Cuidado personal,2354721.38,1739298.0,114,15,15,0.16815333333333332,0.2613571971729411
2024-03-25,Valle,E-commerce,Hogar,3372548.94,2599437.5,125,19,19,0.18044736842105263,0.22923653703895547
2024-03-25,Valle,Marketplace,Alimentos,419913.83,437523.0,29,5,5,0.20823999999999998,-0.04193519894307835
2024-03-25,Valle,Marketplace,Bebidas,96378.97,74151.0,11,1,1,0.0476,0.23063091460720114
2024-03-25,Valle,Marketplace,Cuidado personal,1371098.09,1077918.0,69,11,11,0.23684545454545453,0.21382867654640236
2024-03-25,Valle,Marketplace,Hogar,1466824.6099999999,1128529.0,53,7,7,0.16767142857142855,0.23063126136123385
2024-03-25,Valle,Tienda,Alimentos,6509113.67,5456700.0,387,23,23,0.07821739130434782,0.16168309901400138
2024-03-25,Valle,Tienda,Bebidas,1161253.21,844200.0,134,16,16,0.0627125,0.2730267673490435
2024-03-25,Valle,Tienda,Cuidado personal,6425340.05,4146400.0,284,22,22,0.08920454545454545,0.35468006864477153
2024-03-25,Valle,Tienda,Hogar,10903533.05,7621700.0,383,32,32,0.088946875,0.30098804075253394
2024-04-01,Antioquia,E-commerce,Alimentos,1819931.3699999999,1606060.5,109,16,16,0.118525,0.11751589841544403
2024-04-01,Antioquia,E-commerce,Bebidas,682324.61,520096.5,79,11,11,0.08112727272727273,0.23775796391104814
2024-04-01,Antioquia,E-commerce,Cuidado personal,1318480.33,945934.0,62,10,10,0.16165,0.28255736663132475
2024-04-01,Antioquia,E-commerce,Hogar,4159903.1,3119325.0,150,19,19,0.15397894736842108,0.2501447930361647
2024-04-01,Antioquia,Marketplace,Alimentos,916366.12,890133.0,59,9,9,0.19491111111111112,0.028627335109246504
2024-04-01,Antioquia,Marketplace,Bebidas,240655.37,208971.0,31,5,5,0.1543,0.13165868685996907
2024-04-01,Antioquia,Marketplace,Cuidado personal,904280.1799999999,765478.0,49,10,10,0.25255,0.1534946613559527
2024-04-01,Antioquia,Marketplace,Hogar,1131928.2,958185.0,45,8,8,0.2085,0.15349312792101122
2024-04-01,Antioquia,Tienda,Alimentos,7052300.36,5950200.0,422,38,38,0.10366052631578947,0.15627530078710378
2024-04-01,Antioquia,Tienda,Bebidas,2473232.0300000003,1864800.0,296,27,27,0.08746296296296296,0.24600685363111693
2024-04-01,Antioquia,Tienda,Cuidado personal,3736766.3400000003,2394400.0,164,21,21,0.08938571428571429,0.35923207871755775
2024-04-01,Antioquia,Tienda,Hogar,7006433.3,4815800.0,242,25,25,0.088628,0.3126602661014414
2024-04-01,Bogotá,E-commerce,Alimentos,3769884.04,3344731.5,227,28,28,0.12726428571428572,0.11277602586418017
2024-04-01,Bogotá,E-commerce,Bebidas,726205.57,566181.0,86,13,13,0.12452307692307693,0.22035712284608333
2024-04-01,Bogotá,E-commerce,Cuidado personal,2514876.42,1769812.0,116,19,19,0.1486263157894737,0.29626283584940527
2024-04-01,Bogotá,E-commerce,Hogar,3108728.66,2308300.5,111,18,18,0.14205555555555555,0.25747765326035243
2024-04-01,Bogotá,Marketplace,Alimentos,1175046.73,1161699.0,77,14,14,0.1977857142857143,0.0113593184502543
2024-04-01,Bogotá,Marketplace,Bebidas,1157430.21,997668.0,148,9,9,0.13567777777777779,0.13803183001418287
2024-04-01,Bogotá,Marketplace,Cuidado personal,1383828.33,1109162.0,71,15,15,0.23792666666666668,0.19848295055500131
2024-04-01,Bogotá,Marketplace,Hogar,1518801.7,1128529.0,53,7,7,0.10017142857142858,0.25696093176614165
2024-04-01,Bogotá,Tienda,Alimentos,10670121.5,8897100.0,631,60,60,0.08781,0.16616694570909993
2024-04-01,Bogotá,Tienda,Bebidas,4788412.75,3622500.0,575,47,47,0.08545106382978722,0.2434862679705295
2024-04-01,Bogotá,Tienda,Cuidado personal,6938672.82,4438400.0,304,36,36,0.08995833333333333,0.3603387686465378
2024-04-01,Bogotá,Tienda,Hogar,14374191.82,10009700.0,503,48,48,0.105375,0.30363389292797127
2024-04-01,Caribe,E-commerce,Alimentos,1571979.42,1429246.5,97,13,13,0.14043846153846154,0.09079821159490747
2024-04-01,Caribe,E-commerce,Bebidas,587632.09,454261.5,69,7,7,0.08144285714285714,0.226962741262139
2024-04-01,Caribe,E-commerce,Cuidado personal,1207374.81,854392.0,56,10,10,0.15426,0.2923556190475765
2024-04-01,Caribe,E-commerce,Hogar,2496983.98,1850799.5,89,12,12,0.13251666666666667,0.2587859934928377
2024-04-01,Caribe,Marketplace,Alimentos,1244646.39,1176786.0,78,10,10,0.15467999999999998,0.05452182286086887
2024-04-01,Caribe,Marketplace,Bebidas,219713.16999999998,182007.0,27,3,3,0.1566,0.1716154293345273
2024-04-01,Caribe,Marketplace,Cuidado personal,371013.70999999996,328062.0,21,4,4,0.28775,0.11576852510382964
2024-04-01,Caribe,Marketplace,Hogar,1006972.8099999999,787841.0,37,6,6,0.15836666666666666,0.21761442595455974
2024-04-01,Caribe,Tienda,Alimentos,4691031.19,3948000.0,280,24,24,0.09598333333333332,0.15839399908146856
2024-04-01,Caribe,Tienda,Bebidas,2475933.95,1890000.0,300,20,20,0.08965,0.2366516885476691
2024-04-01,Caribe,Tienda,Cuidado personal,3870318.58,2496600.0,171,15,15,0.10273333333333333,0.35493682279767264
2024-04-01,Caribe,Tienda,Hogar,4802956.47,3383000.0,170,19,19,0.10202631578947369,0.29564216933242365
2024-04-01,Eje Cafetero,E-commerce,Alimentos,1315061.15,1193494.5,81,9,9,0.15054444444444445,0.09244182295249154
2024-04-01,Eje Cafetero,E-commerce,Bebidas,372913.26,289674.0,44,6,6,0.11553333333333332,0.22321346256231278
2024-04-01,Eje Cafetero,E-commerce,Cuidado personal,997994.1900000001,747593.0,49,9,9,0.19537777777777776,0.25090445666822975
2024-04-01,Eje Cafetero,E-commerce,Hogar,1333957.87,998184.0,48,6,6,0.15745,0.25171249973584253
2024-04-01,Eje Cafetero,Marketplace,Alimentos,399467.33,347001.0,23,3,3,0.0819,0.13134072816417808
2024-04-01,Eje Cafetero,Marketplace,Bebidas,75681.45,67410.0,10,2,2,0.16075,0.10929296412793356
2024-04-01,Eje Cafetero,Marketplace,Cuidado personal,617096.29,468660.0,30,4,4,0.195525,0.24053991638808916
2024-04-01,Eje Cafetero,Marketplace,Hogar,91360.01,85172.0,4,1,1,0.2749,0.067732151080106
2024-04-01,Eje Cafetero,Tienda,Alimentos,2504784.7800000003,2129100.0,151,15,15,0.09579333333333334,0.14998685036724002
2024-04-01,Eje Cafetero,Tienda,Bebidas,671089.04,529200.0,84,5,5,0.12742,0.21143101964532163
2024-04-01,Eje Cafetero,Tienda,Cuidado personal,2898900.97,1883400.0,129,14,14,0.10274285714285714,0.350305505606837
2024-04-01,Eje Cafetero,Tienda,Hogar,6199221.59,4278500.0,215,19,19,0.10162631578947369,0.30983270433473886
2024-04-01,Valle,E-commerce,Alimentos,2042465.42,1856547.0,126,13,13,0.15492307692307694,0.0910264713318867
2024-04-01,Valle,E-commerce,Bebidas,1061213.72,862438.5,131,3,3,0.1526,0.18730931974758108
2024-04-01,Valle,E-commerce,Cuidado personal,1504709.95,1067990.0,70,11,11,0.14547272727272728,0.29023530415280363
2024-04-01,Valle,E-commerce,Hogar,2931744.25,2225118.5,107,13,13,0.1531846153846154,0.24102571361741393
2024-04-01,Valle,Marketplace,Alimentos,1878903.8199999998,1750092.0,116,13,13,0.15323846153846155,0.06855689930951327
2024-04-01,Valle,Marketplace,Bebidas,349610.49,310086.0,46,8,8,0.1860875,0.1130529292756633
2024-04-01,Valle,Marketplace,Cuidado personal,465054.61,406172.0,26,5,5,0.26183999999999996,0.1266143991132568
2024-04-01,Valle,Marketplace,Hogar,767759.1,660083.0,31,5,5,0.24531999999999998,0.14024724682520856
2024-04-01,Valle,Tienda,Alimentos,6632481.34,5555400.0,394,35,35,0.09244285714285715,0.16239492955738943
2024-04-01,Valle,Tienda,Bebidas,1959221.74,1480500.0,235,21,21,0.08203809523809524,0.2443428072618263
2024-04-01,Valle,Tienda,Cuidado personal,5753216.91,3781400.0,259,25,25,0.115716,0.3427329337388046
2024-04-01,Valle,Tienda,Hogar,9141894.32,6447600.0,324,31,31,0.11311612903225807,0.2947194777898067
2024-04-08,Antioquia,E-commerce,Alimentos,1880621.84,1635529.5,111,16,16,0.09976875,0.13032515883150653
2024-04-08,Antioquia,E-commerce,Bebidas,393011.38,309424.5,47,7,7,0.1263,0.21268310347654565
2024-04-08,Antioquia,E-commerce,Cuidado personal,4394554.08,3097171.0,203,27,27,0.15255925925925928,0.29522519381534157
2024-04-08,Antioquia,E-commerce,Hogar,2732805.58,2079550.0,100,13,13,0.16593076923076922,0.2390420982673784
2024-04-08,Antioquia,Marketplace,Alimentos,1068447.35,1101351.0,73,12,12,0.22834166666666667,-0.030795761719096315
2024-04-08,Antioquia,Marketplace,Bebidas,673930.48,566244.0,84,3,3,0.12493333333333334,0.15978870698948056
2024-04-08,Antioquia,Marketplace,Cuidado personal,1079043.29,765478.0,49,7,7,0.14237142857142857,0.290595653488564
2024-04-08,Antioquia,Marketplace,Hogar,1468335.5,1171115.0,55,10,10,0.16061,0.20242001913050525
2024-04-08,Antioquia,Tienda,Alimentos,6886683.76,5640000.0,400,40,40,0.06347749999999999,0.1810281702263035
2024-04-08,Antioquia,Tienda,Bebidas,2416405.23,1770300.0,281,27,27,0.06962962962962964,0.2673828139330753
2024-04-08,Antioquia,Tienda,Cuidado personal,5613248.47,3664600.0,251,18,18,0.09459444444444445,0.34715165031702216
2024-04-08,Antioquia,Tienda,Hogar,6302702.72,4318300.0,217,25,25,0.08452399999999999,0.3148494873005846
2024-04-08,Bogotá,E-commerce,Alimentos,3399863.99,2917431.0,198,21,21,0.08080476190476191,0.14189773220898763
2024-04-08,Bogotá,E-commerce,Bebidas,1562312.0799999998,1217947.5,185,15,15,0.07152,0.22041984082975272
2024-04-08,Bogotá,E-commerce,Cuidado personal,3743710.58,2685232.0,176,27,27,0.18017407407407407,0.28273515203197147
2024-04-08,Bogotá,E-commerce,Hogar,3304865.71,2474664.5,119,15,15,0.15687333333333334,0.2512057320477327
2024-04-08,Bogotá,Marketplace,Alimentos,1635904.52,1493613.0,99,12,12,0.129375,0.08698033305757968
2024-04-08,Bogotá,Marketplace,Bebidas,633604.74,539280.0,80,11,11,0.16718181818181818,0.14887000371872217
2024-04-08,Bogotá,Marketplace,Cuidado personal,1943838.64,1577822.0,101,13,13,0.23271538461538463,0.18829579393482987
2024-04-08,Bogotá,Marketplace,Hogar,1154965.4,915599.0,43,8,8,0.1800375,0.20724984488712817
2024-04-08,Bogotá,Tienda,Alimentos,15898696.65,13423200.0,952,69,69,0.08378260869565217,0.15570437655969743
2024-04-08,Bogotá,Tienda,Bebidas,3434695.09,2576700.0,409,34,34,0.08133235294117647,0.2498024038576303
2024-04-08,Bogotá,Tienda,Cuidado personal,9822534.25,6438600.0,441,47,47,0.11660851063829787,0.3445072487275878
2024-04-08,Bogotá,Tienda,Hogar,12163013.51,8497300.0,427,49,49,0.11059999999999999,0.30138201416829635
2024-04-08,Caribe,E-commerce,Alimentos,1903638.81,1650264.0,112,13,13,0.09517692307692308,0.13310025445425755
2024-04-08,Caribe,E-commerce,Bebidas,348995.19,289674.0,44,6,6,0.1945,0.16997709911130868
2024-04-08,Caribe,E-commerce,Cuidado personal,1350695.54,945934.0,62,10,10,0.13064,0.29966896907055757
2024-04-08,Caribe,E-commerce,Hogar,1910106.94,1393298.5,67,8,8,0.1139875,0.2705651862612467
2024-04-08,Caribe,Marketplace,Alimentos,874326.3200000001,784524.0,52,7,7,0.10587142857142859,0.10271030157252965
2024-04-08,Caribe,Marketplace,Bebidas,130043.53,114597.0,17,3,3,0.23016666666666666,0.11877968861657323
2024-04-08,Caribe,Marketplace,Cuidado personal,841888.49,640502.0,41,7,7,0.1987857142857143,0.23920803335843205
2024-04-08,Caribe,Marketplace,Hogar,362986.75,298102.0,14,3,3,0.1988,0.17875239247713587
2024-04-08,Caribe,Tienda,Alimentos,6268374.72,5217000.0,370,29,29,0.08056551724137932,0.16772684578754726
2024-04-08,Caribe,Tienda,Bebidas,1512760.6099999999,1134000.0,180,18,18,0.07832222222222222,0.25037709700809824
2024-04-08,Caribe,Tienda,Cuidado personal,4903009.8,3197400.0,219,18,18,0.09514444444444443,0.3478699553078601
2024-04-08,Caribe,Tienda,Hogar,6591598.1,4537200.0,228,23,23,0.07933478260869566,0.3116691990065353
2024-04-08,Eje Cafetero,E-commerce,Alimentos,662161.71,589380.0,40,8,8,0.1211,0.10991531056665896
2024-04-08,Eje Cafetero,E-commerce,Bebidas,187133.43,144837.0,22,3,3,0.07743333333333334,0.2260228437003479
2024-04-08,Eje Cafetero,E-commerce,Cuidado personal,1128302.8699999999,808621.0,53,8,8,0.160625,0.28332983855655697
2024-04-08,Eje Cafetero,E-commerce,Hogar,2421953.05,1746822.0,84,11,11,0.10979090909090909,0.278754804929022
2024-04-08,Eje Cafetero,Marketplace,Alimentos,119581.63,105609.0,7,2,2,0.09855,0.11684595702533913
2024-04-08,Eje Cafetero,Marketplace,Bebidas,128946.86,128079.0,19,4,4,0.251975,0.0067303693940279005
2024-04-08,Eje Cafetero,Marketplace,Cuidado personal,586327.76,468660.0,30,5,5,0.21976,0.20068597809525512
2024-04-08,Eje Cafetero,Marketplace,Hogar,1079784.19,851720.0,40,6,6,0.17641666666666667,0.2112127516888351
2024-04-08,Eje Cafetero,Tienda,Alimentos,4771743.2700000005,4004400.0,284,21,21,0.08218571428571428,0.16080983962911324
2024-04-08,Eje Cafetero,Tienda,Bebidas,1114132.45,856800.0,136,7,7,0.07197142857142858,0.23097114710194463
2024-04-08,Eje Cafetero,Tienda,Cuidado personal,3010856.41,1971000.0,135,18,18,0.11915555555555556,0.34536898091397195
2024-04-08,Eje Cafetero,Tienda,Hogar,1985889.97,1472600.0,74,8,8,0.14295,0.2584684840318721
2024-04-08,Valle,E-commerce,Alimentos,1887059.31,1679733.0,114,15,15,0.13436,0.10986740528044137
2024-04-08,Valle,E-commerce,Bebidas,254880.4,190921.5,29,5,5,0.05784,0.2509369100174042
2024-04-08,Valle,E-commerce,Cuidado personal,1545182.1,1083247.0,71,8,8,0.12561250000000002,0.29895188405301876
2024-04-08,Valle,E-commerce,Hogar,3027216.98,2245914.0,108,14,14,0.13720000000000002,0.25809282425470537
2024-04-08,Valle,Marketplace,Alimentos,973904.04,905220.0,60,9,9,0.1275888888888889,0.07052444304471725
2024-04-08,Valle,Marketplace,Bebidas,151443.01,134820.0,20,3,3,0.18389999999999998,0.10976412843352762
2024-04-08,Valle,Marketplace,Cuidado personal,1478687.44,1171650.0,75,12,12,0.23793333333333333,0.2076418800175918
2024-04-08,Valle,Marketplace,Hogar,1697197.72,1362752.0,64,9,9,0.18773333333333334,0.19705760622869561
2024-04-08,Valle,Tienda,Alimentos,8295513.11,6937200.0,492,41,41,0.07269024390243903,0.1637406983737502
2024-04-08,Valle,Tienda,Bebidas,2157674.1,1638000.0,260,18,18,0.08382222222222221,0.24084920887728137
2024-04-08,Valle,Tienda,Cuidado personal,4356374.63,2803200.0,192,24,24,0.09665833333333333,0.35652916976059057
2024-04-08,Valle,Tienda,Hogar,7461982.38,5114300.0,257,26,26,0.07605769230769231,0.314619126720586
2024-04-15,Antioquia,E-commerce,Alimentos,893911.86,810397.5,55,9,9,0.1578222222222222,0.0934257209653757
2024-04-15,Antioquia,E-commerce,Bebidas,233231.81,177754.5,27,5,5,0.07008,0.23786339436288728
2024-04-15,Antioquia,E-commerce,Cuidado personal,2668102.4899999998,1937639.0,127,17,17,0.17753529411764707,0.2737763982972033
2024-04-15,Antioquia,E-commerce,Hogar,910577.9299999999,707047.0,34,7,7,0.20184285714285716,0.22351840879780596
2024-04-15,Antioquia,Marketplace,Alimentos,1262332.94,1191873.0,79,12,12,0.14720833333333333,0.05581723946774291
2024-04-15,Antioquia,Marketplace,Bebidas,588451.49,539280.0,80,11,11,0.23063636363636364,0.08356082164053998
2024-04-15,Antioquia,Marketplace,Cuidado personal,672335.33,531148.0,34,7,7,0.22615714285714286,0.2099954051202396
2024-04-15,Antioquia,Marketplace,Hogar,920635.94,745255.0,35,5,5,0.14682,0.19049977562248976
2024-04-15,Antioquia,Tienda,Alimentos,5961625.9399999995,4935000.0,350,34,34,0.08450882352941176,0.17220569528050592
2024-04-15,Antioquia,Tienda,Bebidas,2663028.58,2041200.0,324,25,25,0.08598800000000001,0.23350428330739134
2024-04-15,Antioquia,Tienda,Cuidado personal,4848420.04,3080600.0,211,23,23,0.09119130434782609,0.36461775700440346
2024-04-15,Antioquia,Tienda,Hogar,11822578.040000001,8258500.0,415,36,36,0.09331111111111111,0.30146369327751127
2024-04-15,Bogotá,E-commerce,Alimentos,4105342.74,3654156.0,248,22,22,0.1119590909090909,0.10990233180872011
2024-04-15,Bogotá,E-commerce,Bebidas,680678.27,539847.0,82,13,13,0.09810769230769231,0.2068984367607328
2024-04-15,Bogotá,E-commerce,Cuidado personal,1995183.06,1418901.0,93,15,15,0.15732,0.2888366844894924
2024-04-15,Bogotá,E-commerce,Hogar,5654088.71,4200691.0,202,19,19,0.15465263157894737,0.2570525127116373
2024-04-15,Bogotá,Marketplace,Alimentos,2581638.78,2353572.0,156,16,16,0.12293125,0.0883418632253424
2024-04-15,Bogotá,Marketplace,Bebidas,299783.61,262899.0,39,5,5,0.15792,0.12303744691045647
2024-04-15,Bogotá,Marketplace,Cuidado personal,1105021.4,921698.0,59,11,11,0.23736363636363633,0.16590031650065776
2024-04-15,Bogotá,Marketplace,Hogar,2285050.71,1895077.0,89,14,14,0.20452857142857142,0.17066304405997185
2024-04-15,Bogotá,Tienda,Alimentos,11079969.26,9136800.0,648,61,61,0.07522786885245901,0.17537677356335912
2024-04-15,Bogotá,Tienda,Bebidas,3998435.16,3055500.0,485,44,44,0.09128181818181819,0.23582604750804564
2024-04-15,Bogotá,Tienda,Cuidado personal,8927503.72,5737800.0,393,46,46,0.08572826086956521,0.3572895425239879
2024-04-15,Bogotá,Tienda,Hogar,15064073.67,10387800.0,522,51,51,0.09851176470588235,0.3104255709604479
2024-04-15,Caribe,E-commerce,Alimentos,1919437.56,1664998.5,113,14,14,0.09605,0.13255917530341546
2024-04-15,Caribe,E-commerce,Bebidas,390757.16000000003,316008.0,48,6,6,0.10876666666666668,0.19129312947202304
2024-04-15,Caribe,E-commerce,Cuidado personal,1302476.84,945934.0,62,11,11,0.14924545454545457,0.27374217264392975
2024-04-15,Caribe,E-commerce,Hogar,1452812.81,1122957.0,54,8,8,0.172825,0.22704632539686928
2024-04-15,Caribe,Marketplace,Alimentos,1319396.6500000001,1282395.0,85,6,6,0.18613333333333335,0.02804437164517595
2024-04-15,Caribe,Marketplace,Bebidas,104704.84,94374.0,14,3,3,0.23276666666666668,0.0986663080713365
2024-04-15,Caribe,Marketplace,Cuidado personal,541264.27,421794.0,27,5,5,0.20526,0.22072447161531653
2024-04-15,Caribe,Marketplace,Hogar,1646361.76,1320166.0,62,7,7,0.1835142857142857,0.19813127826778484
2024-04-15,Caribe,Tienda,Alimentos,3956343.1,3214800.0,228,27,27,0.07847777777777777,0.18743144395136005
2024-04-15,Caribe,Tienda,Bebidas,1573613.9,1165500.0,185,15,15,0.06866,0.2593481793723352
2024-04-15,Caribe,Tienda,Cuidado personal,1910517.53,1226400.0,84,13,13,0.09554615384615385,0.35807969267887324
2024-04-15,Caribe,Tienda,Hogar,8603664.53,6009800.0,302,25,25,0.100388,0.30148368999691805
2024-04-15,Eje Cafetero,E-commerce,Alimentos,632301.78,559911.0,38,8,8,0.10767499999999999,0.114487705538327
2024-04-15,Eje Cafetero,E-commerce,Bebidas,358065.02999999997,283090.5,43,5,5,0.13872,0.2093880265269132
2024-04-15,Eje Cafetero,E-commerce,Cuidado personal,1284885.43,915420.0,60,8,8,0.1582875,0.2875473729980734
2024-04-15,Eje Cafetero,E-commerce,Hogar,565742.9099999999,499092.0,24,4,4,0.2494,0.11781130407803064
2024-04-15,Eje Cafetero,Marketplace,Alimentos,190485.53,165957.0,11,2,2,0.060700000000000004,0.12876846866006042
2024-04-15,Eje Cafetero,Marketplace,Bebidas,130212.34,114597.0,17,3,3,0.2119333333333333,0.11992212105242865
2024-04-15,Eje Cafetero,Marketplace,Cuidado personal,1183941.55,906076.0,58,8,8,0.1813125,0.23469532765363293
2024-04-15,Eje Cafetero,Marketplace,Hogar,1214280.51,979478.0,46,6,6,0.19225,0.1933676016919682
2024-04-15,Eje Cafetero,Tienda,Alimentos,2783979.5300000003,2312400.0,164,18,18,0.09305000000000001,0.1693904444764363
2024-04-15,Eje Cafetero,Tienda,Bebidas,2506872.01,1978200.0,314,13,13,0.12575384615384616,0.21088911116766582
2024-04-15,Eje Cafetero,Tienda,Cuidado personal,2634022.98,1693600.0,116,14,14,0.11269285714285714,0.35702914786263557
2024-04-15,Eje Cafetero,Tienda,Hogar,2629456.84,1791000.0,90,10,10,0.07122999999999999,0.318870736817266
2024-04-15,Valle,E-commerce,Alimentos,2133392.2600000002,1871281.5,127,21,21,0.11209047619047618,0.12286102509812247
2024-04-15,Valle,E-commerce,Bebidas,613655.95,474012.0,72,9,9,0.10731111111111111,0.22756065511953394
2024-04-15,Valle,E-commerce,Cuidado personal,927571.02,640794.0,42,6,6,0.15703333333333333,0.30916987898134207
2024-04-15,Valle,E-commerce,Hogar,1966693.35,1476480.5,71,9,9,0.1539111111111111,0.24925738931287894
2024-04-15,Valle,Marketplace,Alimentos,823580.12,799611.0,53,8,8,0.18558750000000002,0.02910356796859059
2024-04-15,Valle,Marketplace,Bebidas,319653.87,262899.0,39,6,6,0.1107,0.17755101791822508
2024-04-15,Valle,Marketplace,Cuidado personal,271694.46,203086.0,13,3,3,0.13113333333333332,0.2525206439616031
2024-04-15,Valle,Marketplace,Hogar,1860189.86,1511803.0,71,10,10,0.21266,0.18728564620817795
2024-04-15,Valle,Tienda,Alimentos,7747352.82,6542400.0,464,36,36,0.09172222222222222,0.15553090816896606
2024-04-15,Valle,Tienda,Bebidas,2389697.39,1776600.0,282,24,24,0.0667875,0.2565585887843314
2024-04-15,Valle,Tienda,Cuidado personal,5191669.09,3358000.0,230,28,28,0.11288571428571428,0.35319452342059804
2024-04-15,Valle,Tienda,Hogar,5442764.74,3800900.0,191,25,25,0.11220000000000001,0.3016600603611613
2024-04-22,Antioquia,E-commerce,Alimentos,2587927.94,2254378.5,153,19,19,0.10942105263157893,0.12888667989727717
2024-04-22,Antioquia,E-commerce,Bebidas,230510.1,217255.5,33,5,5,0.21800000000000003,0.05750116806161641
2024-04-22,Antioquia,E-commerce,Cuidado personal,3136473.82,2197008.0,144,18,18,0.14372222222222222,0.29952930389835036
2024-04-22,Antioquia,E-commerce,Hogar,2744379.9899999998,1996368.0,96,13,13,0.13265384615384615,0.2725613773331731
2024-04-22,Antioquia,Marketplace,Alimentos,492098.26,437523.0,29,5,5,0.10222,0.11090317612584123
2024-04-22,Antioquia,Marketplace,Bebidas,303687.62,269640.0,40,6,6,0.1958,0.11211395446412993
2024-04-22,Antioquia,Marketplace,Cuidado personal,835086.0,609258.0,39,7,7,0.18250000000000002,0.2704248424713143
2024-04-22,Antioquia,Marketplace,Hogar,693574.37,553618.0,26,4,4,0.21992499999999998,0.20178999694005417
2024-04-22,Antioquia,Tienda,Alimentos,9630181.46,8065200.0,572,43,43,0.08550232558139535,0.16250799286600368
2024-04-22,Antioquia,Tienda,Bebidas,2229801.01,1644300.0,261,25,25,0.07126400000000001,0.26257993757030357
2024-04-22,Antioquia,Tienda,Cuidado personal,4086471.97,2671800.0,183,19,19,0.09232105263157894,0.34618418537690354
2024-04-22,Antioquia,Tienda,Hogar,12913269.28,8935100.0,449,38,38,0.08167105263157895,0.3080683283017544
2024-04-22,Bogotá,E-commerce,Alimentos,3675878.65,3344731.5,227,28,28,0.145225,0.09008652937985315
2024-04-22,Bogotá,E-commerce,Bebidas,946373.51,763686.0,116,16,16,0.12961875,0.1930395431292239
2024-04-22,Bogotá,E-commerce,Cuidado personal,2131780.98,1586728.0,104,20,20,0.18086,0.2556796336554236
2024-04-22,Bogotá,E-commerce,Hogar,9728187.06,7236834.0,348,35,35,0.13370857142857143,0.2560963357955825
2024-04-22,Bogotá,Marketplace,Alimentos,982804.73,890133.0,59,10,10,0.12415000000000001,0.09429312575652743
2024-04-22,Bogotá,Marketplace,Bebidas,345082.05000000005,289863.0,43,6,6,0.13876666666666668,0.1600171611360256
2024-04-22,Bogotá,Marketplace,Cuidado personal,1293903.18,1015430.0,65,12,12,0.21011666666666665,0.21521948806092273
2024-04-22,Bogotá,Marketplace,Hogar,1350777.61,1128529.0,53,10,10,0.21596,0.16453382729670807
2024-04-22,Bogotá,Tienda,Alimentos,11163617.98,9334200.0,662,61,61,0.0811344262295082,0.16387321594822257
2024-04-22,Bogotá,Tienda,Bebidas,4230349.83,3181500.0,505,48,48,0.08948125,0.2479345378393919
2024-04-22,Bogotá,Tienda,Cuidado personal,13456072.22,8760000.0,600,47,47,0.08921914893617021,0.3489927924896349
2024-04-22,Bogotá,Tienda,Hogar,13154837.26,9134100.0,459,47,47,0.0984063829787234,0.30564705442809864
2024-04-22,Caribe,E-commerce,Alimentos,1421949.1,1222963.5,83,10,10,0.08660999999999999,0.1399386236820995
2024-04-22,Caribe,E-commerce,Bebidas,575337.0700000001,480595.5,73,6,6,0.14541666666666667,0.16467141601009658
2024-04-22,Caribe,E-commerce,Cuidado personal,1126258.88,808621.0,53,10,10,0.16895,0.282029190304808
2024-04-22,Caribe,E-commerce,Hogar,2911471.61,2245914.0,108,10,10,0.19856000000000001,0.22859835133340006
2024-04-22,Caribe,Marketplace,Alimentos,496814.29,452610.0,30,3,3,0.1438,0.08897548015376124
2024-04-22,Caribe,Marketplace,Bebidas,81598.45,67410.0,10,2,2,0.18965,0.17388136661909628
2024-04-22,Caribe,Marketplace,Cuidado personal,328272.27999999997,249952.0,16,2,2,0.22905,0.23858328823865352
2024-04-22,Caribe,Marketplace,Hogar,568619.08,447153.0,21,3,3,0.14926666666666666,0.2136159061000907
2024-04-22,Caribe,Tienda,Alimentos,5940833.84,4991400.0,354,29,29,0.08117241379310346,0.15981491244670123
2024-04-22,Caribe,Tienda,Bebidas,1168200.84,863100.0,137,17,17,0.07520588235294118,0.26117156361572214
2024-04-22,Caribe,Tienda,Cuidado personal,2030800.82,1270200.0,87,12,12,0.05824166666666667,0.37453245660990037
2024-04-22,Caribe,Tienda,Hogar,5866652.46,4059600.0,204,21,21,0.09246190476190476,0.3080210515827965
2024-04-22,Eje Cafetero,E-commerce,Alimentos,1952843.65,1650264.0,112,13,13,0.06975384615384615,0.1549431005395644
2024-04-22,Eje Cafetero,E-commerce,Bebidas,613115.44,493762.5,75,7,7,0.1581142857142857,0.19466634211658404
2024-04-22,Eje Cafetero,E-commerce,Cuidado personal,1689077.65,1251074.0,82,8,8,0.20377499999999998,0.25931528369936097
2024-04-22,Eje Cafetero,E-commerce,Hogar,1988351.94,1518071.5,73,11,11,0.1857818181818182,0.23651770621653628
2024-04-22,Eje Cafetero,Marketplace,Alimentos,866097.26,799611.0,53,8,8,0.14882499999999999,0.07676535081060065
2024-04-22,Eje Cafetero,Marketplace,Bebidas,146049.43,128079.0,19,3,3,0.18983333333333333,0.12304347918372563
2024-04-22,Eje Cafetero,Marketplace,Cuidado personal,271369.47,234330.0,15,4,4,0.2752,0.13649092508453503
2024-04-22,Eje Cafetero,Marketplace,Hogar,1224060.24,936892.0,44,4,4,0.158675,0.23460302901432367
2024-04-22,Eje Cafetero,Tienda,Alimentos,2669787.88,2213700.0,157,15,15,0.07505999999999999,0.17083300265787404
2024-04-22,Eje Cafetero,Tienda,Bebidas,442692.82999999996,333900.0,53,8,8,0.1067875,0.24575241031123085
2024-04-22,Eje Cafetero,Tienda,Cuidado personal,2445185.34,1635200.0,112,15,15,0.13160000000000002,0.33125723713033545
2024-04-22,Eje Cafetero,Tienda,Hogar,4508176.19,3223800.0,162,14,14,0.11674285714285713,0.2848992887298844
2024-04-22,Valle,E-commerce,Alimentos,1730570.38,1517653.5,103,13,13,0.0987923076923077,0.12303277720493512
2024-04-22,Valle,E-commerce,Bebidas,414326.92,342342.0,52,8,8,0.1734,0.17373942296580677
2024-04-22,Valle,E-commerce,Cuidado personal,3132533.8,2074952.0,136,16,16,0.08478125,0.3376122549739128
2024-04-22,Valle,E-commerce,Hogar,2163786.42,1622049.0,78,11,11,0.12777272727272726,0.2503654773838538
2024-04-22,Valle,Marketplace,Alimentos,497264.04000000004,467697.0,31,5,5,0.1404,0.059459437284063485
2024-04-22,Valle,Marketplace,Bebidas,219507.01,182007.0,27,6,6,0.1322,0.17083741425843305
2024-04-22,Valle,Marketplace,Cuidado personal,1192453.1099999999,952942.0,61,8,8,0.21711249999999999,0.2008557887865292
2024-04-22,Valle,Marketplace,Hogar,1532394.67,1213701.0,57,9,9,0.17715555555555557,0.2079710118020705
2024-04-22,Valle,Tienda,Alimentos,7456268.78,6359100.0,451,34,34,0.11311764705882353,0.1471471606472856
2024-04-22,Valle,Tienda,Bebidas,3036752.86,2305800.0,366,26,26,0.08091153846153845,0.24070212285895398
2024-04-22,Valle,Tienda,Cuidado personal,8159600.34,5256000.0,360,31,31,0.08111935483870968,0.35585080383973805
2024-04-22,Valle,Tienda,Hogar,6333424.66,4457600.0,224,23,23,0.11580869565217392,0.2961785701576499
2024-04-29,Antioquia,E-commerce,Alimentos,3860689.0300000003,3388935.0,230,22,22,0.10202272727272726,0.12219425764006697
2024-04-29,Antioquia,E-commerce,Bebidas,526292.96,427927.5,65,8,8,0.1378125,0.18690248108201934
2024-04-29,Antioquia,E-commerce,Cuidado personal,2507726.89,1830840.0,120,17,17,0.16613529411764705,0.2699204976025121
2024-04-29,Antioquia,E-commerce,Hogar,2760555.64,2141936.5,103,15,15,0.1702,0.22409225557214274
2024-04-29,Antioquia,Marketplace,Alimentos,890669.4,814698.0,54,7,7,0.13322857142857142,0.0852969687742725
2024-04-29,Antioquia,Marketplace,Bebidas,340789.8,269640.0,40,5,5,0.08191999999999999,0.20877913599526743
2024-04-29,Antioquia,Marketplace,Cuidado personal,2124609.37,1609066.0,103,14,14,0.19659285714285715,0.24265325065378965
2024-04-29,Antioquia,Marketplace,Hogar,1603835.95,1213701.0,57,8,8,0.10853750000000001,0.24325115670340222
2024-04-29,Antioquia,Tienda,Alimentos,5722882.18,4822200.0,342,28,28,0.08614642857142858,0.1573826180010576
2024-04-29,Antioquia,Tienda,Bebidas,2290335.52,1738800.0,276,26,26,0.0929923076923077,0.24080992290596795
2024-04-29,Antioquia,Tienda,Cuidado personal,3762041.76,2496600.0,171,21,21,0.13468095238095237,0.3363710029630293
2024-04-29,Antioquia,Tienda,Hogar,8316147.13,5691400.0,286,30,30,0.08425666666666666,0.3156205739231552
2024-04-29,Bogotá,E-commerce,Alimentos,4509052.85,3919377.0,266,29,29,0.09060689655172414,0.13077598990661635
2024-04-29,Bogotá,E-commerce,Bebidas,782347.4299999999,618849.0,94,12,12,0.11961666666666666,0.20898442780083007
2024-04-29,Bogotá,E-commerce,Cuidado personal,3357005.8,2486891.0,163,24,24,0.17662916666666664,0.25919371363612176
2024-04-29,Bogotá,E-commerce,Hogar,2724732.35,2037959.0,98,14,14,0.14382142857142857,0.25205167399286027
2024-04-29,Bogotá,Marketplace,Alimentos,2064626.1199999999,1931136.0,128,13,13,0.14146923076923076,0.06465583221430904
2024-04-29,Bogotá,Marketplace,Bebidas,401550.83,330309.0,49,6,6,0.13144999999999998,0.1774167170816208
2024-04-29,Bogotá,Marketplace,Cuidado personal,1639239.63,1249760.0,80,15,15,0.18612666666666666,0.2375977391420191
2024-04-29,Bogotá,Marketplace,Hogar,2232205.89,1831198.0,86,15,15,0.20074,0.17964646173386817
2024-04-29,Bogotá,Tienda,Alimentos,13591699.86,11364600.0,806,60,60,0.07959999999999999,0.16385734550792233
2024-04-29,Bogotá,Tienda,Bebidas,3212627.21,2406600.0,382,37,37,0.07541081081081082,0.2508934766819708
2024-04-29,Bogotá,Tienda,Cuidado personal,7572481.9,5007800.0,343,47,47,0.1236595744680851,0.33868445430024735
2024-04-29,Bogotá,Tienda,Hogar,15620609.91,10726100.0,539,57,57,0.08185964912280702,0.31333667111593594
2024-04-29,Caribe,E-commerce,Alimentos,819961.33,721990.5,49,9,9,0.13155555555555554,0.11948225655958673
2024-04-29,Caribe,E-commerce,Bebidas,487551.94,395010.0,60,8,8,0.1562375,0.18980939753823972
2024-04-29,Caribe,E-commerce,Cuidado personal,846058.21,671308.0,44,7,7,0.24707142857142858,0.20654632025850794
2024-04-29,Caribe,E-commerce,Hogar,1811562.29,1351707.5,65,8,8,0.1387,0.2538443157811593
2024-04-29,Caribe,Marketplace,Alimentos,548527.94,497871.0,33,4,4,0.1018,0.09235070140638588
2024-04-29,Caribe,Marketplace,Bebidas,419825.20999999996,337050.0,50,5,5,0.1008,0.19716588720339107
2024-04-29,Caribe,Marketplace,Cuidado personal,354539.83999999997,312440.0,20,3,3,0.2553,0.11874501889547863
2024-04-29,Caribe,Marketplace,Hogar,704148.35,553618.0,26,3,3,0.16490000000000002,0.21377647196077357
2024-04-29,Caribe,Tienda,Alimentos,4120416.97,3454500.0,245,27,27,0.1018111111111111,0.16161397616998946
2024-04-29,Caribe,Tienda,Bebidas,1007028.73,749700.0,119,16,16,0.09086875,0.25553265992718993
2024-04-29,Caribe,Tienda,Cuidado personal,3739993.15,2423600.0,166,23,23,0.12138260869565216,0.35197742273939725
2024-04-29,Caribe,Tienda,Hogar,9379419.430000002,6726200.0,338,21,21,0.11107619047619048,0.28287672278666837
2024-04-29,Eje Cafetero,E-commerce,Alimentos,1857725.03,1635529.5,111,10,10,0.11416,0.11960625303089124
2024-04-29,Eje Cafetero,E-commerce,Bebidas,212148.6,171171.0,26,5,5,0.11035999999999999,0.19315517519323722
2024-04-29,Eje Cafetero,E-commerce,Cuidado personal,1793167.88,1327359.0,87,15,15,0.20423333333333332,0.2597686949422716
2024-04-29,Eje Cafetero,E-commerce,Hogar,666046.6000000001,540683.0,26,4,4,0.23370000000000002,0.1882204638534302
2024-04-29,Eje Cafetero,Marketplace,Alimentos,339833.6,316827.0,21,4,4,0.1758,0.06769960357068865
2024-04-29,Eje Cafetero,Marketplace,Bebidas,53319.05,47187.0,7,3,3,0.18023333333333333,0.11500673774195157
2024-04-29,Eje Cafetero,Marketplace,Cuidado personal,251083.41000000003,218708.0,14,3,3,0.3086,0.12894284811569204
2024-04-29,Eje Cafetero,Marketplace,Hogar,1848538.43,1490510.0,70,4,4,0.247,0.19368189710830083
2024-04-29,Eje Cafetero,Tienda,Alimentos,2771743.85,2270100.0,161,18,18,0.07715555555555556,0.18098492398567065
2024-04-29,Eje Cafetero,Tienda,Bebidas,1819310.67,1379700.0,219,16,16,0.078775,0.24163584441573133
2024-04-29,Eje Cafetero,Tienda,Cuidado personal,2334129.99,1518400.0,104,15,15,0.12282666666666667,0.3494792464407692
2024-04-29,Eje Cafetero,Tienda,Hogar,3207017.32,2228800.0,112,16,16,0.11753125,0.30502402151042945
2024-04-29,Valle,E-commerce,Alimentos,1443688.99,1311370.5,89,14,14,0.15255714285714284,0.09165304363788214
2024-04-29,Valle,E-commerce,Bebidas,568608.76,467428.5,71,12,12,0.14260833333333334,0.17794354768646198
2024-04-29,Valle,E-commerce,Cuidado personal,1760059.7,1281588.0,84,12,12,0.17595000000000002,0.2718496991891809
2024-04-29,Valle,E-commerce,Hogar,2181925.76,1746822.0,84,12,12,0.21619166666666667,0.19941272428994092
2024-04-29,Valle,Marketplace,Alimentos,859421.8999999999,799611.0,53,10,10,0.13734,0.0695943401023408
2024-04-29,Valle,Marketplace,Bebidas,390840.69,323568.0,48,6,6,0.13691666666666666,0.1721230458374229
2024-04-29,Valle,Marketplace,Cuidado personal,743367.15,609258.0,39,9,9,0.21472222222222223,0.18040768952461783
2024-04-29,Valle,Marketplace,Hogar,684168.8200000001,617497.0,29,5,5,0.25436000000000003,0.0974493692945552
2024-04-29,Valle,Tienda,Alimentos,7704292.73,6528300.0,463,30,30,0.09047666666666668,0.1526412314813485
2024-04-29,Valle,Tienda,Bebidas,1723900.98,1266300.0,201,24,24,0.07079583333333334,0.2654450489377876
2024-04-29,Valle,Tienda,Cuidado personal,5308129.31,3416400.0,234,25,25,0.08472400000000001,0.35638342616035473
2024-04-29,Valle,Tienda,Hogar,7464176.09,5054600.0,254,28,28,0.07348214285714286,0.3228187627068696
2024-05-06,Antioquia,E-commerce,Alimentos,1280026.8900000001,1178760.0,80,12,12,0.16133333333333333,0.07911309581941682
2024-05-06,Antioquia,E-commerce,Bebidas,726940.79,566181.0,86,10,10,0.0935,0.22114564516320515
2024-05-06,Antioquia,E-commerce,Cuidado personal,2123897.42,1479929.0,97,12,12,0.12230833333333334,0.30320128172668526
2024-05-06,Antioquia,E-commerce,Hogar,3833933.31,2890574.5,139,16,16,0.14105,0.24605509113563587
2024-05-06,Antioquia,Marketplace,Alimentos,878278.38,814698.0,54,7,7,0.14575714285714286,0.07239205865456919
2024-05-06,Antioquia,Marketplace,Bebidas,348374.67000000004,296604.0,44,6,6,0.1708166666666667,0.1486062979263103
2024-05-06,Antioquia,Marketplace,Cuidado personal,784116.25,593636.0,38,4,4,0.183075,0.2429234823280349
2024-05-06,Antioquia,Marketplace,Hogar,2227153.53,1767319.0,83,12,12,0.16545833333333335,0.20646736913552602
2024-05-06,Antioquia,Tienda,Alimentos,7378938.72,6091200.0,432,41,41,0.0767,0.17451543763464128
2024-05-06,Antioquia,Tienda,Bebidas,3740962.82,2904300.0,461,25,25,0.088564,0.22364906048438082
2024-05-06,Antioquia,Tienda,Cuidado personal,7544268.62,4876400.0,334,32,32,0.111434375,0.3536285297328133
2024-05-06,Antioquia,Tienda,Hogar,6926486.25,4676500.0,235,25,25,0.08138,0.32483804468679917
2024-05-06,Bogotá,E-commerce,Alimentos,3631615.55,3271059.0,222,28,28,0.1343142857142857,0.09928268701239586
2024-05-06,Bogotá,E-commerce,Bebidas,1227171.45,961191.0,146,18,18,0.08746666666666666,0.21674269720013448
2024-05-06,Bogotá,E-commerce,Cuidado personal,4721362.59,3402311.0,223,24,24,0.17037500000000003,0.279379430165731
2024-05-06,Bogotá,E-commerce,Hogar,4822107.42,3639212.5,175,25,25,0.148336,0.24530662985520965
2024-05-06,Bogotá,Marketplace,Alimentos,2087055.12,1976397.0,131,17,17,0.16131176470588238,0.05302117751446838
2024-05-06,Bogotá,Marketplace,Bebidas,661001.8,559503.0,83,13,13,0.15157692307692308,0.15355298578612045
2024-05-06,Bogotá,Marketplace,Cuidado personal,3188667.07,2390166.0,153,20,20,0.17996,0.2504184514942163
2024-05-06,Bogotá,Marketplace,Hogar,2687461.81,2171886.0,102,15,15,0.21002,0.191844888020939
2024-05-06,Bogotá,Tienda,Alimentos,15327535.73,12859200.0,912,62,62,0.07838064516129033,0.16103930687102044
2024-05-06,Bogotá,Tienda,Bebidas,3594313.17,2709000.0,430,42,42,0.08866190476190476,0.24630941382328128
2024-05-06,Bogotá,Tienda,Cuidado personal,11248436.33,7285400.0,499,47,47,0.10637234042553192,0.35231886581697
2024-05-06,Bogotá,Tienda,Hogar,14212074.02,9731100.0,489,54,54,0.08052592592592592,0.3152934620023883
2024-05-06,Caribe,E-commerce,Alimentos,1475134.82,1311370.5,89,15,15,0.12196,0.1110165103417463
2024-05-06,Caribe,E-commerce,Bebidas,395200.52,316008.0,48,6,6,0.14703333333333332,0.20038566750873713
2024-05-06,Caribe,E-commerce,Cuidado personal,3929398.09,2685232.0,176,19,19,0.1213,0.31663019666200326
2024-05-06,Caribe,E-commerce,Hogar,1387472.71,1039775.0,50,6,6,0.15166666666666667,0.2505978730205079
2024-05-06,Caribe,Marketplace,Alimentos,555149.73,558219.0,37,5,5,0.22652,-0.005528724655959066
2024-05-06,Caribe,Marketplace,Bebidas,359003.43,303345.0,45,6,6,0.15281666666666668,0.1550359282082625
2024-05-06,Caribe,Marketplace,Cuidado personal,822120.25,640502.0,41,4,4,0.17354999999999998,0.22091445868168313
2024-05-06,Caribe,Marketplace,Hogar,1118724.89,894306.0,42,5,5,0.18250000000000002,0.20060239296186563
2024-05-06,Caribe,Tienda,Alimentos,5425498.04,4512000.0,320,28,28,0.0793607142857143,0.16837127822462544
2024-05-06,Caribe,Tienda,Bebidas,1359948.17,1026900.0,163,16,16,0.0775125,0.24489769341724246
2024-05-06,Caribe,Tienda,Cuidado personal,7034154.66,4628200.0,317,16,16,0.08504375,0.3420389195707562
2024-05-06,Caribe,Tienda,Hogar,5033561.72,3482500.0,175,21,21,0.10539047619047619,0.3081439756340168
2024-05-06,Eje Cafetero,E-commerce,Alimentos,1740721.77,1576591.5,107,11,11,0.1265909090909091,0.09428862948040227
2024-05-06,Eje Cafetero,E-commerce,Bebidas,189707.98,144837.0,22,2,2,0.12935,0.23652658153863643
2024-05-06,Eje Cafetero,E-commerce,Cuidado personal,1606341.6099999999,1159532.0,76,11,11,0.17616363636363638,0.27815354294408146
2024-05-06,Eje Cafetero,E-commerce,Hogar,2238032.77,1642844.5,79,10,10,0.13777,0.2659426072657551
2024-05-06,Eje Cafetero,Marketplace,Alimentos,206120.43,181044.0,12,2,2,0.07245,0.1216591193798693
2024-05-06,Eje Cafetero,Marketplace,Bebidas,105541.83,94374.0,14,4,4,0.18764999999999998,0.10581425393135595
2024-05-06,Eje Cafetero,Marketplace,Hogar,1413264.97,1085943.0,51,5,5,0.15689999999999998,0.23160693638362803
2024-05-06,Eje Cafetero,Tienda,Alimentos,3077690.55,2509800.0,178,18,18,0.06697222222222222,0.1845184045549998
2024-05-06,Eje Cafetero,Tienda,Bebidas,1645399.65,1247400.0,198,12,12,0.08576666666666666,0.2418863101131691
2024-05-06,Eje Cafetero,Tienda,Cuidado personal,2851742.15,1898000.0,130,15,15,0.13051333333333334,0.33444193052306637
2024-05-06,Eje Cafetero,Tienda,Hogar,3845813.54,2666600.0,134,17,17,0.11034117647058823,0.306622650249445
2024-05-06,Valle,E-commerce,Alimentos,2827419.51,2519599.5,171,21,21,0.12867619047619047,0.10886959254235315
2024-05-06,Valle,E-commerce,Bebidas,290697.79,243589.5,37,8,8,0.1791,0.16205245316794456
2024-05-06,Valle,E-commerce,Cuidado personal,1891180.44,1327359.0,87,11,11,0.14354545454545453,0.2981320174821605
2024-05-06,Valle,E-commerce,Hogar,2867277.69,2225118.5,107,17,17,0.17801176470588237,0.2239612829408232
2024-05-06,Valle,Marketplace,Alimentos,618142.76,603480.0,40,6,6,0.1612,0.02372066931593603
2024-05-06,Valle,Marketplace,Bebidas,603089.91,512316.0,76,10,10,0.15567,0.15051472176014358
2024-05-06,Valle,Marketplace,Cuidado personal,704440.11,531148.0,34,6,6,0.20119999999999996,0.24599977704279216
2024-05-06,Valle,Marketplace,Hogar,892978.54,766548.0,36,4,4,0.20855,0.14158295450190778
2024-05-06,Valle,Tienda,Alimentos,9219108.02,7783200.0,552,39,39,0.08701538461538462,0.15575346518176492
2024-05-06,Valle,Tienda,Bebidas,3215844.3600000003,2469600.0,392,22,22,0.0877090909090909,0.23205238701290887
2024-05-06,Valle,Tienda,Cuidado personal,2185509.65,1460000.0,100,11,11,0.15057272727272727,0.3319635994286275
2024-05-06,Valle,Tienda,Hogar,5401361.1,3800900.0,191,24,24,0.11484166666666668,0.2963069993598465
2024-05-13,Antioquia,E-commerce,Alimentos,1320385.81,1178760.0,80,11,11,0.11696363636363637,0.10726093004589321
2024-05-13,Antioquia,E-commerce,Bebidas,499242.4,401593.5,61,10,10,0.10378000000000001,0.19559416427771362
2024-05-13,Antioquia,E-commerce,Cuidado personal,3924444.74,2700489.0,177,17,17,0.13125882352941176,0.3118799782106246
2024-05-13,Antioquia,E-commerce,Hogar,5274752.8100000005,3847167.5,185,23,23,0.1198304347826087,0.27064496885873984
2024-05-13,Antioquia,Marketplace,Alimentos,1669934.42,1538874.0,102,9,9,0.11787777777777778,0.07848237537375864
2024-05-13,Antioquia,Marketplace,Bebidas,110193.18,94374.0,14,2,2,0.1684,0.14355861224805377
2024-05-13,Antioquia,Marketplace,Cuidado personal,1396759.94,1124784.0,72,9,9,0.23316666666666666,0.1947191727162507
2024-05-13,Antioquia,Marketplace,Hogar,2017701.68,1639561.0,77,12,12,0.203075,0.18741159000274013
2024-05-13,Antioquia,Tienda,Alimentos,10611484.22,8826600.0,626,54,54,0.08083333333333334,0.1682030697115809
2024-05-13,Antioquia,Tienda,Bebidas,1580095.9,1190700.0,189,24,24,0.10838333333333333,0.24643814340635903
2024-05-13,Antioquia,Tienda,Cuidado personal,6578200.91,4292400.0,294,28,28,0.11310357142857143,0.34748116411664903
2024-05-13,Antioquia,Tienda,Hogar,8098961.63,5572000.0,280,29,29,0.0943448275862069,0.3120105694339485
2024-05-13,Bogotá,E-commerce,Alimentos,4384894.11,3919377.0,266,36,36,0.13854444444444447,0.10616382022506818
2024-05-13,Bogotá,E-commerce,Bebidas,1172788.31,928273.5,141,18,18,0.11954999999999999,0.208490149428587
2024-05-13,Bogotá,E-commerce,Cuidado personal,5462745.38,3936306.0,258,31,31,0.1734516129032258,0.2794271513346646
2024-05-13,Bogotá,E-commerce,Hogar,8571826.15,6592173.5,317,38,38,0.16553421052631578,0.23094876346739723
2024-05-13,Bogotá,Marketplace,Alimentos,2889813.57,2745834.0,182,17,17,0.15225882352941178,0.049823134438392105
2024-05-13,Bogotá,Marketplace,Bebidas,300328.77,269640.0,40,5,5,0.19772,0.10218391664574798
2024-05-13,Bogotá,Marketplace,Cuidado personal,1042133.16,812344.0,52,8,8,0.2221,0.22049884680763832
2024-05-13,Bogotá,Marketplace,Hogar,1414975.43,1171115.0,55,11,11,0.21086363636363636,0.17234251904995973
2024-05-13,Bogotá,Tienda,Alimentos,16250960.32,13648800.0,968,76,76,0.08984868421052632,0.1601234800135184
2024-05-13,Bogotá,Tienda,Bebidas,2949453.92,2205000.0,350,39,39,0.07775384615384616,0.25240398398900904
2024-05-13,Bogotá,Tienda,Cuidado personal,12113739.629999999,7898600.0,541,47,47,0.1030659574468085,0.34796353221602133
2024-05-13,Bogotá,Tienda,Hogar,14758859.6,10268400.0,516,47,47,0.09934680851063829,0.30425518784662736
2024-05-13,Caribe,E-commerce,Alimentos,444748.42,397831.5,27,5,5,0.16492,0.10549092001271188
2024-05-13,Caribe,E-commerce,Cuidado personal,1728193.62,1296845.0,85,12,12,0.19968333333333332,0.24959507719974114
2024-05-13,Caribe,E-commerce,Hogar,1257076.31,935797.5,45,6,6,0.14659999999999998,0.2555762187579528
2024-05-13,Caribe,Marketplace,Alimentos,909984.21,844872.0,56,6,6,0.14485,0.07155312068546768
2024-05-13,Caribe,Marketplace,Bebidas,24680.15,26964.0,4,1,1,0.3293,-0.09253793028000229
2024-05-13,Caribe,Marketplace,Cuidado personal,989380.72,812344.0,52,7,7,0.2144285714285714,0.1789369010546314
2024-05-13,Caribe,Marketplace,Hogar,1218712.46,936892.0,44,6,6,0.13303333333333334,0.23124442331540615
2024-05-13,Caribe,Tienda,Alimentos,6272743.77,5231100.0,371,30,30,0.08550333333333333,0.16605871500470992
2024-05-13,Caribe,Tienda,Bebidas,2513444.75,1946700.0,309,21,21,0.0972047619047619,0.22548526280516012
2024-05-13,Caribe,Tienda,Cuidado personal,4984462.45,3285000.0,225,21,21,0.1176095238095238,0.34095200175497364
2024-05-13,Caribe,Tienda,Hogar,5798289.48,3980000.0,200,23,23,0.09367391304347826,0.31359066950206843
2024-05-13,Eje Cafetero,E-commerce,Alimentos,1626946.1300000001,1399777.5,95,11,11,0.09371818181818181,0.13962885790201307
2024-05-13,Eje Cafetero,E-commerce,Bebidas,370988.82000000007,309424.5,47,3,3,0.1785,0.16594656410400738
2024-05-13,Eje Cafetero,E-commerce,Cuidado personal,1831638.72,1373130.0,90,11,11,0.19606363636363636,0.25032705139581235
2024-05-13,Eje Cafetero,E-commerce,Hogar,944524.07,686251.5,33,5,5,0.14472000000000002,0.27344202038175686
2024-05-13,Eje Cafetero,Marketplace,Alimentos,51249.47,45261.0,3,1,1,0.0816,0.11684940351578273
2024-05-13,Eje Cafetero,Marketplace,Bebidas,146537.87,148302.0,22,4,4,0.301925,-0.012038731011990312
2024-05-13,Eje Cafetero,Marketplace,Cuidado personal,509648.05,437416.0,28,5,5,0.24514,0.14172927768486507
2024-05-13,Eje Cafetero,Marketplace,Hogar,85094.72,85172.0,4,1,1,0.3246,-0.0009081644548568799
2024-05-13,Eje Cafetero,Tienda,Alimentos,6328719.11,5329800.0,378,35,35,0.10753428571428572,0.15783906547876483
2024-05-13,Eje Cafetero,Tienda,Bebidas,1063319.82,819000.0,130,9,9,0.08324444444444444,0.2297707758329945
2024-05-13,Eje Cafetero,Tienda,Cuidado personal,2697299.43,1693600.0,116,13,13,0.06728461538461537,0.3721127209076673
2024-05-13,Eje Cafetero,Tienda,Hogar,2654566.2,1870600.0,94,11,11,0.1323181818181818,0.2953274248726591
2024-05-13,Valle,E-commerce,Alimentos,2116752.58,1812343.5,123,15,15,0.09554,0.14380947630639007
2024-05-13,Valle,E-commerce,Bebidas,706182.8300000001,559597.5,85,11,11,0.12437272727272729,0.20757419151638118
2024-05-13,Valle,E-commerce,Cuidado personal,2561577.71,1724041.0,113,13,13,0.12206923076923076,0.32696127340989395
2024-05-13,Valle,E-commerce,Hogar,3451209.5100000002,2682619.5,129,20,20,0.173125,0.22270163772236481
2024-05-13,Valle,Marketplace,Alimentos,1609237.33,1448352.0,96,9,9,0.09298888888888888,0.09997613590035229
2024-05-13,Valle,Marketplace,Bebidas,161828.69,128079.0,19,3,3,0.07696666666666667,0.2085519570108366
2024-05-13,Valle,Marketplace,Cuidado personal,1048724.05,827966.0,53,8,8,0.2168875,0.2105015613973953
2024-05-13,Valle,Marketplace,Hogar,1084830.72,936892.0,44,7,7,0.2414,0.13637032697599122
2024-05-13,Valle,Tienda,Alimentos,6266956.81,5174700.0,367,34,34,0.06880882352941177,0.17428823001574184
2024-05-13,Valle,Tienda,Bebidas,2983437.55,2261700.0,359,22,22,0.07751818181818182,0.24191475031880585
2024-05-13,Valle,Tienda,Cuidado personal,6708417.88,4555200.0,312,26,26,0.1413923076923077,0.3209725330944947
2024-05-13,Valle,Tienda,Hogar,7652653.2,5213800.0,262,27,27,0.0636037037037037,0.318693809357518
2024-05-20,Antioquia,E-commerce,Alimentos,2256715.83,1915485.0,130,13,13,0.0703923076923077,0.15120682252669804
2024-05-20,Antioquia,E-commerce,Bebidas,592191.85,454261.5,69,10,10,0.09198,0.23291497510477388
2024-05-20,Antioquia,E-commerce,Cuidado personal,2730793.79,2013924.0,132,22,22,0.17004545454545456,0.2625133368272381
2024-05-20,Antioquia,E-commerce,Hogar,3267130.6,2495460.0,120,17,17,0.17721176470588235,0.23619214977203545
2024-05-20,Antioquia,Marketplace,Alimentos,1320176.63,1161699.0,77,9,9,0.07551111111111111,0.12004274761324922
2024-05-20,Antioquia,Marketplace,Bebidas,414778.37,357273.0,53,6,6,0.16008333333333333,0.13864119770758537
2024-05-20,Antioquia,Marketplace,Cuidado personal,815652.13,609258.0,39,6,6,0.1699166666666667,0.2530418574398868
2024-05-20,Antioquia,Marketplace,Hogar,1159735.66,979478.0,46,7,7,0.2143142857142857,0.15542995375342683
2024-05-20,Antioquia,Tienda,Alimentos,10834841.54,9108600.0,646,44,44,0.08221818181818182,0.1593231920953409
2024-05-20,Antioquia,Tienda,Bebidas,2491996.33,1871100.0,297,28,28,0.08292857142857143,0.2491561975935976
2024-05-20,Antioquia,Tienda,Cuidado personal,7513113.33,4934800.0,338,27,27,0.11421111111111111,0.3431750882426793
2024-05-20,Antioquia,Tienda,Hogar,8499974.41,5890400.0,296,35,35,0.10367142857142857,0.307009678397373
2024-05-20,Bogotá,E-commerce,Alimentos,2745098.04,2534334.0,172,23,23,0.15571739130434784,0.0767783288352062
2024-05-20,Bogotá,E-commerce,Bebidas,897173.83,684684.0,104,16,16,0.07206875,0.2368435445782006
2024-05-20,Bogotá,E-commerce,Cuidado personal,4130525.69,2837802.0,186,23,23,0.12653478260869563,0.31296832098870203
2024-05-20,Bogotá,E-commerce,Hogar,6797642.6,5219670.5,251,35,35,0.17446571428571428,0.2321351963988221
2024-05-20,Bogotá,Marketplace,Alimentos,1220588.54,1116438.0,74,10,10,0.11688000000000001,0.08532813195182058
2024-05-20,Bogotá,Marketplace,Bebidas,153876.4,134820.0,20,3,3,0.223,0.12384225261313622
2024-05-20,Bogotá,Marketplace,Cuidado personal,1645596.0,1281004.0,82,12,12,0.21482500000000002,0.22155620212980587
2024-05-20,Bogotá,Marketplace,Hogar,793182.8300000001,596204.0,28,4,4,0.121275,0.2483397554130112
2024-05-20,Bogotá,Tienda,Alimentos,15559287.31,13056600.0,926,66,66,0.07658787878787879,0.16084845405428794
2024-05-20,Bogotá,Tienda,Bebidas,3022399.44,2236500.0,355,41,41,0.09087560975609757,0.26002500847472365
2024-05-20,Bogotá,Tienda,Cuidado personal,6192750.16,3985800.0,273,41,41,0.1107658536585366,0.35637642452541635
2024-05-20,Bogotá,Tienda,Hogar,13885507.67,9751000.0,490,46,46,0.10411956521739131,0.29775704052453994
2024-05-20,Caribe,E-commerce,Alimentos,1040231.91,884070.0,60,7,7,0.0677857142857143,0.15012220688365543
2024-05-20,Caribe,E-commerce,Bebidas,786013.18,625432.5,95,8,8,0.114875,0.204297693837653
2024-05-20,Caribe,E-commerce,Cuidado personal,1175620.49,823878.0,54,8,8,0.15232500000000002,0.29919731154056356
2024-05-20,Caribe,E-commerce,Hogar,1574485.55,1247730.0,60,8,8,0.18595,0.2075316283467956
2024-05-20,Caribe,Marketplace,Alimentos,554034.53,497871.0,33,4,4,0.09795000000000001,0.1013718946362423
2024-05-20,Caribe,Marketplace,Bebidas,335708.44,303345.0,45,7,7,0.20197142857142855,0.09640341482031253
2024-05-20,Caribe,Marketplace,Cuidado personal,506977.44,390550.0,25,4,4,0.22195,0.22965013985632182
2024-05-20,Caribe,Marketplace,Hogar,1468819.02,1128529.0,53,6,6,0.11639999999999999,0.2316759351332474
2024-05-20,Caribe,Tienda,Alimentos,4405064.83,3637800.0,258,27,27,0.08981481481481482,0.17417787469883844
2024-05-20,Caribe,Tienda,Bebidas,1542156.97,1203300.0,191,9,9,0.09326666666666666,0.21972923417776336
2024-05-20,Caribe,Tienda,Cuidado personal,3989836.69,2525800.0,173,17,17,0.08800588235294117,0.36694150757333377
2024-05-20,Caribe,Tienda,Hogar,5133057.04,3502400.0,176,23,23,0.08301304347826087,0.317677560816663
2024-05-20,Eje Cafetero,E-commerce,Alimentos,1143010.78,987211.5,67,10,10,0.12452,0.1363060460374661
2024-05-20,Eje Cafetero,E-commerce,Bebidas,125394.84,98752.5,15,2,2,0.13925,0.21246759436034207
2024-05-20,Eje Cafetero,E-commerce,Cuidado personal,788285.46,595023.0,39,7,7,0.15912857142857145,0.24516811460660454
2024-05-20,Eje Cafetero,E-commerce,Hogar,1582563.5999999999,1226934.5,59,9,9,0.1766333333333333,0.224717098257536
2024-05-20,Eje Cafetero,Marketplace,Alimentos,80164.77,90522.0,6,1,1,0.2817,-0.12919927294745553
2024-05-20,Eje Cafetero,Marketplace,Bebidas,302394.29000000004,242676.0,36,6,6,0.11593333333333333,0.19748484668807745
2024-05-20,Eje Cafetero,Marketplace,Cuidado personal,911312.17,702990.0,45,6,6,0.19588333333333333,0.22859583889898016
2024-05-20,Eje Cafetero,Marketplace,Hogar,1063894.01,894306.0,42,7,7,0.21798571428571428,0.15940310633011273
2024-05-20,Eje Cafetero,Tienda,Alimentos,2990522.12,2566200.0,182,16,16,0.10409375,0.14188897556123078
2024-05-20,Eje Cafetero,Tienda,Bebidas,945183.15,693000.0,110,11,11,0.07377272727272727,0.2668087661105681
2024-05-20,Eje Cafetero,Tienda,Cuidado personal,2865559.24,1883400.0,129,18,18,0.11420000000000001,0.34274609517407856
2024-05-20,Eje Cafetero,Tienda,Hogar,4047149.23,2726300.0,137,14,14,0.06941428571428572,0.326365338893125
2024-05-20,Valle,E-commerce,Alimentos,1831177.35,1576591.5,107,13,13,0.10536153846153845,0.13902850534930442
2024-05-20,Valle,E-commerce,Bebidas,869052.81,684684.0,104,13,13,0.11729230769230768,0.21214914430804274
2024-05-20,Valle,E-commerce,Cuidado personal,2669131.9499999997,1952896.0,128,15,15,0.16108666666666668,0.26834040557642713
2024-05-20,Valle,E-commerce,Hogar,1457275.62,1185343.5,57,8,8,0.2144875,0.18660308061696668
2024-05-20,Valle,Marketplace,Alimentos,855350.84,814698.0,54,9,9,0.17457777777777778,0.047527678817735154
2024-05-20,Valle,Marketplace,Bebidas,214810.06999999998,182007.0,27,4,4,0.18185,0.1527073195404665
2024-05-20,Valle,Marketplace,Cuidado personal,1247838.45,1046674.0,67,11,11,0.2625454545454545,0.1612103313533895
2024-05-20,Valle,Marketplace,Hogar,556550.27,425860.0,20,3,3,0.1666,0.23482204042412919
2024-05-20,Valle,Tienda,Alimentos,6176778.8,5202900.0,369,38,38,0.09682631578947368,0.15766774746733683
2024-05-20,Valle,Tienda,Bebidas,2050151.39,1549800.0,246,25,25,0.104116,0.24405582555539956
2024-05-20,Valle,Tienda,Cuidado personal,5062735.07,3226600.0,221,25,25,0.083068,0.36267650679181207
2024-05-20,Valle,Tienda,Hogar,6904926.85,4756100.0,239,25,25,0.093848,0.31120197167620967
2024-05-27,Antioquia,E-commerce,Alimentos,1122317.4,987211.5,67,13,13,0.12075384615384614,0.12038118628473542
2024-05-27,Antioquia,E-commerce,Bebidas,824971.76,632016.0,96,14,14,0.08077857142857144,0.23389377595179744
2024-05-27,Antioquia,E-commerce,Cuidado personal,3372977.3,2288550.0,150,17,17,0.10919999999999999,0.3215044761789532
2024-05-27,Antioquia,E-commerce,Hogar,3799704.47,2848983.5,137,19,19,0.14466842105263159,0.2502091879792957
2024-05-27,Antioquia,Marketplace,Alimentos,963866.04,965568.0,64,7,7,0.20442857142857143,-0.0017657640474603325
2024-05-27,Antioquia,Marketplace,Bebidas,475622.94,404460.0,60,9,9,0.15735555555555558,0.14962049559678514
2024-05-27,Antioquia,Marketplace,Cuidado personal,1896606.19,1484090.0,95,17,17,0.21349411764705883,0.21750229023559178
2024-05-27,Antioquia,Marketplace,Hogar,1857871.32,1575682.0,74,14,14,0.21767857142857142,0.15188851723056904
2024-05-27,Antioquia,Tienda,Alimentos,6509410.34,5428500.0,385,38,38,0.0922,0.16605349540769615
2024-05-27,Antioquia,Tienda,Bebidas,1911157.26,1436400.0,228,25,25,0.098124,0.24841349790335934
2024-05-27,Antioquia,Tienda,Cuidado personal,6643519.49,4307000.0,295,28,28,0.09311428571428572,0.3516990495048582
2024-05-27,Antioquia,Tienda,Hogar,8438766.24,5850600.0,294,36,36,0.10610833333333333,0.3066996011492789
2024-05-27,Bogotá,E-commerce,Alimentos,4048890.85,3477342.0,236,29,29,0.09073103448275861,0.14116183201135196
2024-05-27,Bogotá,E-commerce,Bebidas,1598572.5899999999,1329867.0,202,13,13,0.14926153846153845,0.16809095294196172
2024-05-27,Bogotá,E-commerce,Cuidado personal,3910215.92,2731003.0,179,27,27,0.14773333333333333,0.30157232851734694
2024-05-27,Bogotá,E-commerce,Hogar,5674466.9,4242282.0,204,24,24,0.13998333333333332,0.2523910924566324
2024-05-27,Bogotá,Marketplace,Alimentos,2976846.62,2776008.0,184,15,15,0.13998666666666668,0.06746690227526742
2024-05-27,Bogotá,Marketplace,Bebidas,551587.7,512316.0,76,13,13,0.2168692307692308,0.07119756296233574
2024-05-27,Bogotá,Marketplace,Cuidado personal,2766969.29,2124592.0,136,21,21,0.21764285714285714,0.23215916863320157
2024-05-27,Bogotá,Marketplace,Hogar,1074107.92,915599.0,43,6,6,0.21781666666666666,0.14757262007713334
2024-05-27,Bogotá,Tienda,Alimentos,11734059.28,9785400.0,694,56,56,0.08131785714285714,0.16606864116677614
2024-05-27,Bogotá,Tienda,Bebidas,4628012.79,3509100.0,557,44,44,0.0797590909090909,0.24176959761599967
2024-05-27,Bogotá,Tienda,Cuidado personal,12409189.58,8146800.0,558,57,57,0.11119122807017544,0.34348653894930664
2024-05-27,Bogotá,Tienda,Hogar,14168348.51,9770900.0,491,46,46,0.08394565217391305,0.3103712833500875
2024-05-27,Caribe,E-commerce,Alimentos,2105933.62,1827078.0,124,15,15,0.09442666666666667,0.132414249600137
2024-05-27,Caribe,E-commerce,Bebidas,366936.95,283090.5,43,7,7,0.10238571428571429,0.22850369797863096
2024-05-27,Caribe,E-commerce,Cuidado personal,1012526.51,732336.0,48,6,6,0.16513333333333333,0.2767241225121108
2024-05-27,Caribe,E-commerce,Hogar,2350895.44,1788413.0,86,12,12,0.14045833333333332,0.23926306139757536
2024-05-27,Caribe,Marketplace,Alimentos,917386.06,890133.0,59,7,7,0.1730857142857143,0.029707296838585116
2024-05-27,Caribe,Marketplace,Bebidas,220552.9,182007.0,27,3,3,0.10993333333333334,0.17476940906240632
2024-05-27,Caribe,Marketplace,Cuidado personal,518289.06,390550.0,25,4,4,0.18277500000000002,0.2464629679816124
2024-05-27,Caribe,Marketplace,Hogar,373756.04,276809.0,13,1,1,0.0873,0.25938588176394417
2024-05-27,Caribe,Tienda,Alimentos,3481316.92,2862300.0,203,25,25,0.069772,0.17781113705672047
2024-05-27,Caribe,Tienda,Bebidas,1053380.67,781200.0,124,14,14,0.07185,0.25838775834001204
2024-05-27,Caribe,Tienda,Cuidado personal,3333683.4699999997,2102400.0,144,16,16,0.08495,0.3693462445011313
2024-05-27,Caribe,Tienda,Hogar,5725745.05,3960100.0,199,24,24,0.10281666666666667,0.3083694845965941
2024-05-27,Eje Cafetero,E-commerce,Alimentos,1632092.67,1443981.0,98,12,12,0.13147499999999998,0.11525795897361633
2024-05-27,Eje Cafetero,E-commerce,Bebidas,146687.2,125086.5,19,2,2,0.16745,0.147256884036235
2024-05-27,Eje Cafetero,E-commerce,Cuidado personal,2200622.1,1479929.0,97,13,13,0.10243846153846153,0.3274951660260069
2024-05-27,Eje Cafetero,E-commerce,Hogar,1377382.39,1039775.0,50,6,6,0.1714,0.24510796163148268
2024-05-27,Eje Cafetero,Marketplace,Alimentos,225521.17,196131.0,13,1,1,0.0673,0.13032111353448553
2024-05-27,Eje Cafetero,Marketplace,Bebidas,201395.84999999998,175266.0,26,2,2,0.19825,0.12974373603031036
2024-05-27,Eje Cafetero,Marketplace,Cuidado personal,228143.41999999998,203086.0,13,3,3,0.29333333333333333,0.10983187680801833
2024-05-27,Eje Cafetero,Marketplace,Hogar,678234.87,511032.0,24,3,3,0.1109,0.24652650194762177
2024-05-27,Eje Cafetero,Tienda,Alimentos,5028939.87,4244100.0,301,21,21,0.08296666666666666,0.15606467571464522
2024-05-27,Eje Cafetero,Tienda,Bebidas,1246507.74,951300.0,151,16,16,0.12048125,0.2368278435238597
2024-05-27,Eje Cafetero,Tienda,Cuidado personal,1448231.94,992800.0,68,11,11,0.1398,0.3144744480638923
2024-05-27,Eje Cafetero,Tienda,Hogar,2997540.5,2109400.0,106,14,14,0.11803571428571427,0.29628974153977233
2024-05-27,Valle,E-commerce,Alimentos,3089104.42,2711148.0,184,17,17,0.12043529411764707,0.12235145485952849
2024-05-27,Valle,E-commerce,Bebidas,380446.14,309424.5,47,8,8,0.1746125,0.18667988062646662
2024-05-27,Valle,E-commerce,Cuidado personal,2108925.16,1464672.0,96,11,11,0.14793636363636364,0.30548886808292436
2024-05-27,Valle,E-commerce,Hogar,2493825.78,1871595.0,90,9,9,0.1461111111111111,0.24950852019823128
2024-05-27,Valle,Marketplace,Alimentos,786308.25,754350.0,50,6,6,0.21889999999999998,0.04064341179174961
2024-05-27,Valle,Marketplace,Bebidas,342799.62,283122.0,42,6,6,0.12158333333333333,0.1740889327706956
2024-05-27,Valle,Marketplace,Cuidado personal,655595.61,578014.0,37,6,6,0.25865,0.1183375983862979
2024-05-27,Valle,Marketplace,Hogar,1307132.09,1107236.0,52,8,8,0.21255,0.15292723017763268
2024-05-27,Valle,Tienda,Alimentos,7072513.71,5907900.0,419,37,37,0.08837567567567567,0.16466757899010137
2024-05-27,Valle,Tienda,Bebidas,2963149.04,2242800.0,356,21,21,0.07464761904761905,0.24310253391776743
2024-05-27,Valle,Tienda,Cuidado personal,7348637.52,4847200.0,332,33,33,0.1133030303030303,0.3403947348324237
2024-05-27,Valle,Tienda,Hogar,7633392.33,5313300.0,267,24,24,0.08857916666666667,0.30393987754065827
2024-06-03,Antioquia,E-commerce,Alimentos,3297026.4699999997,2873227.5,195,12,12,0.11010833333333332,0.128539753579837
2024-06-03,Antioquia,E-commerce,Bebidas,944758.59,757102.5,115,11,11,0.12206363636363636,0.1986286147448524
2024-06-03,Antioquia,E-commerce,Cuidado personal,1739653.51,1266331.0,83,12,12,0.18514166666666668,0.2720786106424147
2024-06-03,Antioquia,E-commerce,Hogar,3254977.92,2433073.5,117,16,16,0.15644375,0.25250691101462214
2024-06-03,Antioquia,Marketplace,Alimentos,1304515.65,1191873.0,79,11,11,0.1093909090909091,0.08634825500177014
2024-06-03,Antioquia,Marketplace,Bebidas,1312470.14,1078560.0,160,8,8,0.092725,0.178221304143346
2024-06-03,Antioquia,Marketplace,Cuidado personal,546804.86,421794.0,27,6,6,0.20235,0.2286206088219479
2024-06-03,Antioquia,Marketplace,Hogar,1489660.59,1320166.0,62,11,11,0.2344909090909091,0.11378067671106214
2024-06-03,Antioquia,Tienda,Alimentos,8004483.55,6669300.0,473,43,43,0.08936744186046512,0.16680445923335052
2024-06-03,Antioquia,Tienda,Bebidas,1399826.32,1039500.0,165,24,24,0.07497916666666667,0.2574078761428061
2024-06-03,Antioquia,Tienda,Cuidado personal,4280626.49,2759400.0,189,30,30,0.10868333333333333,0.35537473160850347
2024-06-03,Antioquia,Tienda,Hogar,7551273.42,5134200.0,258,29,29,0.07581724137931035,0.32008818719214116
2024-06-03,Bogotá,E-commerce,Alimentos,5126667.66,4508757.0,306,29,29,0.09413793103448276,0.12052871396777846
2024-06-03,Bogotá,E-commerce,Bebidas,1082682.43,842688.0,128,16,16,0.099175,0.22166650473860552
2024-06-03,Bogotá,E-commerce,Cuidado personal,3522967.73,2471634.0,162,22,22,0.12503636363636364,0.2984227533642495
2024-06-03,Bogotá,E-commerce,Hogar,4537549.1,3431257.5,165,24,24,0.16354166666666667,0.2438081827037419
2024-06-03,Bogotá,Marketplace,Alimentos,1573796.71,1553961.0,103,13,13,0.20331538461538462,0.012603730757576665
2024-06-03,Bogotá,Marketplace,Bebidas,221797.93,188748.0,28,5,5,0.14594000000000001,0.14900919048252612
2024-06-03,Bogotá,Marketplace,Cuidado personal,2579571.3899999997,1905884.0,122,17,17,0.1632,0.26116252979530824
2024-06-03,Bogotá,Marketplace,Hogar,2349276.24,1895077.0,89,12,12,0.18594166666666667,0.19333581648107936
2024-06-03,Bogotá,Tienda,Alimentos,16202861.790000001,13479600.0,956,76,76,0.07659078947368421,0.16807288893130778
2024-06-03,Bogotá,Tienda,Bebidas,3676433.29,2784600.0,442,30,30,0.07703,0.2425811158945305
2024-06-03,Bogotá,Tienda,Cuidado personal,7722129.7,5051600.0,346,36,36,0.09801944444444445,0.34582813339693064
2024-06-03,Bogotá,Tienda,Hogar,9644225.97,6686400.0,336,43,43,0.10381162790697673,0.30669397204097243
2024-06-03,Caribe,E-commerce,Alimentos,2263000.25,2018626.5,137,12,12,0.13013333333333335,0.10798662085874715
2024-06-03,Caribe,E-commerce,Bebidas,570164.76,447678.0,68,10,10,0.11272,0.21482695633451637
2024-06-03,Caribe,E-commerce,Cuidado personal,2424860.25,1708784.0,112,15,15,0.13477333333333333,0.2953061934187754
2024-06-03,Caribe,E-commerce,Hogar,1770825.02,1351707.5,65,9,9,0.16465555555555556,0.23667924005275237
2024-06-03,Caribe,Marketplace,Alimentos,482808.95,467697.0,31,4,4,0.168075,0.031300061856765524
2024-06-03,Caribe,Marketplace,Bebidas,306828.72000000003,249417.0,37,6,6,0.13416666666666668,0.18711325328346065
2024-06-03,Caribe,Marketplace,Cuidado personal,476258.13,328062.0,21,3,3,0.12903333333333333,0.31116766447640487
2024-06-03,Caribe,Marketplace,Hogar,2094895.55,1554389.0,73,10,10,0.11481,0.25801121683608524
2024-06-03,Caribe,Tienda,Alimentos,3445192.65,2791800.0,198,20,20,0.06722,0.18965344361802233
2024-06-03,Caribe,Tienda,Bebidas,1607376.84,1222200.0,194,20,20,0.08813499999999999,0.23963070165923261
2024-06-03,Caribe,Tienda,Cuidado personal,4564396.73,2920000.0,200,23,23,0.09032173913043477,0.3602659512903473
2024-06-03,Caribe,Tienda,Hogar,4803541.34,3263600.0,164,17,17,0.08067058823529412,0.3205845918669662
2024-06-03,Eje Cafetero,E-commerce,Alimentos,902525.77,795663.0,54,8,8,0.1199,0.11840412047181768
2024-06-03,Eje Cafetero,E-commerce,Bebidas,454647.25,348925.5,53,7,7,0.07554285714285715,0.23253577361349925
2024-06-03,Eje Cafetero,E-commerce,Cuidado personal,2290709.75,1601985.0,105,14,14,0.17416428571428572,0.3006599810386279
2024-06-03,Eje Cafetero,E-commerce,Hogar,1230532.77,1018979.5,49,8,8,0.2019625,0.17192006190944434
2024-06-03,Eje Cafetero,Marketplace,Alimentos,505796.4,482784.0,32,6,6,0.15858333333333333,0.045497358225562744
2024-06-03,Eje Cafetero,Marketplace,Bebidas,81511.47,67410.0,10,1,1,0.114,0.1729998244418853
2024-06-03,Eje Cafetero,Marketplace,Cuidado personal,42168.2,31244.0,2,1,1,0.1498,0.25906251630375493
2024-06-03,Eje Cafetero,Marketplace,Hogar,1086601.01,809134.0,38,7,7,0.14651428571428574,0.2553531677648634
2024-06-03,Eje Cafetero,Tienda,Alimentos,3077192.63,2523900.0,179,14,14,0.06531428571428571,0.17980435303460346
2024-06-03,Eje Cafetero,Tienda,Bebidas,1522131.43,1159200.0,184,18,18,0.09158888888888889,0.23843632872096987
2024-06-03,Eje Cafetero,Tienda,Cuidado personal,2194265.35,1401600.0,96,12,12,0.11949166666666666,0.36124407196239966
2024-06-03,Eje Cafetero,Tienda,Hogar,3235093.54,2248700.0,113,14,14,0.11086428571428572,0.30490417906123357
2024-06-03,Valle,E-commerce,Alimentos,1970378.5899999999,1753405.5,119,17,17,0.11958235294117646,0.11011746224871427
2024-06-03,Valle,E-commerce,Bebidas,1050827.93,882189.0,134,9,9,0.16093333333333334,0.16048196396911524
2024-06-03,Valle,E-commerce,Cuidado personal,2535175.93,1663013.0,109,13,13,0.07716153846153845,0.344024617652472
2024-06-03,Valle,E-commerce,Hogar,3604249.58,2661824.0,128,16,16,0.1223375,0.261476226626903
2024-06-03,Valle,Marketplace,Alimentos,1104191.4,1056090.0,70,9,9,0.19502222222222224,0.04356255627421107
2024-06-03,Valle,Marketplace,Bebidas,266724.6,249417.0,37,6,6,0.25306666666666666,0.06488940277724656
2024-06-03,Valle,Marketplace,Cuidado personal,1336006.18,1015430.0,65,9,9,0.23913333333333334,0.23995112058538529
2024-06-03,Valle,Marketplace,Hogar,1971711.3399999999,1724733.0,81,11,11,0.2362,0.12526090152729957
2024-06-03,Valle,Tienda,Alimentos,8698875.75,7332000.0,520,37,37,0.06485405405405405,0.15713246047916019
2024-06-03,Valle,Tienda,Bebidas,1279887.5,945000.0,150,16,16,0.06068125,0.2616538562959635
2024-06-03,Valle,Tienda,Cuidado personal,4690991.91,2978400.0,204,24,24,0.0799,0.36508097708486564
2024-06-03,Valle,Tienda,Hogar,8655736.77,6009800.0,302,27,27,0.10183333333333333,0.30568590985467314
2024-06-10,Antioquia,E-commerce,Alimentos,2128567.5100000002,1915485.0,130,18,18,0.13686111111111113,0.10010606147042064
2024-06-10,Antioquia,E-commerce,Bebidas,403095.12,362092.5,55,7,7,0.21602857142857143,0.101719465122773
2024-06-10,Antioquia,E-commerce,Cuidado personal,3302899.57,2227522.0,146,20,20,0.09353500000000001,0.3255859123806177
2024-06-10,Antioquia,E-commerce,Hogar,2963529.51,2370687.0,114,17,17,0.18737647058823528,0.20004609638592727
2024-06-10,Antioquia,Marketplace,Alimentos,893877.36,829785.0,55,8,8,0.1392,0.07170151395265228
2024-06-10,Antioquia,Marketplace,Bebidas,86409.03,74151.0,11,2,2,0.1683,0.14186052082751072
2024-06-10,Antioquia,Marketplace,Cuidado personal,659457.88,468660.0,30,4,4,0.12312500000000001,0.28932534705628205
2024-06-10,Antioquia,Marketplace,Hogar,1010809.03,851720.0,40,9,9,0.23604444444444445,0.15738782032843535
2024-06-10,Antioquia,Tienda,Alimentos,5640853.93,4638900.0,329,33,33,0.07137272727272728,0.17762451260637407
2024-06-10,Antioquia,Tienda,Bebidas,1493571.3,1102500.0,175,22,22,0.07924545454545454,0.2618363783503339
2024-06-10,Antioquia,Tienda,Cuidado personal,6406854.34,4117200.0,282,37,37,0.09789189189189189,0.3573757445529813
2024-06-10,Antioquia,Tienda,Hogar,9454244.07,6368000.0,320,34,34,0.07052647058823529,0.32644006724907837
2024-06-10,Bogotá,E-commerce,Alimentos,4075545.71,3595218.0,244,34,34,0.11997941176470588,0.11785604779782975
2024-06-10,Bogotá,E-commerce,Bebidas,764931.02,599098.5,91,11,11,0.10556363636363636,0.21679408425612026
2024-06-10,Bogotá,E-commerce,Cuidado personal,3042773.54,2151237.0,141,22,22,0.16070454545454546,0.29300127935252124
2024-06-10,Bogotá,E-commerce,Hogar,7088189.17,5406830.0,260,35,35,0.16572,0.23720574178750367
2024-06-10,Bogotá,Marketplace,Alimentos,2684400.7199999997,2519529.0,167,16,16,0.162,0.06141844575276368
2024-06-10,Bogotá,Marketplace,Bebidas,122385.81,107856.0,16,4,4,0.155675,0.11872136156961333
2024-06-10,Bogotá,Marketplace,Cuidado personal,1265247.75,1015430.0,65,12,12,0.232375,0.1974457176469984
2024-06-10,Bogotá,Marketplace,Hogar,875354.08,723962.0,34,6,6,0.19671666666666665,0.17294953374753216
2024-06-10,Bogotá,Tienda,Alimentos,15957140.43,13254000.0,940,81,81,0.08237283950617284,0.16940005271358008
2024-06-10,Bogotá,Tienda,Bebidas,4369852.73,3301200.0,524,41,41,0.08189268292682927,0.24455120024147825
2024-06-10,Bogotá,Tienda,Cuidado personal,6716912.41,4409200.0,302,34,34,0.11668823529411765,0.34356744127916955
2024-06-10,Bogotá,Tienda,Hogar,13381773.63,9293300.0,467,47,47,0.09496808510638298,0.30552554116101877
2024-06-10,Caribe,E-commerce,Alimentos,998722.5399999999,839866.5,57,7,7,0.0647857142857143,0.15905923180626316
2024-06-10,Caribe,E-commerce,Bebidas,544389.48,427927.5,65,7,7,0.11960000000000001,0.21393135664561333
2024-06-10,Caribe,E-commerce,Cuidado personal,1259372.1600000001,915420.0,60,11,11,0.16252727272727274,0.27311399356326893
2024-06-10,Caribe,E-commerce,Hogar,3634486.84,2765801.5,133,15,15,0.16907333333333333,0.2390118270451627
2024-06-10,Caribe,Marketplace,Alimentos,635688.99,573306.0,38,5,5,0.1156,0.09813445093645556
2024-06-10,Caribe,Marketplace,Bebidas,117456.31,101115.0,15,2,2,0.21535,0.13912671017844846
2024-06-10,Caribe,Marketplace,Cuidado personal,392327.32,296818.0,19,3,3,0.20293333333333333,0.2434429496268575
2024-06-10,Caribe,Marketplace,Hogar,239308.59,170344.0,8,1,1,0.0504,0.2881826766017885
2024-06-10,Caribe,Tienda,Alimentos,5072896.43,4215900.0,299,24,24,0.06645833333333333,0.1689363151457046
2024-06-10,Caribe,Tienda,Bebidas,955031.91,711900.0,113,13,13,0.08769230769230771,0.2545798810010443
2024-06-10,Caribe,Tienda,Cuidado personal,4024483.42,2555000.0,175,17,17,0.06611176470588234,0.3651359110332724
2024-06-10,Caribe,Tienda,Hogar,5188195.8,3601900.0,181,22,22,0.10200454545454546,0.30575095103388344
2024-06-10,Eje Cafetero,E-commerce,Alimentos,685748.92,574645.5,39,4,4,0.055025,0.162017637592488
2024-06-10,Eje Cafetero,E-commerce,Bebidas,376316.95,289674.0,44,8,8,0.0908625,0.23023929695433598
2024-06-10,Eje Cafetero,E-commerce,Cuidado personal,1463527.77,1022219.0,67,9,9,0.1403222222222222,0.3015376811059759
2024-06-10,Eje Cafetero,E-commerce,Hogar,3029581.29,2329096.0,112,16,16,0.19486875,0.23121521522203486
2024-06-10,Eje Cafetero,Marketplace,Alimentos,518801.27,482784.0,32,4,4,0.15947499999999998,0.06942402049247107
2024-06-10,Eje Cafetero,Marketplace,Bebidas,33573.56,26964.0,4,1,1,0.0877,0.19686801161390088
2024-06-10,Eje Cafetero,Marketplace,Cuidado personal,535425.9800000001,453038.0,29,5,5,0.25888,0.15387370631511021
2024-06-10,Eje Cafetero,Marketplace,Hogar,823177.3300000001,638790.0,30,5,5,0.17686,0.223994664673285
2024-06-10,Eje Cafetero,Tienda,Alimentos,5223158.64,4427400.0,314,23,23,0.09274347826086958,0.1523519951904045
2024-06-10,Eje Cafetero,Tienda,Bebidas,354493.5,258300.0,41,7,7,0.06667142857142858,0.2713547639096345
2024-06-10,Eje Cafetero,Tienda,Cuidado personal,5331301.61,3460200.0,237,20,20,0.10815,0.35096525142947227
2024-06-10,Eje Cafetero,Tienda,Hogar,2571298.63,1771100.0,89,12,12,0.09085833333333333,0.3112040821178363
2024-06-10,Valle,E-commerce,Alimentos,2231726.49,2003892.0,136,18,18,0.14353888888888888,0.10208889441465571
2024-06-10,Valle,E-commerce,Bebidas,1089479.0,895356.0,136,13,13,0.1320769230769231,0.17817966202193894
2024-06-10,Valle,E-commerce,Cuidado personal,1587076.37,1129018.0,74,10,10,0.13815,0.2886177241741682
2024-06-10,Valle,E-commerce,Hogar,4396961.43,3264893.5,157,20,20,0.134995,0.25746596781041126
2024-06-10,Valle,Marketplace,Alimentos,1115128.05,1010829.0,67,13,13,0.12663076923076924,0.09353100749281668
2024-06-10,Valle,Marketplace,Bebidas,501829.6,444906.0,66,9,9,0.19267777777777778,0.11343212915300328
2024-06-10,Valle,Marketplace,Cuidado personal,498424.14,437416.0,28,6,6,0.26381666666666664,0.12240205701112312
2024-06-10,Valle,Marketplace,Hogar,1942505.28,1554389.0,73,4,4,0.191675,0.199801917655534
2024-06-10,Valle,Tienda,Alimentos,3901201.53,3299400.0,234,25,25,0.10882,0.15426055931030044
2024-06-10,Valle,Tienda,Bebidas,2094889.69,1581300.0,251,19,19,0.07773684210526315,0.2451631188275121
2024-06-10,Valle,Tienda,Cuidado personal,3464875.95,2248400.0,154,20,20,0.09914999999999999,0.3510878794953684
2024-06-10,Valle,Tienda,Hogar,5493559.6,3860600.0,194,26,26,0.11915,0.29724981958874164
2024-06-17,Antioquia,E-commerce,Alimentos,3626746.65,3138448.5,213,23,23,0.09140434782608696,0.13463806466878517
2024-06-17,Antioquia,E-commerce,Bebidas,534812.77,421344.0,64,9,9,0.1063,0.21216540884018162
2024-06-17,Antioquia,E-commerce,Cuidado personal,3055685.13,2120723.0,139,20,20,0.143535,0.30597463096598565
2024-06-17,Antioquia,E-commerce,Hogar,2779499.12,2079550.0,100,12,12,0.13779166666666667,0.25182563108708594
2024-06-17,Antioquia,Marketplace,Alimentos,868666.24,799611.0,53,8,8,0.166425,0.07949571057348792
2024-06-17,Antioquia,Marketplace,Bebidas,214432.32,182007.0,27,3,3,0.1406,0.15121470494746317
2024-06-17,Antioquia,Marketplace,Cuidado personal,451351.4,343684.0,22,6,6,0.18689999999999998,0.23854451321077108
2024-06-17,Antioquia,Marketplace,Hogar,1705019.25,1320166.0,62,7,7,0.15274285714285712,0.22571783280452698
2024-06-17,Antioquia,Tienda,Alimentos,8471260.950000001,7050000.0,500,42,42,0.07701428571428572,0.16777442678117488
2024-06-17,Antioquia,Tienda,Bebidas,1484623.14,1115100.0,177,20,20,0.08824499999999999,0.24890029667731026
2024-06-17,Antioquia,Tienda,Cuidado personal,6060187.56,3898200.0,267,33,33,0.09896363636363636,0.3567525820933502
2024-06-17,Antioquia,Tienda,Hogar,6279889.55,4218800.0,212,26,26,0.061480769230769235,0.3282047452570244
2024-06-17,Bogotá,E-commerce,Alimentos,4071817.2199999997,3521545.5,239,32,32,0.115840625,0.13514155726272992
2024-06-17,Bogotá,E-commerce,Bebidas,2623432.99,2073802.5,315,24,24,0.10331249999999999,0.20950811097332436
2024-06-17,Bogotá,E-commerce,Cuidado personal,3452946.87,2410606.0,158,24,24,0.1568125,0.30186994160150515
2024-06-17,Bogotá,E-commerce,Hogar,5054217.9799999995,3784781.0,182,24,24,0.15044166666666667,0.25116387639458315
2024-06-17,Bogotá,Marketplace,Alimentos,703416.0,648741.0,43,8,8,0.1403375,0.07772783104165956
2024-06-17,Bogotá,Marketplace,Bebidas,399122.44999999995,337050.0,50,9,9,0.15202222222222223,0.15552232153315346
2024-06-17,Bogotá,Marketplace,Cuidado personal,3140485.66,2358922.0,151,21,21,0.19202857142857144,0.24886713222565712
2024-06-17,Bogotá,Marketplace,Hogar,2067357.19,1639561.0,77,12,12,0.17711666666666667,0.20692901646086614
2024-06-17,Bogotá,Tienda,Alimentos,11902039.44,9827700.0,697,63,63,0.07707460317460317,0.17428436953658755
2024-06-17,Bogotá,Tienda,Bebidas,5065752.03,3899700.0,619,42,42,0.0964904761904762,0.23018340082469457
2024-06-17,Bogotá,Tienda,Cuidado personal,7045175.25,4511400.0,309,34,34,0.08588529411764706,0.3596468732271777
2024-06-17,Bogotá,Tienda,Hogar,14163010.05,9930100.0,499,50,50,0.10336000000000001,0.29887079335935374
2024-06-17,Caribe,E-commerce,Alimentos,1628453.23,1414512.0,96,13,13,0.12143846153846154,0.13137695701583027
2024-06-17,Caribe,E-commerce,Bebidas,292153.45999999996,237006.0,36,8,8,0.1277,0.18876196092286557
2024-06-17,Caribe,E-commerce,Cuidado personal,1979121.36,1342616.0,88,11,11,0.11210909090909092,0.3216100704405515
2024-06-17,Caribe,E-commerce,Hogar,1530773.42,1102161.5,53,7,7,0.10032857142857142,0.27999697042035127
2024-06-17,Caribe,Marketplace,Alimentos,793406.76,739263.0,49,7,7,0.16749999999999998,0.0682421208511004
2024-06-17,Caribe,Marketplace,Bebidas,188228.55,175266.0,26,4,4,0.231325,0.0688660142151655
2024-06-17,Caribe,Marketplace,Cuidado personal,842425.23,687368.0,44,8,8,0.221775,0.18406052487293142
2024-06-17,Caribe,Marketplace,Hogar,2069123.1,1618268.0,76,4,4,0.103675,0.21789670223100793
2024-06-17,Caribe,Tienda,Alimentos,4620948.8100000005,3933900.0,279,19,19,0.07726842105263158,0.14868132893253158
2024-06-17,Caribe,Tienda,Bebidas,1280121.03,995400.0,158,11,11,0.12262727272727272,0.22241727409165368
2024-06-17,Caribe,Tienda,Cuidado personal,3803398.61,2423600.0,166,24,24,0.09848333333333333,0.3627804370470651
2024-06-17,Caribe,Tienda,Hogar,5168549.76,3582000.0,180,15,15,0.08662666666666667,0.30696226865773657
2024-06-17,Eje Cafetero,E-commerce,Alimentos,875421.47,766194.0,52,10,10,0.11806000000000001,0.12477129444860426
2024-06-17,Eje Cafetero,E-commerce,Bebidas,351405.48,283090.5,43,8,8,0.142425,0.19440499334273326
2024-06-17,Eje Cafetero,E-commerce,Cuidado personal,1619902.35,1174789.0,77,4,4,0.17977500000000002,0.2747778901610953
2024-06-17,Eje Cafetero,E-commerce,Hogar,672569.25,478296.5,23,3,3,0.09346666666666666,0.28885166843414267
2024-06-17,Eje Cafetero,Marketplace,Alimentos,378420.45,362088.0,24,5,5,0.15966,0.043159533265181654
2024-06-17,Eje Cafetero,Marketplace,Bebidas,132635.76,107856.0,16,3,3,0.1223,0.18682563435381233
2024-06-17,Eje Cafetero,Marketplace,Cuidado personal,728925.47,546770.0,35,6,6,0.17184999999999997,0.2498958775579621
2024-06-17,Eje Cafetero,Marketplace,Hogar,751734.73,617497.0,29,5,5,0.2203,0.17857061093878154
2024-06-17,Eje Cafetero,Tienda,Alimentos,1942916.34,1607400.0,114,11,11,0.06577272727272727,0.17268697220385726
2024-06-17,Eje Cafetero,Tienda,Bebidas,1976516.49,1480500.0,235,14,14,0.07556428571428572,0.25095489590375236
2024-06-17,Eje Cafetero,Tienda,Cuidado personal,2360738.4699999997,1606000.0,110,14,14,0.14739285714285713,0.3197043974125604
2024-06-17,Eje Cafetero,Tienda,Hogar,4655121.82,3243700.0,163,19,19,0.10581578947368421,0.3031976121303739
2024-06-17,Valle,E-commerce,Alimentos,2323035.6799999997,2077564.5,141,13,13,0.10133076923076922,0.10566827798357352
2024-06-17,Valle,E-commerce,Bebidas,1163857.97,934857.0,142,16,16,0.11414375,0.19676023699008563
2024-06-17,Valle,E-commerce,Cuidado personal,2464518.37,1800326.0,118,13,13,0.1737153846153846,0.2695018946034474
2024-06-17,Valle,E-commerce,Hogar,2030671.29,1580458.0,76,11,11,0.16266363636363634,0.2217066308156649
2024-06-17,Valle,Marketplace,Alimentos,1161031.25,1146612.0,76,10,10,0.18177000000000001,0.012419347024466395
2024-06-17,Valle,Marketplace,Bebidas,297997.12,249417.0,37,5,5,0.12604,0.1630221124284691
2024-06-17,Valle,Marketplace,Cuidado personal,1469127.52,1093540.0,70,15,15,0.18646666666666667,0.2556534506956891
2024-06-17,Valle,Marketplace,Hogar,555763.9199999999,468446.0,22,4,4,0.24022500000000002,0.15711332970301478
2024-06-17,Valle,Tienda,Alimentos,6320721.29,5273400.0,374,34,34,0.08742941176470588,0.1656964833518233
2024-06-17,Valle,Tienda,Bebidas,2732425.54,2066400.0,328,25,25,0.08489200000000001,0.24374883423172805
2024-06-17,Valle,Tienda,Cuidado personal,3144837.28,2014800.0,138,17,17,0.1000529411764706,0.3593309222027538
2024-06-17,Valle,Tienda,Hogar,9504019.290000001,6586900.0,331,33,33,0.0907939393939394,0.306935329252683
2024-06-24,Antioquia,E-commerce,Alimentos,2287985.1,2018626.5,137,19,19,0.1338736842105263,0.11772742750815994
2024-06-24,Antioquia,E-commerce,Bebidas,572567.61,460845.0,70,11,11,0.13875454545454546,0.19512562018658372
2024-06-24,Antioquia,E-commerce,Cuidado personal,2415342.01,1647756.0,108,14,14,0.1399642857142857,0.31779599196388747
2024-06-24,Antioquia,E-commerce,Hogar,2569662.69,1954777.0,94,14,14,0.18390714285714285,0.2392865384211186
2024-06-24,Antioquia,Marketplace,Alimentos,441490.13,437523.0,29,5,5,0.20676,0.008985772796325038
2024-06-24,Antioquia,Marketplace,Bebidas,483365.25,390978.0,58,6,6,0.11146666666666667,0.19113341308668755
2024-06-24,Antioquia,Marketplace,Cuidado personal,1229255.05,968564.0,62,11,11,0.20531818181818184,0.21207238481550272
2024-06-24,Antioquia,Marketplace,Hogar,2096650.21,1682147.0,79,11,11,0.17953636363636363,0.19769783630241305
2024-06-24,Antioquia,Tienda,Alimentos,5891703.89,4963200.0,352,33,33,0.10315454545454546,0.15759513840740555
2024-06-24,Antioquia,Tienda,Bebidas,2871977.5100000002,2173500.0,345,29,29,0.10582068965517241,0.2432043801067231
2024-06-24,Antioquia,Tienda,Cuidado personal,5055172.13,3241200.0,222,24,24,0.088175,0.35883488897142657
2024-06-24,Antioquia,Tienda,Hogar,5075365.1,3522300.0,177,21,21,0.10112857142857143,0.30600066584372415
2024-06-24,Bogotá,E-commerce,Alimentos,2770406.57,2460661.5,167,20,20,0.139995,0.11180491461222598
2024-06-24,Bogotá,E-commerce,Bebidas,1307188.21,1013859.0,154,21,21,0.09675238095238095,0.22439707438915776
2024-06-24,Bogotá,E-commerce,Cuidado personal,2798994.9699999997,2013924.0,132,17,17,0.1731705882352941,0.2804831657128701
2024-06-24,Bogotá,E-commerce,Hogar,6092335.74,4408646.0,212,27,27,0.10955555555555556,0.27636194258722846
2024-06-24,Bogotá,Marketplace,Alimentos,2005203.78,1840614.0,122,16,16,0.12495,0.08208132342539272
2024-06-24,Bogotá,Marketplace,Bebidas,650291.13,546021.0,81,8,8,0.1441375,0.16034376787516694
2024-06-24,Bogotá,Marketplace,Cuidado personal,2343837.08,1780908.0,114,12,12,0.19598333333333331,0.2401741506709161
2024-06-24,Bogotá,Marketplace,Hogar,2465648.3,1980249.0,93,11,11,0.1919090909090909,0.19686477588875909
2024-06-24,Bogotá,Tienda,Alimentos,15660859.4,13254000.0,940,70,70,0.08754857142857143,0.1536862913155328
2024-06-24,Bogotá,Tienda,Bebidas,3340254.08,2532600.0,402,43,43,0.10139767441860466,0.24179420506837612
2024-06-24,Bogotá,Tienda,Cuidado personal,8984745.51,5927600.0,406,46,46,0.1122695652173913,0.3402595551089794
2024-06-24,Bogotá,Tienda,Hogar,14649833.95,10268400.0,516,58,58,0.10341379310344828,0.2990773796449754
2024-06-24,Caribe,E-commerce,Alimentos,926895.72,839866.5,57,8,8,0.158175,0.09389321594882322
2024-06-24,Caribe,E-commerce,Bebidas,679592.01,566181.0,86,13,13,0.1553846153846154,0.16688102321862203
2024-06-24,Caribe,E-commerce,Cuidado personal,2390461.3,1708784.0,112,10,10,0.16779,0.2851655870772724
2024-06-24,Caribe,E-commerce,Hogar,2139610.3899999997,1559662.5,75,10,10,0.15282,0.2710530350341025
2024-06-24,Caribe,Marketplace,Alimentos,325111.51,331914.0,22,3,3,0.25253333333333333,-0.020923559427348453
2024-06-24,Caribe,Marketplace,Bebidas,292526.26,229194.0,34,3,3,0.06556666666666666,0.21650111002000302
2024-06-24,Caribe,Marketplace,Cuidado personal,1280613.3399999999,952942.0,61,10,10,0.19138,0.25587062836624824
2024-06-24,Caribe,Marketplace,Hogar,842364.87,660083.0,31,7,7,0.15660000000000002,0.216393010311553
2024-06-24,Caribe,Tienda,Alimentos,4522449.42,3680100.0,261,25,25,0.061864,0.18625955577851436
2024-06-24,Caribe,Tienda,Bebidas,812069.92,604800.0,96,10,10,0.08087,0.2552365441635863
2024-06-24,Caribe,Tienda,Cuidado personal,3612392.45,2321400.0,159,22,22,0.09553636363636363,0.357378791996977
2024-06-24,Caribe,Tienda,Hogar,7298596.26,5074500.0,255,24,24,0.092375,0.3047293179085919
2024-06-24,Eje Cafetero,E-commerce,Alimentos,1626490.2,1458715.5,99,10,10,0.12755,0.10315137465937388
2024-06-24,Eje Cafetero,E-commerce,Bebidas,509676.54,401593.5,61,9,9,0.09911111111111111,0.21206202663359783
2024-06-24,Eje Cafetero,E-commerce,Cuidado personal,951968.29,732336.0,48,8,8,0.22145,0.23071387178243094
2024-06-24,Eje Cafetero,E-commerce,Hogar,958795.21,707047.0,34,5,5,0.131,0.2625672378984872
2024-06-24,Eje Cafetero,Marketplace,Alimentos,617621.83,588393.0,39,5,5,0.18338000000000002,0.04732480067940597
2024-06-24,Eje Cafetero,Marketplace,Bebidas,114748.66,114597.0,17,4,4,0.25035,0.0013216712073152181
2024-06-24,Eje Cafetero,Marketplace,Cuidado personal,1034229.1699999999,859210.0,55,8,8,0.263275,0.16922668116197104
2024-06-24,Eje Cafetero,Marketplace,Hogar,1325033.29,1085943.0,51,9,9,0.21353333333333332,0.18044096839257528
2024-06-24,Eje Cafetero,Tienda,Alimentos,5354375.43,4540200.0,322,19,19,0.10636315789473685,0.15205796467656355
2024-06-24,Eje Cafetero,Tienda,Bebidas,530336.68,384300.0,61,6,6,0.05628333333333333,0.27536598072002116
2024-06-24,Eje Cafetero,Tienda,Cuidado personal,2876956.48,1883400.0,129,10,10,0.10046,0.3453498469326863
2024-06-24,Eje Cafetero,Tienda,Hogar,3865347.11,2646700.0,133,15,15,0.07888666666666667,0.3152749482309753
2024-06-24,Valle,E-commerce,Alimentos,2742345.76,2475396.0,168,8,8,0.1222375,0.0973435822330441
2024-06-24,Valle,E-commerce,Bebidas,775024.34,632016.0,96,12,12,0.13606666666666667,0.1845210951697336
2024-06-24,Valle,E-commerce,Cuidado personal,1841192.64,1373130.0,90,17,17,0.2017294117647059,0.25421709267749404
2024-06-24,Valle,E-commerce,Hogar,3173534.38,2474664.5,119,14,14,0.17137142857142856,0.22021815311167353
2024-06-24,Valle,Marketplace,Alimentos,1171635.24,1116438.0,74,10,10,0.16316,0.04711128354247862
2024-06-24,Valle,Marketplace,Bebidas,219651.65999999997,188748.0,28,4,4,0.17865,0.1406939515048508
2024-06-24,Valle,Marketplace,Cuidado personal,1431558.49,1156028.0,74,12,12,0.25405,0.1924689014976957
2024-06-24,Valle,Marketplace,Hogar,1757640.9,1490510.0,70,11,11,0.22858181818181816,0.15198263763661846
2024-06-24,Valle,Tienda,Alimentos,6729418.62,5583600.0,396,26,26,0.06495,0.17027007602032643
2024-06-24,Valle,Tienda,Bebidas,3084019.3000000003,2368800.0,376,29,29,0.09006896551724139,0.23191142156600647
2024-06-24,Valle,Tienda,Cuidado personal,8377458.7,5489600.0,376,30,30,0.10257333333333334,0.34471774835488
2024-06-24,Valle,Tienda,Hogar,5963330.46,4179000.0,210,22,22,0.11300909090909092,0.2992171022499397
2024-07-01,Antioquia,E-commerce,Alimentos,2144917.8,1856547.0,126,14,14,0.11275,0.13444375350887566
2024-07-01,Antioquia,E-commerce,Bebidas,520683.0,401593.5,61,9,9,0.0783888888888889,0.22871785712227977
2024-07-01,Antioquia,E-commerce,Cuidado personal,1931605.87,1449415.0,95,18,18,0.1943111111111111,0.2496321208632484
2024-07-01,Antioquia,E-commerce,Hogar,2904346.86,2266709.5,109,14,14,0.15692142857142857,0.21954587063337191
2024-07-01,Antioquia,Marketplace,Alimentos,1146543.48,1086264.0,72,11,11,0.15027272727272728,0.05257496209389284
2024-07-01,Antioquia,Marketplace,Bebidas,149052.05,121338.0,18,3,3,0.12796666666666667,0.185935382975276
2024-07-01,Antioquia,Marketplace,Cuidado personal,1381910.98,1031052.0,66,9,9,0.17099999999999999,0.2538940532913343
2024-07-01,Antioquia,Marketplace,Hogar,680364.67,553618.0,26,4,4,0.20147500000000002,0.18629225706267205
2024-07-01,Antioquia,Tienda,Alimentos,7588085.7,6345000.0,450,32,32,0.074496875,0.1638207249029884
2024-07-01,Antioquia,Tienda,Bebidas,1596573.53,1171800.0,186,20,20,0.08232,0.26605322086230504
2024-07-01,Antioquia,Tienda,Cuidado personal,4643882.92,3066000.0,210,27,27,0.11762962962962964,0.3397766367460444
2024-07-01,Antioquia,Tienda,Hogar,10833010.51,7581900.0,381,33,33,0.07931515151515152,0.3001114516596181
2024-07-01,Bogotá,E-commerce,Alimentos,2492845.57,2210175.0,150,19,19,0.13231052631578946,0.11339273214585846
2024-07-01,Bogotá,E-commerce,Bebidas,1306688.59,1020442.5,155,17,17,0.0932529411764706,0.21906220976491428
2024-07-01,Bogotá,E-commerce,Cuidado personal,6654376.9799999995,4668642.0,306,35,35,0.1573142857142857,0.2984103524594724
2024-07-01,Bogotá,E-commerce,Hogar,8165223.859999999,6134672.5,295,33,33,0.14047878787878787,0.248682876895429
2024-07-01,Bogotá,Marketplace,Alimentos,2423630.7600000002,2247963.0,149,13,13,0.13164615384615386,0.07248123885009622
2024-07-01,Bogotá,Marketplace,Bebidas,352252.38,283122.0,42,6,6,0.11645000000000001,0.19625241424912446
2024-07-01,Bogotá,Marketplace,Cuidado personal,993644.8300000001,781100.0,50,10,10,0.21688000000000002,0.21390422773094894
2024-07-01,Bogotá,Marketplace,Hogar,2996096.73,2597746.0,122,18,18,0.2293611111111111,0.13295656512398382
2024-07-01,Bogotá,Tienda,Alimentos,9889136.709999999,8220300.0,583,56,56,0.07630357142857143,0.16875453934340434
2024-07-01,Bogotá,Tienda,Bebidas,4295608.37,3276000.0,520,43,43,0.09436046511627907,0.23736064421533848
2024-07-01,Bogotá,Tienda,Cuidado personal,8042728.51,5168400.0,354,38,38,0.08873421052631579,0.35738226230391557
2024-07-01,Bogotá,Tienda,Hogar,14527441.63,10109200.0,508,54,54,0.09730740740740741,0.3041307439071776
2024-07-01,Caribe,E-commerce,Alimentos,1043206.6900000001,898804.5,61,6,6,0.09615,0.13842145701730502
2024-07-01,Caribe,E-commerce,Bebidas,321293.08,250173.0,38,4,4,0.112275,0.2213557789666681
2024-07-01,Caribe,E-commerce,Cuidado personal,2095211.22,1449415.0,95,13,13,0.1485076923076923,0.3082248767262711
2024-07-01,Caribe,E-commerce,Hogar,1695727.94,1247730.0,60,10,10,0.12981,0.2641921085525075
2024-07-01,Caribe,Marketplace,Alimentos,409975.53,407349.0,27,7,7,0.2008857142857143,0.006406553093546895
2024-07-01,Caribe,Marketplace,Bebidas,203921.17,175266.0,26,3,3,0.17866666666666667,0.14052081988348739
2024-07-01,Caribe,Marketplace,Cuidado personal,653412.78,578014.0,37,5,5,0.29554,0.11539226398357257
2024-07-01,Caribe,Marketplace,Hogar,780676.36,638790.0,30,5,5,0.22805999999999998,0.1817479909344251
2024-07-01,Caribe,Tienda,Alimentos,7282761.6,6091200.0,432,22,22,0.07925,0.1636139785215542
2024-07-01,Caribe,Tienda,Bebidas,1275452.24,957600.0,152,17,17,0.09608823529411764,0.24920748110489813
2024-07-01,Caribe,Tienda,Cuidado personal,1806014.34,1197200.0,82,14,14,0.12842857142857142,0.3371038238821515
2024-07-01,Caribe,Tienda,Hogar,6116985.67,4218800.0,212,22,22,0.09475909090909092,0.3103138984466511
2024-07-01,Eje Cafetero,E-commerce,Alimentos,529823.11,486238.5,33,6,6,0.13211666666666666,0.08226256872789106
2024-07-01,Eje Cafetero,E-commerce,Bebidas,190533.29,164587.5,25,5,5,0.1483,0.13617457610688405
2024-07-01,Eje Cafetero,E-commerce,Cuidado personal,1445525.02,991705.0,65,11,11,0.12999090909090907,0.3139482289971017
2024-07-01,Eje Cafetero,E-commerce,Hogar,1348051.58,977388.5,47,6,6,0.10211666666666668,0.27496209010043965
2024-07-01,Eje Cafetero,Marketplace,Alimentos,162108.87,196131.0,13,3,3,0.32766666666666666,-0.20987210631966038
2024-07-01,Eje Cafetero,Marketplace,Bebidas,794586.74,667359.0,99,5,5,0.13646,0.16011812631053973
2024-07-01,Eje Cafetero,Marketplace,Cuidado personal,806302.91,624880.0,40,7,7,0.21365714285714285,0.22500589759746747
2024-07-01,Eje Cafetero,Marketplace,Hogar,354235.05999999994,255516.0,12,2,2,0.0731,0.27868235289866555
2024-07-01,Eje Cafetero,Tienda,Alimentos,5191812.76,4469700.0,317,18,18,0.11602777777777777,0.13908682639009498
2024-07-01,Eje Cafetero,Tienda,Bebidas,1010793.73,749700.0,119,12,12,0.056758333333333334,0.25830564857184063
2024-07-01,Eje Cafetero,Tienda,Cuidado personal,1725337.97,1080400.0,74,12,12,0.08541666666666665,0.3738038466747474
2024-07-01,Eje Cafetero,Tienda,Hogar,4277134.21,3064600.0,154,13,13,0.11787692307692307,0.2834922054035803
2024-07-01,Valle,E-commerce,Alimentos,1568952.23,1385043.0,94,13,13,0.12388461538461538,0.11721786456175277
2024-07-01,Valle,E-commerce,Bebidas,214219.08000000002,164587.5,25,4,4,0.118475,0.2316860851050243
2024-07-01,Valle,E-commerce,Cuidado personal,1924061.62,1342616.0,88,16,16,0.15195,0.3021969847306658
2024-07-01,Valle,E-commerce,Hogar,3205792.1799999997,2412278.0,116,16,16,0.16623125,0.24752514681098253
2024-07-01,Valle,Marketplace,Alimentos,1326082.06,1222047.0,81,7,7,0.12238571428571429,0.07845295788105304
2024-07-01,Valle,Marketplace,Bebidas,18331.11,20223.0,3,1,1,0.3358,-0.10320651613568406
2024-07-01,Valle,Marketplace,Cuidado personal,896182.53,656124.0,42,6,6,0.16436666666666666,0.2678678974025526
2024-07-01,Valle,Marketplace,Hogar,2898484.4899999998,2278351.0,107,17,17,0.17833529411764704,0.2139509430323016
2024-07-01,Valle,Tienda,Alimentos,9615039.1,8079300.0,573,38,38,0.0740421052631579,0.15972260580822803
2024-07-01,Valle,Tienda,Bebidas,1597688.97,1190700.0,189,16,16,0.0776625,0.25473604540187816
2024-07-01,Valle,Tienda,Cuidado personal,4211344.73,2671800.0,183,24,24,0.09015833333333334,0.3655708161416651
2024-07-01,Valle,Tienda,Hogar,7218094.72,5054600.0,254,23,23,0.10291304347826087,0.29973210437449066
2024-07-08,Antioquia,E-commerce,Alimentos,923371.4,839866.5,57,11,11,0.13548181818181818,0.09043479146094413
2024-07-08,Antioquia,E-commerce,Bebidas,662729.03,500346.0,76,8,8,0.048775,0.24502175496974987
2024-07-08,Antioquia,E-commerce,Cuidado personal,938893.58,717079.0,47,8,8,0.20545,0.23625103496820157
2024-07-08,Antioquia,E-commerce,Hogar,1892406.86,1351707.5,65,10,10,0.08731,0.28572046076814583
2024-07-08,Antioquia,Marketplace,Alimentos,2290108.73,2112180.0,140,13,13,0.12177692307692307,0.07769444641172124
2024-07-08,Antioquia,Marketplace,Bebidas,496697.24000000005,411201.0,61,10,10,0.13646,0.1721294847541332
2024-07-08,Antioquia,Marketplace,Cuidado personal,627621.51,484282.0,31,5,5,0.20358,0.22838527315610965
2024-07-08,Antioquia,Marketplace,Hogar,1210084.14,1043357.0,49,7,7,0.2395,0.13778144385893687
2024-07-08,Antioquia,Tienda,Alimentos,5486621.3,4526100.0,321,34,34,0.07281764705882353,0.17506608301907037
2024-07-08,Antioquia,Tienda,Bebidas,1170365.78,856800.0,136,18,18,0.07380555555555555,0.2679211793085748
2024-07-08,Antioquia,Tienda,Cuidado personal,5777270.21,3766800.0,258,31,31,0.11645483870967742,0.34799656878088103
2024-07-08,Antioquia,Tienda,Hogar,7681283.98,5273500.0,265,32,32,0.09265625,0.31346113309561563
2024-07-08,Bogotá,E-commerce,Alimentos,2543780.36,2224909.5,151,22,22,0.11306818181818183,0.1253531417311516
2024-07-08,Bogotá,E-commerce,Bebidas,1659948.6300000001,1323283.5,201,24,24,0.12086666666666668,0.20281659559549148
2024-07-08,Bogotá,E-commerce,Cuidado personal,3764213.7,2669975.0,175,25,25,0.153036,0.2906951589916375
2024-07-08,Bogotá,E-commerce,Hogar,4833291.22,3472848.5,167,22,22,0.10562727272727272,0.2814733600927113
2024-07-08,Bogotá,Marketplace,Alimentos,2606001.35,2549703.0,169,17,17,0.18733529411764704,0.02160334644492801
2024-07-08,Bogotá,Marketplace,Bebidas,277272.35,235935.0,35,4,4,0.20752500000000002,0.14908572744451432
2024-07-08,Bogotá,Marketplace,Cuidado personal,2148607.44,1609066.0,103,14,14,0.17837142857142857,0.25111215290216066
2024-07-08,Bogotá,Marketplace,Hogar,3434682.95,2746797.0,129,17,17,0.18026470588235297,0.20027640396910584
2024-07-08,Bogotá,Tienda,Alimentos,12067237.36,10011000.0,710,63,63,0.07741587301587302,0.17039835205495615
2024-07-08,Bogotá,Tienda,Bebidas,3788576.25,2916900.0,463,36,36,0.10264999999999999,0.2300801653391561
2024-07-08,Bogotá,Tienda,Cuidado personal,9786988.17,6394800.0,438,46,46,0.09470869565217392,0.34660184635739677
2024-07-08,Bogotá,Tienda,Hogar,14260029.9,9950000.0,500,55,55,0.10289272727272726,0.30224550230431146
2024-07-08,Caribe,E-commerce,Alimentos,900625.88,780928.5,53,6,6,0.09599999999999999,0.132904664032084
2024-07-08,Caribe,E-commerce,Bebidas,380931.15,289674.0,44,6,6,0.09165000000000001,0.23956336991605967
2024-07-08,Caribe,E-commerce,Cuidado personal,1449870.8399999999,1006962.0,66,9,9,0.14883333333333335,0.30548158344918497
2024-07-08,Caribe,E-commerce,Hogar,2065959.54,1538867.0,74,10,10,0.11354,0.2551320729156196
2024-07-08,Caribe,Marketplace,Alimentos,432395.64,377175.0,25,3,3,0.08213333333333334,0.12770859576659935
2024-07-08,Caribe,Marketplace,Bebidas,474371.84,417942.0,62,5,5,0.17758,0.11895697687282622
2024-07-08,Caribe,Marketplace,Cuidado personal,148510.49,124976.0,8,3,3,0.21676666666666666,0.15847021984776963
2024-07-08,Caribe,Marketplace,Hogar,1757164.24,1426631.0,67,8,8,0.1974,0.18810605888496798
2024-07-08,Caribe,Tienda,Alimentos,4195623.36,3510900.0,249,21,21,0.08959523809523809,0.16319943456507027
2024-07-08,Caribe,Tienda,Bebidas,2230708.09,1688400.0,268,19,19,0.08866842105263158,0.243110289701778
2024-07-08,Caribe,Tienda,Cuidado personal,5009244.66,3328800.0,228,26,26,0.10663461538461538,0.3354686732350582
2024-07-08,Caribe,Tienda,Hogar,6237823.75,4378000.0,220,25,25,0.115152,0.29815266101418786
2024-07-08,Eje Cafetero,E-commerce,Alimentos,1144696.44,1001946.0,68,10,10,0.08586,0.12470593513857696
2024-07-08,Eje Cafetero,E-commerce,Bebidas,262359.63,243589.5,37,7,7,0.24265714285714288,0.07154351452622495
2024-07-08,Eje Cafetero,E-commerce,Cuidado personal,701226.45,488224.0,32,5,5,0.12789999999999999,0.3037570103067275
2024-07-08,Eje Cafetero,E-commerce,Hogar,524132.16,436705.5,21,5,5,0.24218,0.16680270105921371
2024-07-08,Eje Cafetero,Marketplace,Alimentos,244566.66999999998,211218.0,14,2,2,0.08485000000000001,0.1363581963151397
2024-07-08,Eje Cafetero,Marketplace,Bebidas,101507.34,87633.0,13,2,2,0.17700000000000002,0.13668312064920624
2024-07-08,Eje Cafetero,Marketplace,Cuidado personal,1037199.33,781100.0,50,8,8,0.165475,0.24691428406533966
2024-07-08,Eje Cafetero,Marketplace,Hogar,1257950.44,979478.0,46,5,5,0.17572000000000002,0.22136996112501853
2024-07-08,Eje Cafetero,Tienda,Alimentos,4150240.28,3454500.0,245,23,23,0.08670434782608695,0.1676385541706515
2024-07-08,Eje Cafetero,Tienda,Bebidas,895339.36,667800.0,106,15,15,0.09665333333333333,0.25413755963995593
2024-07-08,Eje Cafetero,Tienda,Cuidado personal,2958340.92,1868800.0,128,15,15,0.073,0.3682945777594828
2024-07-08,Eje Cafetero,Tienda,Hogar,1619948.44,1114400.0,56,8,8,0.1062875,0.31207687079225804
2024-07-08,Valle,E-commerce,Alimentos,750000.13,677787.0,46,9,9,0.11608888888888888,0.09628415664407952
2024-07-08,Valle,E-commerce,Bebidas,652507.78,526680.0,80,6,6,0.09801666666666668,0.19283721030881812
2024-07-08,Valle,E-commerce,Cuidado personal,1455578.6500000001,1022219.0,67,11,11,0.14953636363636363,0.2977232800165076
2024-07-08,Valle,E-commerce,Hogar,2340327.77,1809208.5,87,12,12,0.1757,0.2269422586050842
2024-07-08,Valle,Marketplace,Alimentos,412870.27,377175.0,25,5,5,0.1379,0.08645638253391318
2024-07-08,Valle,Marketplace,Bebidas,352156.93,276381.0,41,4,4,0.06292500000000001,0.21517659754700835
2024-07-08,Valle,Marketplace,Cuidado personal,1624726.44,1202894.0,77,12,12,0.1927,0.25963290164712277
2024-07-08,Valle,Marketplace,Hogar,522829.74,447153.0,21,5,5,0.22896,0.14474452046281833
2024-07-08,Valle,Tienda,Alimentos,6888978.72,5795100.0,411,32,32,0.08958125,0.1587867758720555
2024-07-08,Valle,Tienda,Bebidas,2165281.57,1650600.0,262,24,24,0.10030416666666665,0.2376972940290624
2024-07-08,Valle,Tienda,Cuidado personal,6322949.67,4204800.0,288,26,26,0.11170384615384615,0.334993915901279
2024-07-08,Valle,Tienda,Hogar,5218613.84,3621800.0,182,15,15,0.09009333333333333,0.3059842879656334
2024-07-15,Antioquia,E-commerce,Alimentos,2333031.65,2003892.0,136,15,15,0.09377333333333333,0.14107809038938668
2024-07-15,Antioquia,E-commerce,Bebidas,757234.18,592515.0,90,11,11,0.09220909090909091,0.2175273968747687
2024-07-15,Antioquia,E-commerce,Cuidado personal,1123134.92,793364.0,52,9,9,0.14087777777777777,0.2936164784191733
2024-07-15,Antioquia,E-commerce,Hogar,2290825.57,1726026.5,83,11,11,0.1453909090909091,0.24654826513046119
2024-07-15,Antioquia,Marketplace,Alimentos,838204.14,799611.0,53,7,7,0.1987142857142857,0.046042650183044924
2024-07-15,Antioquia,Marketplace,Bebidas,163308.69,155043.0,23,5,5,0.23687999999999998,0.05061390180767479
2024-07-15,Antioquia,Marketplace,Cuidado personal,955277.17,718612.0,46,7,7,0.19921428571428573,0.24774502880666563
2024-07-15,Antioquia,Marketplace,Hogar,1022082.65,787841.0,37,6,6,0.15598333333333333,0.229180732106156
2024-07-15,Antioquia,Tienda,Alimentos,9056874.879999999,7585800.0,538,38,38,0.07961052631578946,0.16242632248884498
2024-07-15,Antioquia,Tienda,Bebidas,1720075.02,1285200.0,204,22,22,0.08410454545454546,0.25282328674245846
2024-07-15,Antioquia,Tienda,Cuidado personal,3855130.81,2496600.0,171,26,26,0.11068846153846154,0.3523955157308916
2024-07-15,Antioquia,Tienda,Hogar,10079151.61,6885400.0,346,42,42,0.08810952380952382,0.3168671068338062
2024-07-15,Bogotá,E-commerce,Alimentos,4020066.85,3462607.5,235,29,29,0.09983793103448277,0.1386691741208234
2024-07-15,Bogotá,E-commerce,Bebidas,1578463.5,1224531.0,186,17,17,0.08296470588235294,0.2242259640466821
2024-07-15,Bogotá,E-commerce,Cuidado personal,3107544.27,2242779.0,147,17,17,0.16995882352941177,0.2782793083105458
2024-07-15,Bogotá,E-commerce,Hogar,3181886.91,2412278.0,116,19,19,0.1678105263157895,0.24187186149868542
2024-07-15,Bogotá,Marketplace,Alimentos,671736.05,618567.0,41,7,7,0.15534285714285717,0.07915169954031802
2024-07-15,Bogotá,Marketplace,Bebidas,475862.16,404460.0,60,11,11,0.13569090909090908,0.15004798868647168
2024-07-15,Bogotá,Marketplace,Cuidado personal,824719.36,640502.0,41,9,9,0.22757777777777777,0.22336975331826817
2024-07-15,Bogotá,Marketplace,Hogar,3310366.5,2576453.0,121,16,16,0.17165,0.221701585005769
2024-07-15,Bogotá,Tienda,Alimentos,13906588.26,11632500.0,825,62,62,0.08596129032258065,0.16352596463512467
2024-07-15,Bogotá,Tienda,Bebidas,3549636.84,2696400.0,428,39,39,0.08542564102564103,0.2403729954526841
2024-07-15,Bogotá,Tienda,Cuidado personal,5049261.84,3226600.0,221,28,28,0.09175,0.3609759005882729
2024-07-15,Bogotá,Tienda,Hogar,10905380.93,7681400.0,386,42,42,0.1186595238095238,0.2956321242416243
2024-07-15,Caribe,E-commerce,Alimentos,1421484.94,1237698.0,84,14,14,0.10582857142857142,0.12929221747505812
2024-07-15,Caribe,E-commerce,Bebidas,375605.97,302841.0,46,8,8,0.1417125,0.1937268728715893
2024-07-15,Caribe,E-commerce,Cuidado personal,1272025.15,884906.0,58,9,9,0.1725888888888889,0.3043329371278547
2024-07-15,Caribe,E-commerce,Hogar,2275684.14,1705231.0,82,10,10,0.12909,0.2506732502868347
2024-07-15,Caribe,Marketplace,Alimentos,576651.75,512958.0,34,5,5,0.08843999999999999,0.11045444672629538
2024-07-15,Caribe,Marketplace,Bebidas,283880.02999999997,229194.0,34,4,4,0.1013,0.19263781957469842
2024-07-15,Caribe,Marketplace,Cuidado personal,178266.02000000002,140598.0,9,2,2,0.21700000000000003,0.21130229978769938
2024-07-15,Caribe,Marketplace,Hogar,550302.59,425860.0,20,3,3,0.1432,0.2261348433777133
2024-07-15,Caribe,Tienda,Alimentos,3951797.97,3285300.0,233,25,25,0.082188,0.16865689366200068
2024-07-15,Caribe,Tienda,Bebidas,1708676.63,1291500.0,205,13,13,0.09413076923076923,0.24415189081154573
2024-07-15,Caribe,Tienda,Cuidado personal,3746811.43,2467400.0,169,23,23,0.12119130434782609,0.34146672548183193
2024-07-15,Caribe,Tienda,Hogar,5266230.28,3582000.0,180,19,19,0.06404210526315789,0.3198170589684126
2024-07-15,Eje Cafetero,E-commerce,Alimentos,745424.43,663052.5,45,6,6,0.12608333333333333,0.11050339469019019
2024-07-15,Eje Cafetero,E-commerce,Bebidas,589374.58,474012.0,72,8,8,0.1421125,0.19573728476718485
2024-07-15,Eje Cafetero,E-commerce,Cuidado personal,607449.43,472967.0,31,8,8,0.206575,0.22138868415762616
2024-07-15,Eje Cafetero,E-commerce,Hogar,923761.68,727842.5,35,6,6,0.17736666666666667,0.2120884468816676
2024-07-15,Eje Cafetero,Marketplace,Bebidas,229707.84,208971.0,31,5,5,0.23643999999999998,0.09027484651808139
2024-07-15,Eje Cafetero,Marketplace,Cuidado personal,641480.0,484282.0,31,4,4,0.17815,0.24505518488495354
2024-07-15,Eje Cafetero,Marketplace,Hogar,1331106.6,1149822.0,54,6,6,0.22696666666666665,0.13619089560520553
2024-07-15,Eje Cafetero,Tienda,Alimentos,3185622.1,2679000.0,190,13,13,0.08905384615384615,0.1590339607450614
2024-07-15,Eje Cafetero,Tienda,Bebidas,776192.5700000001,579600.0,92,6,6,0.07146666666666666,0.25327808793634815
2024-07-15,Eje Cafetero,Tienda,Cuidado personal,3482231.83,2394400.0,164,11,11,0.15713636363636363,0.31239500501607903
2024-07-15,Eje Cafetero,Tienda,Hogar,3365201.6,2248700.0,113,12,12,0.054858333333333335,0.3317785181131496
2024-07-15,Valle,E-commerce,Alimentos,1491940.7,1326105.0,90,11,11,0.11532727272727272,0.11115435083981552
2024-07-15,Valle,E-commerce,Bebidas,986442.37,803187.0,122,8,8,0.11465,0.18577402550135796
2024-07-15,Valle,E-commerce,Cuidado personal,2063440.8,1525700.0,100,20,20,0.19619,0.26060393881908317
2024-07-15,Valle,E-commerce,Hogar,4048632.85,2952961.0,142,19,19,0.1074736842105263,0.270627614455087
2024-07-15,Valle,Marketplace,Alimentos,449569.18,407349.0,27,3,3,0.15673333333333334,0.09391253199340754
2024-07-15,Valle,Marketplace,Bebidas,192054.31,155043.0,23,5,5,0.09168000000000001,0.19271272797783084
2024-07-15,Valle,Marketplace,Cuidado personal,348634.08,296818.0,19,5,5,0.26226000000000005,0.1486259748329825
2024-07-15,Valle,Marketplace,Hogar,1214845.02,979478.0,46,8,8,0.1943125,0.1937424248567937
2024-07-15,Valle,Tienda,Alimentos,7854252.36,6641100.0,471,31,31,0.08644516129032259,0.15445803169991348
2024-07-15,Valle,Tienda,Bebidas,2909953.86,2192400.0,348,29,29,0.07651724137931035,0.2465859922603721
2024-07-15,Valle,Tienda,Cuidado personal,3571382.04,2263000.0,155,20,20,0.07991499999999999,0.36635174432360645
2024-07-15,Valle,Tienda,Hogar,4965695.82,3402900.0,171,21,21,0.09812380952380953,0.3147183952963112
2024-07-22,Antioquia,E-commerce,Alimentos,1337597.01,1178760.0,80,11,11,0.12138181818181817,0.11874803009614981
2024-07-22,Antioquia,E-commerce,Bebidas,213682.15,171171.0,26,3,3,0.1211,0.1989457238239132
2024-07-22,Antioquia,E-commerce,Cuidado personal,2154785.44,1617242.0,106,16,16,0.18579375,0.24946494904847694
2024-07-22,Antioquia,E-commerce,Hogar,2001046.31,1538867.0,74,11,11,0.16664545454545454,0.23096882250566206
2024-07-22,Antioquia,Marketplace,Alimentos,875378.1,844872.0,56,8,8,0.1668625,0.034849055510984314
2024-07-22,Antioquia,Marketplace,Bebidas,452083.57,384237.0,57,8,8,0.169475,0.1500752836472248
2024-07-22,Antioquia,Marketplace,Cuidado personal,2491585.47,1827774.0,117,17,17,0.16561764705882354,0.2664213120491508
2024-07-22,Antioquia,Marketplace,Hogar,1648220.6099999999,1362752.0,64,11,11,0.20485454545454546,0.17319805872346172
2024-07-22,Antioquia,Tienda,Alimentos,7430296.99,6189900.0,439,40,40,0.07760249999999999,0.16693774039844944
2024-07-22,Antioquia,Tienda,Bebidas,1262139.58,913500.0,145,16,16,0.05348125,0.27622902056522153
2024-07-22,Antioquia,Tienda,Cuidado personal,3652323.73,2306800.0,158,24,24,0.0757375,0.3684020994491636
2024-07-22,Antioquia,Tienda,Hogar,8923292.86,6208800.0,312,34,34,0.09674117647058823,0.30420304506289614
2024-07-22,Bogotá,E-commerce,Alimentos,4562826.83,3963580.5,269,32,32,0.09793125,0.13133225351881261
2024-07-22,Bogotá,E-commerce,Bebidas,625320.0,500346.0,76,12,12,0.12465,0.19985607369027059
2024-07-22,Bogotá,E-commerce,Cuidado personal,3118745.46,2166494.0,142,24,24,0.13207916666666666,0.30533157393357774
2024-07-22,Bogotá,E-commerce,Hogar,3518426.4,2682619.5,129,24,24,0.1807,0.2375513382914589
2024-07-22,Bogotá,Marketplace,Alimentos,756571.3200000001,709089.0,47,6,6,0.14366666666666666,0.06275987305466464
2024-07-22,Bogotá,Marketplace,Bebidas,327754.68,310086.0,46,7,7,0.20175714285714288,0.05390824625295966
2024-07-22,Bogotá,Marketplace,Cuidado personal,1446025.67,1077918.0,69,14,14,0.17285714285714285,0.2545651004936862
2024-07-22,Bogotá,Marketplace,Hogar,2765519.49,2193179.0,103,14,14,0.17010714285714285,0.20695586925695475
2024-07-22,Bogotá,Tienda,Alimentos,15932710.31,13437300.0,953,68,68,0.0898735294117647,0.1566218340412417
2024-07-22,Bogotá,Tienda,Bebidas,3120944.12,2349900.0,373,31,31,0.0900741935483871,0.2470547662352891
2024-07-22,Bogotá,Tienda,Cuidado personal,6982689.68,4526000.0,310,34,34,0.10345,0.3518256993485639
2024-07-22,Bogotá,Tienda,Hogar,12855717.73,8994800.0,452,55,55,0.11475818181818181,0.3003268904224767
2024-07-22,Caribe,E-commerce,Alimentos,1117435.8399999999,957742.5,65,8,8,0.0960625,0.14291052271958618
2024-07-22,Caribe,E-commerce,Bebidas,257307.76,237006.0,36,7,7,0.23677142857142858,0.07890069075258363
2024-07-22,Caribe,E-commerce,Cuidado personal,806908.34,640794.0,42,6,6,0.20853333333333335,0.20586519157801736
2024-07-22,Caribe,E-commerce,Hogar,3812272.9,2890574.5,139,13,13,0.13633846153846155,0.24177135902311714
2024-07-22,Caribe,Marketplace,Alimentos,1241812.1,1176786.0,78,10,10,0.14826999999999999,0.05236388017156548
2024-07-22,Caribe,Marketplace,Cuidado personal,718144.63,531148.0,34,5,5,0.16732,0.26038853761254194
2024-07-22,Caribe,Marketplace,Hogar,609766.0700000001,511032.0,24,4,4,0.242,0.1619212266107231
2024-07-22,Caribe,Tienda,Alimentos,3533630.5500000003,2961000.0,210,19,19,0.07667368421052632,0.16205161855418085
2024-07-22,Caribe,Tienda,Bebidas,1084355.46,812700.0,129,11,11,0.07803636363636364,0.2505225177729081
2024-07-22,Caribe,Tienda,Cuidado personal,2488753.57,1635200.0,112,14,14,0.11759285714285715,0.34296427749574254
2024-07-22,Caribe,Tienda,Hogar,5108832.34,3482500.0,175,18,18,0.07531666666666666,0.3183373874430179
2024-07-22,Eje Cafetero,E-commerce,Alimentos,631909.96,545176.5,37,5,5,0.0907,0.1372560419842092
2024-07-22,Eje Cafetero,E-commerce,Bebidas,244223.43,184338.0,28,3,3,0.05153333333333333,0.24520755441032008
2024-07-22,Eje Cafetero,E-commerce,Cuidado personal,749950.68,503481.0,33,6,6,0.07891666666666666,0.32864785188273987
2024-07-22,Eje Cafetero,E-commerce,Hogar,2403204.04,1809208.5,87,12,12,0.15315,0.24716816804286
2024-07-22,Eje Cafetero,Marketplace,Alimentos,289072.92,271566.0,18,3,3,0.1606,0.06056229687651125
2024-07-22,Eje Cafetero,Marketplace,Bebidas,223579.51,182007.0,27,3,3,0.12276666666666668,0.1859406078848639
2024-07-22,Eje Cafetero,Marketplace,Cuidado personal,366344.76,265574.0,17,2,2,0.17404999999999998,0.2750708376448458
2024-07-22,Eje Cafetero,Marketplace,Hogar,791744.44,596204.0,28,4,4,0.117725,0.24697418778210803
2024-07-22,Eje Cafetero,Tienda,Alimentos,2400555.6,1974000.0,140,15,15,0.06884666666666667,0.17769036468057647
2024-07-22,Eje Cafetero,Tienda,Bebidas,2083830.17,1593900.0,253,15,15,0.08796000000000001,0.23511041209274744
2024-07-22,Eje Cafetero,Tienda,Cuidado personal,2032371.18,1328600.0,91,9,9,0.10651111111111111,0.3462808304534214
2024-07-22,Eje Cafetero,Tienda,Hogar,2791894.52,1870600.0,94,9,9,0.05771111111111111,0.32998901405487197
2024-07-22,Valle,E-commerce,Alimentos,1504690.0,1311370.5,89,12,12,0.09230833333333333,0.12847795891512537
2024-07-22,Valle,E-commerce,Bebidas,746015.54,632016.0,96,16,16,0.14548125,0.15281121355729405
2024-07-22,Valle,E-commerce,Cuidado personal,1835748.37,1357873.0,89,13,13,0.1966153846153846,0.260316379853302
2024-07-22,Valle,E-commerce,Hogar,1902159.58,1393298.5,67,10,10,0.11848,0.2675175549677068
2024-07-22,Valle,Marketplace,Alimentos,561549.07,512958.0,34,5,5,0.12722,0.08653040775225565
2024-07-22,Valle,Marketplace,Bebidas,244876.94,222453.0,33,6,6,0.19273333333333334,0.09157228116293842
2024-07-22,Valle,Marketplace,Cuidado personal,498972.3,421794.0,27,6,6,0.26028333333333337,0.15467451800430604
2024-07-22,Valle,Marketplace,Hogar,849125.05,702669.0,33,7,7,0.23828571428571427,0.17247877683033852
2024-07-22,Valle,Tienda,Alimentos,7696929.63,6528300.0,463,30,30,0.08608333333333333,0.15183062418098267
2024-07-22,Valle,Tienda,Bebidas,2178918.02,1663200.0,264,20,20,0.09557,0.23668537102648773
2024-07-22,Valle,Tienda,Cuidado personal,6099432.58,3927400.0,269,25,25,0.08070000000000001,0.3561040394350912
2024-07-22,Valle,Tienda,Hogar,7218673.73,4994900.0,251,30,30,0.10277,0.3080584901293219
2024-07-29,Antioquia,E-commerce,Alimentos,2223926.0100000002,1915485.0,130,20,20,0.08977500000000001,0.13869211862853306
2024-07-29,Antioquia,E-commerce,Bebidas,684328.59,526680.0,80,10,10,0.07616,0.23036972633278405
2024-07-29,Antioquia,E-commerce,Cuidado personal,2492674.41,1724041.0,113,14,14,0.1476357142857143,0.3083569225553209
2024-07-29,Antioquia,E-commerce,Hogar,4004913.09,2932165.5,141,18,18,0.11847222222222221,0.2678578950136468
2024-07-29,Antioquia,Marketplace,Alimentos,694804.38,678915.0,45,6,6,0.19355,0.022868854108259947
2024-07-29,Antioquia,Marketplace,Bebidas,286809.04000000004,249417.0,37,5,5,0.20464000000000002,0.13037259913425334
2024-07-29,Antioquia,Marketplace,Cuidado personal,1127190.9,874832.0,56,10,10,0.20918,0.22388301750839182
2024-07-29,Antioquia,Marketplace,Hogar,726542.25,574911.0,27,4,4,0.19565,0.20870259093672805
2024-07-29,Antioquia,Tienda,Alimentos,4626642.42,3807000.0,270,33,33,0.09658787878787879,0.1771570710666678
2024-07-29,Antioquia,Tienda,Bebidas,2181621.75,1631700.0,259,28,28,0.09432499999999999,0.25207016294185736
2024-07-29,Antioquia,Tienda,Cuidado personal,4744505.17,3124400.0,214,26,26,0.11593846153846155,0.3414697870378756
2024-07-29,Antioquia,Tienda,Hogar,8704685.77,6149100.0,309,22,22,0.11294999999999998,0.2935873663363726
2024-07-29,Bogotá,E-commerce,Alimentos,3154568.81,2799555.0,190,27,27,0.12653333333333333,0.11253956765013474
2024-07-29,Bogotá,E-commerce,Bebidas,1141722.93,869022.0,132,18,18,0.07651666666666666,0.2388503575031115
2024-07-29,Bogotá,E-commerce,Cuidado personal,3080212.68,2151237.0,141,21,21,0.13897142857142858,0.3015946548210431
2024-07-29,Bogotá,E-commerce,Hogar,2966605.84,2245914.0,108,17,17,0.16460588235294116,0.24293481469044767
2024-07-29,Bogotá,Marketplace,Alimentos,1913186.96,1855701.0,123,18,18,0.17557777777777778,0.030047225494365677
2024-07-29,Bogotá,Marketplace,Bebidas,1153187.4200000002,1004409.0,149,8,8,0.149575,0.12901495231364918
2024-07-29,Bogotá,Marketplace,Cuidado personal,1638360.77,1296626.0,83,17,17,0.21817058823529412,0.20858334516884217
2024-07-29,Bogotá,Marketplace,Hogar,1168062.91,915599.0,43,8,8,0.16815,0.2161389663507079
2024-07-29,Bogotá,Tienda,Alimentos,12207909.6,10208400.0,724,61,61,0.0770327868852459,0.16378804115653017
2024-07-29,Bogotá,Tienda,Bebidas,4394887.71,3370500.0,535,45,45,0.10285555555555555,0.23308620779300865
2024-07-29,Bogotá,Tienda,Cuidado personal,11417066.31,7446000.0,510,47,47,0.09029999999999999,0.347818450219722
2024-07-29,Bogotá,Tienda,Hogar,9808235.88,6706300.0,337,44,44,0.09529545454545453,0.31625828721403065
2024-07-29,Caribe,E-commerce,Alimentos,1278968.71,1193494.5,81,14,14,0.16747857142857142,0.06683057164080267
2024-07-29,Caribe,E-commerce,Bebidas,877062.79,704434.5,107,8,8,0.11524999999999999,0.1968254633171703
2024-07-29,Caribe,E-commerce,Cuidado personal,1850039.82,1357873.0,89,12,12,0.18268333333333334,0.26603039279446433
2024-07-29,Caribe,E-commerce,Hogar,3534597.17,2578642.0,124,14,14,0.11665,0.27045661047705755
2024-07-29,Caribe,Marketplace,Alimentos,307682.20999999996,286653.0,19,3,3,0.14496666666666666,0.06834717548343132
2024-07-29,Caribe,Marketplace,Bebidas,225498.4,188748.0,28,5,5,0.15196,0.16297410535950585
2024-07-29,Caribe,Marketplace,Cuidado personal,733395.79,562392.0,36,7,7,0.20937142857142857,0.2331671279432897
2024-07-29,Caribe,Marketplace,Hogar,1292655.33,958185.0,45,6,6,0.11503333333333333,0.2587467225312103
2024-07-29,Caribe,Tienda,Alimentos,4929385.16,4117200.0,292,27,27,0.08611111111111112,0.1647639885376699
2024-07-29,Caribe,Tienda,Bebidas,1505447.08,1159200.0,184,14,14,0.10129285714285714,0.2299961815994223
2024-07-29,Caribe,Tienda,Cuidado personal,2649892.32,1679000.0,115,14,14,0.07261428571428571,0.3663893482283083
2024-07-29,Caribe,Tienda,Hogar,5142587.0,3562100.0,179,21,21,0.1015095238095238,0.3073330601893561
2024-07-29,Eje Cafetero,E-commerce,Alimentos,573455.26,486238.5,33,6,6,0.07786666666666667,0.1520899119488415
2024-07-29,Eje Cafetero,E-commerce,Bebidas,316517.46,256756.5,39,6,6,0.132,0.18880778330522435
2024-07-29,Eje Cafetero,E-commerce,Cuidado personal,1073888.74,701822.0,46,6,6,0.0851,0.34646674850133913
2024-07-29,Eje Cafetero,E-commerce,Hogar,2230950.88,1726026.5,83,12,12,0.16218333333333335,0.2263269821521126
2024-07-29,Eje Cafetero,Marketplace,Alimentos,84620.57,105609.0,7,2,2,0.3503,-0.24802988209604346
2024-07-29,Eje Cafetero,Marketplace,Bebidas,186994.75,168525.0,25,4,4,0.24080000000000001,0.09877148957390515
2024-07-29,Eje Cafetero,Marketplace,Cuidado personal,776486.8200000001,578014.0,37,5,5,0.17665999999999998,0.2556035915715866
2024-07-29,Eje Cafetero,Marketplace,Hogar,304942.13,255516.0,12,3,3,0.19326666666666667,0.16208363862349884
2024-07-29,Eje Cafetero,Tienda,Alimentos,4002101.48,3341700.0,237,19,19,0.07982631578947368,0.16501367676463816
2024-07-29,Eje Cafetero,Tienda,Bebidas,1387650.15,1052100.0,167,13,13,0.07983076923076923,0.24181177799029527
2024-07-29,Eje Cafetero,Tienda,Cuidado personal,3168478.13,2102400.0,144,17,17,0.12177058823529412,0.336463780483787
2024-07-29,Eje Cafetero,Tienda,Hogar,2699174.33,1810900.0,91,10,10,0.05536,0.32909112987896566
2024-07-29,Valle,E-commerce,Alimentos,3030733.39,2622741.0,178,16,16,0.08706875,0.1346183703740434
2024-07-29,Valle,E-commerce,Bebidas,391462.64999999997,342342.0,52,8,8,0.17585,0.12547978715210753
2024-07-29,Valle,E-commerce,Cuidado personal,1781269.05,1266331.0,83,13,13,0.16242307692307692,0.2890849363828558
2024-07-29,Valle,E-commerce,Hogar,1698246.79,1310116.5,63,9,9,0.17984444444444445,0.22854763647161083
2024-07-29,Valle,Marketplace,Alimentos,968275.69,935394.0,62,11,11,0.1671090909090909,0.033959016362375
2024-07-29,Valle,Marketplace,Bebidas,228648.69,195489.0,29,4,4,0.1349,0.14502462270831293
2024-07-29,Valle,Marketplace,Cuidado personal,834257.4099999999,609258.0,39,6,6,0.15133333333333335,0.2697002235796742
2024-07-29,Valle,Marketplace,Hogar,1840377.56,1426631.0,67,10,10,0.16522,0.22481612957723743
2024-07-29,Valle,Tienda,Alimentos,9793435.1,8234400.0,584,42,42,0.08034047619047618,0.159191854960064
2024-07-29,Valle,Tienda,Bebidas,802959.52,592200.0,94,14,14,0.09775714285714286,0.2624783874534547
2024-07-29,Valle,Tienda,Cuidado personal,5615656.26,3679200.0,252,20,20,0.093835,0.3448316938116864
2024-07-29,Valle,Tienda,Hogar,4470562.45,3044700.0,153,19,19,0.0805,0.31894475604518174
2024-08-05,Antioquia,E-commerce,Alimentos,1718803.97,1502919.0,102,15,15,0.13268,0.12560185673762433
2024-08-05,Antioquia,E-commerce,Bebidas,681962.7,520096.5,79,10,10,0.09911,0.2373534505626187
2024-08-05,Antioquia,E-commerce,Cuidado personal,2090290.96,1495186.0,98,14,14,0.18184285714285714,0.2846995807703249
2024-08-05,Antioquia,E-commerce,Hogar,2409197.69,1809208.5,87,12,12,0.13488333333333333,0.24904107806943812
2024-08-05,Antioquia,Marketplace,Alimentos,455258.16,422436.0,28,3,3,0.16146666666666668,0.07209570938827319
2024-08-05,Antioquia,Marketplace,Bebidas,552490.07,465129.0,69,3,3,0.12213333333333333,0.1581224256211518
2024-08-05,Antioquia,Marketplace,Cuidado personal,415709.88,328062.0,21,3,3,0.2018,0.2108390592015759
2024-08-05,Antioquia,Marketplace,Hogar,923152.85,766548.0,36,8,8,0.226275,0.16964130046286482
2024-08-05,Antioquia,Tienda,Alimentos,7342552.83,6133500.0,435,38,38,0.08776842105263158,0.16466382442085883
2024-08-05,Antioquia,Tienda,Bebidas,2358070.41,1757700.0,279,19,19,0.07858421052631578,0.2546024102817185
2024-08-05,Antioquia,Tienda,Cuidado personal,3714385.59,2336000.0,160,19,19,0.06632105263157895,0.37109383412183655
2024-08-05,Antioquia,Tienda,Hogar,7773817.33,5353100.0,269,30,30,0.10897333333333334,0.3113936470642538
2024-08-05,Bogotá,E-commerce,Alimentos,3996198.2800000003,3580483.5,243,25,25,0.13250399999999998,0.10402756591947691
2024-08-05,Bogotá,E-commerce,Bebidas,1154285.32,908523.0,138,21,21,0.09984761904761905,0.212912973717798
2024-08-05,Bogotá,E-commerce,Cuidado personal,4168696.3,3051400.0,200,25,25,0.187116,0.2680205559709399
2024-08-05,Bogotá,E-commerce,Hogar,6465184.66,4928533.5,237,26,26,0.15407692307692308,0.23768093887669406
2024-08-05,Bogotá,Marketplace,Alimentos,1468663.93,1372917.0,91,8,8,0.1323625,0.06519321952708401
2024-08-05,Bogotá,Marketplace,Bebidas,302105.33,269640.0,40,7,7,0.19757142857142856,0.10746361211170956
2024-08-05,Bogotá,Marketplace,Cuidado personal,1870473.8900000001,1468468.0,94,15,15,0.20693999999999999,0.2149219468655615
2024-08-05,Bogotá,Marketplace,Hogar,1620691.3,1362752.0,64,11,11,0.21056363636363634,0.15915387464596129
2024-08-05,Bogotá,Tienda,Alimentos,10410161.36,8629200.0,612,56,56,0.07697857142857144,0.17107913109235412
2024-08-05,Bogotá,Tienda,Bebidas,2834136.88,2167200.0,344,29,29,0.09264137931034483,0.23532274841997042
2024-08-05,Bogotá,Tienda,Cuidado personal,9883767.32,6424000.0,440,44,44,0.10058636363636363,0.35004540353748437
2024-08-05,Bogotá,Tienda,Hogar,15196132.2,10427600.0,524,52,52,0.08542884615384616,0.31379907316152456
2024-08-05,Caribe,E-commerce,Alimentos,1413646.42,1267167.0,86,13,13,0.1322846153846154,0.10361814519361916
2024-08-05,Caribe,E-commerce,Bebidas,766697.6,618849.0,94,7,7,0.08727142857142857,0.19283821939706083
2024-08-05,Caribe,E-commerce,Cuidado personal,1120677.86,839135.0,55,9,9,0.1985888888888889,0.25122550382141046
2024-08-05,Caribe,E-commerce,Hogar,2859779.28,2141936.5,103,12,12,0.15185833333333335,0.25101335093245375
2024-08-05,Caribe,Marketplace,Alimentos,845644.52,799611.0,53,8,8,0.17149999999999999,0.05443601763067065
2024-08-05,Caribe,Marketplace,Bebidas,53475.89,53928.0,8,1,1,0.2734,-0.008454464245475869
2024-08-05,Caribe,Marketplace,Cuidado personal,620232.1,484282.0,31,5,5,0.17120000000000002,0.21919229914091834
2024-08-05,Caribe,Marketplace,Hogar,1278542.44,1022064.0,48,8,8,0.1894875,0.20060221074867093
2024-08-05,Caribe,Tienda,Alimentos,8164054.72,6838500.0,485,28,28,0.07381071428571429,0.1623647520089135
2024-08-05,Caribe,Tienda,Bebidas,1525120.48,1140300.0,181,20,20,0.09132,0.2523213641456051
2024-08-05,Caribe,Tienda,Cuidado personal,3802165.25,2540400.0,174,21,21,0.14835714285714285,0.3318543953343427
2024-08-05,Caribe,Tienda,Hogar,8162301.74,5691400.0,286,32,32,0.098971875,0.302721195406334
2024-08-05,Eje Cafetero,E-commerce,Alimentos,981540.36,913539.0,62,9,9,0.1481111111111111,0.06928024844541286
2024-08-05,Eje Cafetero,E-commerce,Bebidas,370961.44,283090.5,43,5,5,0.10203999999999999,0.23687351440084986
2024-08-05,Eje Cafetero,E-commerce,Cuidado personal,1088084.74,747593.0,49,7,7,0.11872857142857142,0.3129275942239572
2024-08-05,Eje Cafetero,E-commerce,Hogar,2283625.18,1684435.5,81,9,9,0.12498888888888889,0.26238530090126266
2024-08-05,Eje Cafetero,Marketplace,Alimentos,419008.32999999996,377175.0,25,3,3,0.12119999999999999,0.09983889819087836
2024-08-05,Eje Cafetero,Marketplace,Bebidas,177351.16999999998,148302.0,22,4,4,0.1273,0.16379463411490314
2024-08-05,Eje Cafetero,Marketplace,Cuidado personal,390028.64,296818.0,19,3,3,0.23703333333333332,0.2389840910144445
2024-08-05,Eje Cafetero,Marketplace,Hogar,1003780.46,809134.0,38,6,6,0.19976666666666665,0.19391337823013607
2024-08-05,Eje Cafetero,Tienda,Alimentos,2140376.58,1748400.0,124,15,15,0.06364666666666667,0.18313439964849554
2024-08-05,Eje Cafetero,Tienda,Bebidas,700975.3099999999,548100.0,87,10,10,0.1298,0.21808943598883668
2024-08-05,Eje Cafetero,Tienda,Cuidado personal,1444940.03,1022000.0,70,13,13,0.2060153846153846,0.2927042100148613
2024-08-05,Eje Cafetero,Tienda,Hogar,3837403.87,2626800.0,132,13,13,0.08273076923076922,0.31547470920750387
2024-08-05,Valle,E-commerce,Alimentos,1525501.81,1340839.5,91,15,15,0.12106,0.12105020707907259
2024-08-05,Valle,E-commerce,Bebidas,354357.7,283090.5,43,6,6,0.11405,0.2011165553902173
2024-08-05,Valle,E-commerce,Cuidado personal,2075203.16,1464672.0,96,15,15,0.13917333333333334,0.2942030793746478
2024-08-05,Valle,E-commerce,Hogar,2587906.94,1996368.0,96,13,13,0.18253076923076922,0.22857813426629628
2024-08-05,Valle,Marketplace,Alimentos,546409.95,497871.0,33,4,4,0.11415,0.08883247825190584
2024-08-05,Valle,Marketplace,Bebidas,373711.92,303345.0,45,6,6,0.11198333333333332,0.1882918800128184
2024-08-05,Valle,Marketplace,Cuidado personal,717331.94,578014.0,37,8,8,0.214525,0.19421683635054637
2024-08-05,Valle,Marketplace,Hogar,1488013.49,1213701.0,57,8,8,0.198975,0.18434812039237627
2024-08-05,Valle,Tienda,Alimentos,7536761.46,6330900.0,449,33,33,0.07868484848484848,0.15999729676995775
2024-08-05,Valle,Tienda,Bebidas,1850556.82,1373400.0,218,21,21,0.06967142857142858,0.25784499824220475
2024-08-05,Valle,Tienda,Cuidado personal,3214478.93,2087800.0,143,16,16,0.10055,0.3505012646015384
2024-08-05,Valle,Tienda,Hogar,9236322.469999999,6387900.0,321,31,31,0.09071612903225806,0.3083935710616218
2024-08-12,Antioquia,E-commerce,Alimentos,2934332.72,2504865.0,170,22,22,0.07316363636363636,0.146359585289292
2024-08-12,Antioquia,E-commerce,Bebidas,684086.4,526680.0,80,9,9,0.0682888888888889,0.23009725087357388
2024-08-12,Antioquia,E-commerce,Cuidado personal,1706359.53,1129018.0,74,10,10,0.08655,0.33834694262820453
2024-08-12,Antioquia,E-commerce,Hogar,4145560.49,3098529.5,149,20,20,0.142605,0.2525668103325638
2024-08-12,Antioquia,Marketplace,Alimentos,744752.83,694002.0,46,7,7,0.17511428571428572,0.06814452789659083
2024-08-12,Antioquia,Marketplace,Bebidas,202407.57,188748.0,28,4,4,0.2384,0.06748547003454469
2024-08-12,Antioquia,Marketplace,Cuidado personal,910254.65,656124.0,42,8,8,0.172175,0.27918632439834284
2024-08-12,Antioquia,Marketplace,Hogar,2379133.81,1895077.0,89,11,11,0.18745454545454548,0.20345926234388642
2024-08-12,Antioquia,Tienda,Alimentos,8997999.620000001,7529400.0,534,43,43,0.0745093023255814,0.1632140122273089
2024-08-12,Antioquia,Tienda,Bebidas,2910539.11,2179800.0,346,30,30,0.06676333333333333,0.2510665833313609
2024-08-12,Antioquia,Tienda,Cuidado personal,4955504.32,3168200.0,217,26,26,0.10354230769230768,0.3606705200087486
2024-08-12,Antioquia,Tienda,Hogar,8435754.68,5830700.0,293,28,28,0.09657142857142857,0.30881109975568893
2024-08-12,Bogotá,E-commerce,Alimentos,4640382.83,4081456.5,277,22,22,0.09066818181818183,0.12044832301045301
2024-08-12,Bogotá,E-commerce,Bebidas,816350.42,678100.5,103,14,14,0.16829285714285716,0.16935119602192406
2024-08-12,Bogotá,E-commerce,Cuidado personal,2259104.66,1663013.0,109,19,19,0.17163684210526314,0.26386190536210047
2024-08-12,Bogotá,E-commerce,Hogar,4595722.39,3576826.0,172,23,23,0.17761739130434784,0.221705382426287
2024-08-12,Bogotá,Marketplace,Alimentos,1270596.43,1161699.0,77,13,13,0.1392923076923077,0.08570575788568834
2024-08-12,Bogotá,Marketplace,Bebidas,907801.25,761733.0,113,18,18,0.14290555555555554,0.16090333649573627
2024-08-12,Bogotá,Marketplace,Cuidado personal,2539703.26,1859018.0,119,16,16,0.17465,0.2680176344696269
2024-08-12,Bogotá,Marketplace,Hogar,2419453.38,1852491.0,87,13,13,0.13768461538461538,0.23433490584555092
2024-08-12,Bogotá,Tienda,Alimentos,13403913.1,11223600.0,796,62,62,0.08180645161290323,0.16266243176404954
2024-08-12,Bogotá,Tienda,Bebidas,4029064.35,3005100.0,477,40,40,0.06812,0.2541444516764792
2024-08-12,Bogotá,Tienda,Cuidado personal,10501074.07,6745200.0,462,54,54,0.10143888888888888,0.35766570590431046
2024-08-12,Bogotá,Tienda,Hogar,13409281.9,9372900.0,471,50,50,0.10989800000000001,0.30101402372635633
2024-08-12,Caribe,E-commerce,Alimentos,962075.82,839866.5,57,8,8,0.0998125,0.12702670357103452
2024-08-12,Caribe,E-commerce,Bebidas,523629.31,408177.0,62,7,7,0.0885142857142857,0.22048481205148734
2024-08-12,Caribe,E-commerce,Cuidado personal,1484136.57,1052733.0,69,11,11,0.1388090909090909,0.2906764638243501
2024-08-12,Caribe,E-commerce,Hogar,1121778.27,790229.0,38,4,4,0.0608,0.29555686615323723
2024-08-12,Caribe,Marketplace,Alimentos,1338713.83,1252221.0,83,10,10,0.15865,0.06460890151556892
2024-08-12,Caribe,Marketplace,Bebidas,157396.42,134820.0,20,3,3,0.16433333333333336,0.14343668045308788
2024-08-12,Caribe,Marketplace,Cuidado personal,678247.74,515526.0,33,6,6,0.21801666666666666,0.23991490189115852
2024-08-12,Caribe,Marketplace,Hogar,750272.88,617497.0,29,4,4,0.21184999999999998,0.17697011785898487
2024-08-12,Caribe,Tienda,Alimentos,4663964.26,3807000.0,270,22,22,0.05959090909090909,0.18374160097015835
2024-08-12,Caribe,Tienda,Bebidas,2234896.27,1713600.0,272,15,15,0.09568,0.23325300462378956
2024-08-12,Caribe,Tienda,Cuidado personal,3052573.19,1941800.0,133,13,13,0.09053076923076923,0.36388093613571965
2024-08-12,Caribe,Tienda,Hogar,6660972.16,4656600.0,234,21,21,0.10201428571428572,0.30091285654014804
2024-08-12,Eje Cafetero,E-commerce,Alimentos,509802.42000000004,471504.0,32,4,4,0.149475,0.07512404511536065
2024-08-12,Eje Cafetero,E-commerce,Bebidas,304668.74,237006.0,36,4,4,0.11030000000000001,0.2220862566996535
2024-08-12,Eje Cafetero,E-commerce,Cuidado personal,1432541.41,1037476.0,68,10,10,0.1683,0.2757793996335505
2024-08-12,Eje Cafetero,E-commerce,Hogar,1630313.3599999999,1310116.5,63,9,9,0.19518888888888888,0.19640203402369216
2024-08-12,Eje Cafetero,Marketplace,Bebidas,230085.4,202230.0,30,5,5,0.19614,0.12106548264253184
2024-08-12,Eje Cafetero,Marketplace,Cuidado personal,304693.91000000003,234330.0,15,3,3,0.23143333333333335,0.23093310266686992
2024-08-12,Eje Cafetero,Marketplace,Hogar,697223.3,553618.0,26,5,5,0.18264,0.20596744256825616
2024-08-12,Eje Cafetero,Tienda,Alimentos,2328791.36,1931700.0,137,13,13,0.07086153846153846,0.17051392701834822
2024-08-12,Eje Cafetero,Tienda,Bebidas,1020506.21,756000.0,120,13,13,0.06657692307692308,0.25919118120800066
2024-08-12,Eje Cafetero,Tienda,Cuidado personal,2306203.99,1533000.0,105,13,13,0.14260769230769232,0.33527129141772066
2024-08-12,Eje Cafetero,Tienda,Hogar,1823149.15,1313400.0,66,9,9,0.11839999999999999,0.27959816123656145
2024-08-12,Valle,E-commerce,Alimentos,2367650.21,2033361.0,138,17,17,0.08745882352941177,0.1411902858741959
2024-08-12,Valle,E-commerce,Bebidas,348691.36,289674.0,44,7,7,0.1313,0.16925386393284877
2024-08-12,Valle,E-commerce,Cuidado personal,2336963.65,1663013.0,109,18,18,0.1613,0.28838730546793057
2024-08-12,Valle,E-commerce,Hogar,3320249.09,2516255.5,121,14,14,0.15605714285714287,0.24214857626841482
2024-08-12,Valle,Marketplace,Alimentos,640240.66,588393.0,39,5,5,0.1354,0.08098151716887214
2024-08-12,Valle,Marketplace,Bebidas,112173.76999999999,94374.0,14,3,3,0.15933333333333335,0.15868032250320188
2024-08-12,Valle,Marketplace,Cuidado personal,733359.84,609258.0,39,8,8,0.2609375,0.16922366515188503
2024-08-12,Valle,Marketplace,Hogar,1223833.72,979478.0,46,4,4,0.20575,0.1996641504533802
2024-08-12,Valle,Tienda,Alimentos,7642288.4,6401400.0,454,35,35,0.08596285714285715,0.1623713127601937
2024-08-12,Valle,Tienda,Bebidas,1289479.34,970200.0,154,18,18,0.08067777777777778,0.247603300104056
2024-08-12,Valle,Tienda,Cuidado personal,4036554.28,2671800.0,183,23,23,0.14250869565217392,0.338098830173541
2024-08-12,Valle,Tienda,Hogar,8968909.44,6208800.0,312,27,27,0.08483333333333334,0.30774192319194604
2024-08-19,Antioquia,E-commerce,Alimentos,2881275.99,2519599.5,171,24,24,0.11616666666666668,0.12552649980608077
2024-08-19,Antioquia,E-commerce,Bebidas,1636679.12,1336450.5,203,16,16,0.14774375,0.18343767958620996
2024-08-19,Antioquia,E-commerce,Cuidado personal,2058252.37,1449415.0,95,12,12,0.1574,0.29580307005792494
2024-08-19,Antioquia,E-commerce,Hogar,5126062.62,3763985.5,181,21,21,0.1256,0.26571605167008283
2024-08-19,Antioquia,Marketplace,Alimentos,471199.09,437523.0,29,6,6,0.17116666666666666,0.07146891985720945
2024-08-19,Antioquia,Marketplace,Bebidas,418498.94,350532.0,52,7,7,0.15009999999999998,0.16240648064723892
2024-08-19,Antioquia,Marketplace,Cuidado personal,1034838.15,812344.0,52,9,9,0.1965111111111111,0.2150038148477615
2024-08-19,Antioquia,Marketplace,Hogar,1160385.3,894306.0,42,7,7,0.1572,0.22930254287088955
2024-08-19,Antioquia,Tienda,Alimentos,6891717.64,5837400.0,414,31,31,0.09779677419354839,0.15298329024402685
2024-08-19,Antioquia,Tienda,Bebidas,2049116.3,1499400.0,238,24,24,0.05835416666666667,0.26826993665513277
2024-08-19,Antioquia,Tienda,Cuidado personal,2448422.68,1635200.0,112,18,18,0.13468333333333335,0.3321414585164683
2024-08-19,Antioquia,Tienda,Hogar,5945828.44,4159100.0,209,24,24,0.10270416666666667,0.3005011762498819
2024-08-19,Bogotá,E-commerce,Alimentos,2143414.53,1812343.5,123,15,15,0.07264,0.15445963688601094
2024-08-19,Bogotá,E-commerce,Bebidas,1752674.58,1402285.5,213,17,17,0.0818,0.19991679231178217
2024-08-19,Bogotá,E-commerce,Cuidado personal,4175699.26,3066657.0,201,31,31,0.19680322580645163,0.2655943809516588
2024-08-19,Bogotá,E-commerce,Hogar,4329371.140000001,3306484.5,159,21,21,0.165,0.2362667941653994
2024-08-19,Bogotá,Marketplace,Alimentos,2306894.74,2142354.0,142,18,18,0.13500555555555555,0.07132563837741475
2024-08-19,Bogotá,Marketplace,Bebidas,573261.53,471870.0,70,11,11,0.13105454545454545,0.1768678425011356
2024-08-19,Bogotá,Marketplace,Cuidado personal,585372.1499999999,437416.0,28,5,5,0.2072,0.2527557042131231
2024-08-19,Bogotá,Marketplace,Hogar,1545260.33,1213701.0,57,7,7,0.18895714285714285,0.21456535417562947
2024-08-19,Bogotá,Tienda,Alimentos,9570440.84,8008800.0,568,41,41,0.08506097560975609,0.16317334447887355
2024-08-19,Bogotá,Tienda,Bebidas,3810500.89,2872800.0,456,33,33,0.07904848484848485,0.24608336727091018
2024-08-19,Bogotá,Tienda,Cuidado personal,12171334.48,7957000.0,545,41,41,0.09486097560975609,0.34625081472578184
2024-08-19,Bogotá,Tienda,Hogar,12641966.26,8656500.0,435,44,44,0.09011136363636364,0.3152568341058047
2024-08-19,Caribe,E-commerce,Alimentos,1042564.06,943008.0,64,11,11,0.13516363636363637,0.09549155185725475
2024-08-19,Caribe,E-commerce,Bebidas,708920.46,566181.0,86,13,13,0.13368461538461537,0.2013476377871785
2024-08-19,Caribe,E-commerce,Cuidado personal,478993.36,381425.0,25,6,6,0.23515,0.20369459818816693
2024-08-19,Caribe,E-commerce,Hogar,1358795.97,1018979.5,49,7,7,0.1473,0.2500864570565366
2024-08-19,Caribe,Marketplace,Alimentos,685528.74,603480.0,40,4,4,0.078025,0.11968679825152187
2024-08-19,Caribe,Marketplace,Bebidas,96395.29000000001,101115.0,15,2,2,0.3074,-0.048962039535334054
2024-08-19,Caribe,Marketplace,Cuidado personal,985324.09,765478.0,49,10,10,0.20708000000000001,0.22312058766369955
2024-08-19,Caribe,Marketplace,Hogar,2116914.99,1703440.0,80,11,11,0.18376363636363635,0.19531960043421498
2024-08-19,Caribe,Tienda,Alimentos,3766660.6,3087900.0,219,22,22,0.06824090909090909,0.18020221944074283
2024-08-19,Caribe,Tienda,Bebidas,968526.29,718200.0,114,17,17,0.09071764705882353,0.2584610170984621
2024-08-19,Caribe,Tienda,Cuidado personal,4509347.16,3022200.0,207,26,26,0.13522307692307692,0.3297921200637833
2024-08-19,Caribe,Tienda,Hogar,7455825.38,5174000.0,260,23,23,0.0961608695652174,0.306045979311817
2024-08-19,Eje Cafetero,E-commerce,Alimentos,874665.94,766194.0,52,8,8,0.111475,0.1240152783358638
2024-08-19,Eje Cafetero,E-commerce,Bebidas,200974.91,158004.0,24,3,3,0.10823333333333333,0.21381231119844762
2024-08-19,Eje Cafetero,E-commerce,Cuidado personal,855698.1699999999,686565.0,45,7,7,0.21882857142857143,0.19765517320201811
2024-08-19,Eje Cafetero,E-commerce,Hogar,1101861.5499999998,831820.0,40,5,5,0.14684,0.24507756895591815
2024-08-19,Eje Cafetero,Marketplace,Alimentos,114392.95,120696.0,8,2,2,0.2087,-0.05509998649392295
2024-08-19,Eje Cafetero,Marketplace,Bebidas,194282.44,161784.0,24,3,3,0.10429999999999999,0.16727420141521798
2024-08-19,Eje Cafetero,Marketplace,Cuidado personal,358700.83,312440.0,20,4,4,0.2663,0.1289677249980158
2024-08-19,Eje Cafetero,Marketplace,Hogar,881716.38,702669.0,33,5,5,0.19358,0.2030668637459134
2024-08-19,Eje Cafetero,Tienda,Alimentos,4375678.99,3637800.0,258,26,26,0.08396923076923077,0.16863188357425649
2024-08-19,Eje Cafetero,Tienda,Bebidas,1640018.06,1241100.0,197,11,11,0.08171818181818181,0.24324004090540322
2024-08-19,Eje Cafetero,Tienda,Cuidado personal,2100033.52,1343200.0,92,13,13,0.09516153846153845,0.3603911617563133
2024-08-19,Eje Cafetero,Tienda,Hogar,3187299.8,2149200.0,108,13,13,0.07546153846153845,0.32569882506816583
2024-08-19,Valle,E-commerce,Alimentos,2512901.54,2195440.5,149,17,17,0.10404117647058823,0.12633246267181644
2024-08-19,Valle,E-commerce,Bebidas,443246.79000000004,342342.0,52,7,7,0.09548571428571428,0.22764922899949264
2024-08-19,Valle,E-commerce,Cuidado personal,2094750.1,1495186.0,98,14,14,0.14741428571428572,0.28622225629682513
2024-08-19,Valle,E-commerce,Hogar,1762856.1099999999,1330912.0,64,8,8,0.140725,0.24502516544019007
2024-08-19,Valle,Marketplace,Alimentos,1004131.0800000001,995742.0,66,7,7,0.16937142857142856,0.008354566616940165
2024-08-19,Valle,Marketplace,Bebidas,58350.62,60669.0,9,1,1,0.2953,-0.03973188288316384
2024-08-19,Valle,Marketplace,Cuidado personal,1040728.75,765478.0,49,8,8,0.16793750000000002,0.26447885676262906
2024-08-19,Valle,Marketplace,Hogar,619743.96,489739.0,23,4,4,0.16949999999999998,0.20977204844400577
2024-08-19,Valle,Tienda,Alimentos,9385153.46,7910100.0,561,39,39,0.08752307692307693,0.1571688162891266
2024-08-19,Valle,Tienda,Bebidas,2097081.21,1606500.0,255,18,18,0.09216111111111111,0.23393524659924828
2024-08-19,Valle,Tienda,Cuidado personal,4304294.23,2803200.0,192,21,21,0.09926666666666667,0.34874340595438347
2024-08-19,Valle,Tienda,Hogar,4204085.09,2925300.0,147,19,19,0.10241578947368421,0.30417678582238206
2024-08-26,Antioquia,E-commerce,Alimentos,1077254.19,943008.0,64,10,10,0.10550999999999999,0.12461886084657509
2024-08-26,Antioquia,E-commerce,Bebidas,289724.72,237006.0,36,5,5,0.10256000000000001,0.18196141495968993
2024-08-26,Antioquia,E-commerce,Cuidado personal,1744015.93,1251074.0,82,14,14,0.18299285714285715,0.282647607467668
2024-08-26,Antioquia,E-commerce,Hogar,4379212.51,3264893.5,157,18,18,0.1257611111111111,0.25445648217697475
2024-08-26,Antioquia,Marketplace,Alimentos,1187110.93,1056090.0,70,11,11,0.11010909090909092,0.11036957599236319
2024-08-26,Antioquia,Marketplace,Bebidas,66144.01999999999,60669.0,9,2,2,0.19205,0.08277422509245719
2024-08-26,Antioquia,Marketplace,Cuidado personal,935094.69,671746.0,43,7,7,0.17792857142857144,0.281627831722582
2024-08-26,Antioquia,Marketplace,Hogar,1459452.21,1213701.0,57,8,8,0.2099125,0.1683859247436406
2024-08-26,Antioquia,Tienda,Alimentos,6029087.35,4991400.0,354,41,41,0.09762439024390245,0.1721135040446876
2024-08-26,Antioquia,Tienda,Bebidas,2046287.78,1593900.0,253,15,15,0.09145333333333334,0.22107730125818376
2024-08-26,Antioquia,Tienda,Cuidado personal,3709194.48,2350600.0,161,22,22,0.07874090909090908,0.36627749969044493
2024-08-26,Antioquia,Tienda,Hogar,6938765.28,4815800.0,242,29,29,0.0950103448275862,0.3059572120300919
2024-08-26,Bogotá,E-commerce,Alimentos,3314341.12,2858493.0,194,24,24,0.09477083333333335,0.13753808177717086
2024-08-26,Bogotá,E-commerce,Bebidas,1272387.24,980941.5,149,18,18,0.0995388888888889,0.22905427753267943
2024-08-26,Bogotá,E-commerce,Cuidado personal,3318444.53,2364835.0,155,26,26,0.16598461538461537,0.2873664216409246
2024-08-26,Bogotá,E-commerce,Hogar,5239169.09,3909554.0,188,26,26,0.14386153846153846,0.25378358040358645
2024-08-26,Bogotá,Marketplace,Alimentos,1841465.56,1780266.0,118,21,21,0.1883,0.03323415942679919
2024-08-26,Bogotá,Marketplace,Bebidas,236980.36,195489.0,29,4,4,0.117075,0.17508353856834377
2024-08-26,Bogotá,Marketplace,Cuidado personal,1896506.06,1374736.0,88,14,14,0.15679285714285715,0.27512174677680706
2024-08-26,Bogotá,Marketplace,Hogar,3724149.9299999997,2831969.0,133,15,15,0.14606666666666665,0.23956632970466896
2024-08-26,Bogotá,Tienda,Alimentos,17306906.509999998,14607600.0,1036,72,72,0.08176388888888889,0.15596701284775116
2024-08-26,Bogotá,Tienda,Bebidas,3071677.79,2299500.0,365,34,34,0.08165,0.2513863246053552
2024-08-26,Bogotá,Tienda,Cuidado personal,7906000.46,5241400.0,359,32,32,0.1168125,0.3370352017409318
2024-08-26,Bogotá,Tienda,Hogar,13353340.13,9233600.0,464,47,47,0.09415744680851064,0.3085175761189871
2024-08-26,Caribe,E-commerce,Alimentos,1206729.33,1075618.5,73,11,11,0.11016363636363637,0.10864974169476768
2024-08-26,Caribe,E-commerce,Bebidas,445555.76,355509.0,54,6,6,0.13235,0.20209986736564692
2024-08-26,Caribe,E-commerce,Cuidado personal,1059020.96,747593.0,49,7,7,0.17412857142857144,0.29407157342759294
2024-08-26,Caribe,E-commerce,Hogar,1315448.43,1018979.5,49,8,8,0.1729375,0.22537480241623759
2024-08-26,Caribe,Marketplace,Alimentos,508051.47,467697.0,31,5,5,0.13766,0.07942988532244573
2024-08-26,Caribe,Marketplace,Bebidas,207700.38,188748.0,28,4,4,0.197325,0.09124865346900186
2024-08-26,Caribe,Marketplace,Cuidado personal,910270.02,687368.0,44,7,7,0.20951428571428574,0.2448746142380917
2024-08-26,Caribe,Marketplace,Hogar,757163.0,638790.0,30,6,6,0.21276666666666666,0.15633753894471863
2024-08-26,Caribe,Tienda,Alimentos,3292287.25,2693100.0,191,26,26,0.09706153846153846,0.18199725737783057
2024-08-26,Caribe,Tienda,Bebidas,1776561.0,1367100.0,217,17,17,0.10841176470588235,0.23047956135477476
2024-08-26,Caribe,Tienda,Cuidado personal,3269264.51,2190000.0,150,18,18,0.14585555555555554,0.3301245606462109
2024-08-26,Caribe,Tienda,Hogar,4139913.75,2945200.0,148,16,16,0.11706875,0.28858421265418877
2024-08-26,Eje Cafetero,E-commerce,Alimentos,1361766.82,1149291.0,78,9,9,0.08152222222222222,0.15602951759391528
2024-08-26,Eje Cafetero,E-commerce,Bebidas,651451.93,539847.0,82,3,3,0.16803333333333334,0.17131721445663695
2024-08-26,Eje Cafetero,E-commerce,Cuidado personal,1147301.86,823878.0,54,9,9,0.1564222222222222,0.28189953426903713
2024-08-26,Eje Cafetero,E-commerce,Hogar,1644404.58,1226934.5,59,9,9,0.15269999999999997,0.25387309490466153
2024-08-26,Eje Cafetero,Marketplace,Alimentos,508552.25,467697.0,31,5,5,0.18596,0.08033638628085904
2024-08-26,Eje Cafetero,Marketplace,Bebidas,245995.03,195489.0,29,4,4,0.0935,0.20531321303523897
2024-08-26,Eje Cafetero,Marketplace,Cuidado personal,318158.08999999997,265574.0,17,3,3,0.2668333333333333,0.1652766082421477
2024-08-26,Eje Cafetero,Marketplace,Hogar,426648.28,340688.0,16,3,3,0.17006666666666667,0.2014780886963848
2024-08-26,Eje Cafetero,Tienda,Alimentos,2672453.74,2199600.0,156,19,19,0.08638947368421053,0.17693617401961098
2024-08-26,Eje Cafetero,Tienda,Bebidas,877160.64,661500.0,105,10,10,0.09477,0.24586219463746117
2024-08-26,Eje Cafetero,Tienda,Cuidado personal,2342980.28,1576800.0,108,11,11,0.13193636363636363,0.3270109810740703
2024-08-26,Eje Cafetero,Tienda,Hogar,3227106.45,2308400.0,116,14,14,0.12645,0.2846842718807742
2024-08-26,Valle,E-commerce,Alimentos,2256887.3,1959688.5,133,18,18,0.10048333333333333,0.1316852640360021
2024-08-26,Valle,E-commerce,Bebidas,1069452.0,849271.5,129,15,15,0.12955333333333333,0.20588161039485642
2024-08-26,Valle,E-commerce,Cuidado personal,1674398.4,1266331.0,83,15,15,0.21041333333333334,0.24370986021009095
2024-08-26,Valle,E-commerce,Hogar,3345140.57,2599437.5,125,15,15,0.17647333333333334,0.22292129565126165
2024-08-26,Valle,Marketplace,Alimentos,463730.12,437523.0,29,5,5,0.15548,0.0565137325994697
2024-08-26,Valle,Marketplace,Bebidas,313985.08999999997,262899.0,39,2,2,0.1038,0.1627022799076223
2024-08-26,Valle,Marketplace,Cuidado personal,1669858.52,1327870.0,85,14,14,0.23171428571428573,0.20480089534770887
2024-08-26,Valle,Marketplace,Hogar,241290.28,170344.0,8,1,1,0.0425,0.29402875242218623
2024-08-26,Valle,Tienda,Alimentos,8924888.53,7529400.0,534,35,35,0.09188857142857143,0.1563592111329148
2024-08-26,Valle,Tienda,Bebidas,2583161.7,1959300.0,311,25,25,0.089336,0.24151089728529196
2024-08-26,Valle,Tienda,Cuidado personal,4448162.9799999995,2832400.0,194,22,22,0.08521818181818182,0.3632427560017146
2024-08-26,Valle,Tienda,Hogar,7561219.25,5213800.0,262,28,28,0.09092142857142857,0.31045512269730835
2024-09-02,Antioquia,E-commerce,Alimentos,3296771.63,2858493.0,194,23,23,0.09712608695652172,0.1329417621808399
2024-09-02,Antioquia,E-commerce,Bebidas,449775.48,348925.5,53,8,8,0.1010625,0.22422293896501425
2024-09-02,Antioquia,E-commerce,Cuidado personal,2191107.46,1601985.0,105,15,15,0.18604666666666667,0.2688697249015801
2024-09-02,Antioquia,E-commerce,Hogar,2991921.3,2245914.0,108,15,15,0.16125333333333333,0.24934054916484596
2024-09-02,Antioquia,Marketplace,Alimentos,552309.55,558219.0,37,6,6,0.2148,-0.010699525293379326
2024-09-02,Antioquia,Marketplace,Bebidas,272345.16,229194.0,34,6,6,0.14201666666666665,0.15844291119401563
2024-09-02,Antioquia,Marketplace,Cuidado personal,1034484.47,843588.0,54,9,9,0.2365222222222222,0.1845329490543246
2024-09-02,Antioquia,Marketplace,Hogar,1028659.61,936892.0,44,8,8,0.27365,0.08921086150160011
2024-09-02,Antioquia,Tienda,Alimentos,6362377.4,5245200.0,372,37,37,0.0787027027027027,0.17559118703018156
2024-09-02,Antioquia,Tienda,Bebidas,2498259.11,1915200.0,304,19,19,0.1028,0.23338616385551772
2024-09-02,Antioquia,Tienda,Cuidado personal,3692535.66,2438200.0,167,21,21,0.1183047619047619,0.339694934726778
2024-09-02,Antioquia,Tienda,Hogar,8602733.96,5810800.0,292,28,28,0.06887142857142857,0.3245403116011274
2024-09-02,Bogotá,E-commerce,Alimentos,3692538.4299999997,3226855.5,219,30,30,0.10456333333333334,0.1261145791243667
2024-09-02,Bogotá,E-commerce,Bebidas,1364608.5,1059943.5,161,20,20,0.088735,0.22326183663666171
2024-09-02,Bogotá,E-commerce,Cuidado personal,3874397.69,2700489.0,177,30,30,0.14162666666666668,0.3029912734642375
2024-09-02,Bogotá,E-commerce,Hogar,6849684.57,5074102.0,244,29,29,0.12177241379310345,0.2592210709638561
2024-09-02,Bogotá,Marketplace,Alimentos,2565693.1,2338485.0,155,19,19,0.13173157894736842,0.08855622677552513
2024-09-02,Bogotá,Marketplace,Bebidas,418119.61,337050.0,50,8,8,0.126,0.19389095383495644
2024-09-02,Bogotá,Marketplace,Cuidado personal,1867612.28,1484090.0,95,19,19,0.23108421052631578,0.20535433617945584
2024-09-02,Bogotá,Marketplace,Hogar,1719346.02,1490510.0,70,13,13,0.22780000000000003,0.13309480310426403
2024-09-02,Bogotá,Tienda,Alimentos,7499335.64,6077100.0,431,49,49,0.06394489795918368,0.1896482179586777
2024-09-02,Bogotá,Tienda,Bebidas,3706018.9,2841300.0,451,45,45,0.09811111111111111,0.23332824881168304
2024-09-02,Bogotá,Tienda,Cuidado personal,7878188.95,5110000.0,350,38,38,0.0879921052631579,0.3513737697291457
2024-09-02,Bogotá,Tienda,Hogar,12851184.51,8835600.0,444,50,50,0.086036,0.3124680457957256
2024-09-02,Caribe,E-commerce,Alimentos,1381249.33,1267167.0,86,11,11,0.15813636363636363,0.08259358214494125
2024-09-02,Caribe,E-commerce,Bebidas,632107.89,506929.5,77,11,11,0.12176363636363635,0.19803326612486993
2024-09-02,Caribe,E-commerce,Cuidado personal,996974.64,717079.0,47,7,7,0.16502857142857144,0.2807449946770963
2024-09-02,Caribe,E-commerce,Hogar,1694697.5899999999,1310116.5,63,10,10,0.17953999999999998,0.2269319861368304
2024-09-02,Caribe,Marketplace,Alimentos,407243.74,392262.0,26,4,4,0.181275,0.036788140684495214
2024-09-02,Caribe,Marketplace,Bebidas,171139.68,134820.0,20,2,2,0.0754,0.21222243725125578
2024-09-02,Caribe,Marketplace,Cuidado personal,339192.21,265574.0,17,4,4,0.177525,0.2170398017100688
2024-09-02,Caribe,Marketplace,Hogar,1134179.52,894306.0,42,5,5,0.17452,0.21149519610440506
2024-09-02,Caribe,Tienda,Alimentos,7850140.89,6683400.0,474,26,26,0.08774230769230769,0.14862674522011027
2024-09-02,Caribe,Tienda,Bebidas,1636594.19,1241100.0,197,16,16,0.07960625,0.24165684591609113
2024-09-02,Caribe,Tienda,Cuidado personal,2692081.91,1693600.0,116,13,13,0.07053076923076923,0.37089581349328266
2024-09-02,Caribe,Tienda,Hogar,5325787.16,3741200.0,188,23,23,0.10912608695652173,0.29753107144446983
2024-09-02,Eje Cafetero,E-commerce,Alimentos,851285.69,736725.0,50,10,10,0.0867,0.134573729296448
2024-09-02,Eje Cafetero,E-commerce,Bebidas,111918.2,85585.5,13,1,1,0.0642,0.23528523510921368
2024-09-02,Eje Cafetero,E-commerce,Cuidado personal,1763759.85,1235817.0,81,11,11,0.15587272727272727,0.2993280802939244
2024-09-02,Eje Cafetero,E-commerce,Hogar,1593675.18,1268525.5,61,9,9,0.17485555555555557,0.20402506362683012
2024-09-02,Eje Cafetero,Marketplace,Alimentos,671487.08,618567.0,41,6,6,0.14873333333333336,0.07881027286481813
2024-09-02,Eje Cafetero,Marketplace,Bebidas,138239.52,141561.0,21,3,3,0.28413333333333335,-0.024026993149281847
2024-09-02,Eje Cafetero,Marketplace,Cuidado personal,881588.78,687368.0,44,10,10,0.23257,0.22030768132053588
2024-09-02,Eje Cafetero,Tienda,Alimentos,1934578.33,1551000.0,110,12,12,0.05329999999999999,0.19827490262438743
2024-09-02,Eje Cafetero,Tienda,Bebidas,696575.9500000001,535500.0,85,11,11,0.10350000000000001,0.23123960854519893
2024-09-02,Eje Cafetero,Tienda,Cuidado personal,3958735.94,2555000.0,175,17,17,0.0881764705882353,0.3545919609884361
2024-09-02,Eje Cafetero,Tienda,Hogar,4671532.47,3243700.0,163,13,13,0.0912,0.30564541275681206
2024-09-02,Valle,E-commerce,Alimentos,1675792.35,1502919.0,102,15,15,0.13401333333333335,0.10315917124218886
2024-09-02,Valle,E-commerce,Bebidas,975595.21,809770.5,123,8,8,0.158525,0.16997286200287923
2024-09-02,Valle,E-commerce,Cuidado personal,1835678.85,1342616.0,88,14,14,0.17408571428571426,0.26859973355361155
2024-09-02,Valle,E-commerce,Hogar,2615233.62,1996368.0,96,15,15,0.17316666666666666,0.23663875199034803
2024-09-02,Valle,Marketplace,Alimentos,1016583.5700000001,935394.0,62,9,9,0.14376666666666668,0.0798651211724778
2024-09-02,Valle,Marketplace,Bebidas,261500.02000000002,222453.0,33,6,6,0.18558333333333332,0.14931937672509554
2024-09-02,Valle,Marketplace,Cuidado personal,1322839.88,1093540.0,70,11,11,0.23816363636363638,0.17333910435176775
2024-09-02,Valle,Marketplace,Hogar,703171.38,574911.0,27,5,5,0.19971999999999998,0.1824027308961295
2024-09-02,Valle,Tienda,Alimentos,5189362.61,4300500.0,305,32,32,0.077125,0.17128550783619267
2024-09-02,Valle,Tienda,Bebidas,2377536.58,1814400.0,288,22,22,0.09964545454545455,0.23685716751411667
2024-09-02,Valle,Tienda,Cuidado personal,5728300.11,3869000.0,265,23,23,0.13570434782608695,0.3245814769296367
2024-09-02,Valle,Tienda,Hogar,8263161.76,5572000.0,280,30,30,0.06585,0.3256818440886966
2024-09-09,Antioquia,E-commerce,Alimentos,1834739.59,1620795.0,110,15,15,0.10198,0.11660760533324518
2024-09-09,Antioquia,E-commerce,Bebidas,602917.97,500346.0,76,12,12,0.16091666666666668,0.17012591281696243
2024-09-09,Antioquia,E-commerce,Cuidado personal,711568.22,518738.0,34,9,9,0.1658,0.2709932998412998
2024-09-09,Antioquia,E-commerce,Hogar,2597613.73,1996368.0,96,14,14,0.16461428571428574,0.23146079151652774
2024-09-09,Antioquia,Marketplace,Alimentos,1701144.2,1538874.0,102,12,12,0.14079166666666668,0.09538885651198761
2024-09-09,Antioquia,Marketplace,Bebidas,78967.09,67410.0,10,2,2,0.19435,0.14635324664996516
2024-09-09,Antioquia,Marketplace,Cuidado personal,1558560.62,1171650.0,75,13,13,0.19249230769230768,0.2482486821718876
2024-09-09,Antioquia,Marketplace,Hogar,2413902.77,1916370.0,90,11,11,0.16534545454545455,0.20611135468393368
2024-09-09,Antioquia,Tienda,Alimentos,8121194.24,6697500.0,475,48,48,0.08423125,0.17530602001707574
2024-09-09,Antioquia,Tienda,Bebidas,2338062.33,1827000.0,290,22,22,0.11702272727272728,0.21858370644892092
2024-09-09,Antioquia,Tienda,Cuidado personal,6018612.21,3898200.0,267,32,32,0.10455,0.35230915965592674
2024-09-09,Antioquia,Tienda,Hogar,9358762.629999999,6328200.0,318,39,39,0.07204615384615384,0.3238208671181993
2024-09-09,Bogotá,E-commerce,Alimentos,2183872.16,1930219.5,131,19,19,0.1356736842105263,0.11614812654601546
2024-09-09,Bogotá,E-commerce,Bebidas,846479.67,658350.0,100,12,12,0.08593333333333332,0.2222494841488633
2024-09-09,Bogotá,E-commerce,Cuidado personal,3917047.77,2731003.0,179,26,26,0.14669615384615384,0.30279047886107346
2024-09-09,Bogotá,E-commerce,Hogar,4217077.94,3077734.0,148,18,18,0.10262222222222223,0.2701737924246191
2024-09-09,Bogotá,Marketplace,Alimentos,1602982.04,1463439.0,97,14,14,0.1359357142857143,0.08705215437098723
2024-09-09,Bogotá,Marketplace,Bebidas,1128457.05,957222.0,142,12,12,0.12735,0.15174263832194593
2024-09-09,Bogotá,Marketplace,Cuidado personal,1647139.14,1343492.0,86,13,13,0.23137692307692306,0.18434820266610866
2024-09-09,Bogotá,Marketplace,Hogar,3357963.31,2619039.0,123,15,15,0.14706666666666665,0.22005133522438636
2024-09-09,Bogotá,Tienda,Alimentos,12471669.19,10490400.0,744,56,56,0.08491071428571428,0.15886158940044814
2024-09-09,Bogotá,Tienda,Bebidas,4095446.91,3068100.0,487,46,46,0.07838695652173913,0.2508509895443865
2024-09-09,Bogotá,Tienda,Cuidado personal,5068192.49,3328800.0,228,28,28,0.11229642857142856,0.3431977955517629
2024-09-09,Bogotá,Tienda,Hogar,7542007.97,5293400.0,266,36,36,0.12409166666666666,0.2981444701390311
2024-09-09,Caribe,E-commerce,Alimentos,1534232.1099999999,1370308.5,93,14,14,0.13177142857142857,0.10684407459051283
2024-09-09,Caribe,E-commerce,Bebidas,572861.14,454261.5,69,8,8,0.1239875,0.20703034595783545
2024-09-09,Caribe,E-commerce,Cuidado personal,1460471.55,1098504.0,72,10,10,0.19499,0.247842931277915
2024-09-09,Caribe,E-commerce,Hogar,1719780.43,1310116.5,63,10,10,0.16848000000000002,0.23820711228816574
2024-09-09,Caribe,Marketplace,Alimentos,1132388.0899999999,1086264.0,72,10,10,0.1658,0.04073169826432902
2024-09-09,Caribe,Marketplace,Bebidas,76926.67,60669.0,9,2,2,0.07995,0.21133983831615225
2024-09-09,Caribe,Marketplace,Cuidado personal,808084.48,640502.0,41,6,6,0.22016666666666665,0.20738237665448048
2024-09-09,Caribe,Marketplace,Hogar,1111390.43,851720.0,40,4,4,0.15437499999999998,0.23364465177192498
2024-09-09,Caribe,Tienda,Alimentos,4107679.51,3440400.0,244,20,20,0.09629,0.16244682876926778
2024-09-09,Caribe,Tienda,Bebidas,2419209.6,1839600.0,292,18,18,0.09037222222222223,0.23958635084781413
2024-09-09,Caribe,Tienda,Cuidado personal,6699521.22,4394600.0,301,22,22,0.08801363636363636,0.3440426777243643
2024-09-09,Caribe,Tienda,Hogar,3767628.87,2626800.0,132,17,17,0.12167058823529411,0.302797570929538
2024-09-09,Eje Cafetero,E-commerce,Alimentos,1070086.55,913539.0,62,9,9,0.07692222222222223,0.14629428806482994
2024-09-09,Eje Cafetero,E-commerce,Bebidas,234010.88999999998,184338.0,28,4,4,0.0845,0.21226742909272295
2024-09-09,Eje Cafetero,E-commerce,Cuidado personal,788208.2300000001,503481.0,33,4,4,0.049975,0.36123351566628537
2024-09-09,Eje Cafetero,E-commerce,Hogar,1063085.0899999999,769433.5,37,6,6,0.12848333333333334,0.27622585695374574
2024-09-09,Eje Cafetero,Marketplace,Alimentos,285435.98,271566.0,18,2,2,0.1623,0.04859226226490431
2024-09-09,Eje Cafetero,Marketplace,Bebidas,210128.39,182007.0,27,5,5,0.16336,0.13382956010846517
2024-09-09,Eje Cafetero,Marketplace,Cuidado personal,619498.0800000001,453038.0,29,5,5,0.14626,0.2687015268877025
2024-09-09,Eje Cafetero,Marketplace,Hogar,519283.42000000004,425860.0,20,2,2,0.19885,0.17990834369408526
2024-09-09,Eje Cafetero,Tienda,Alimentos,3035323.18,2495700.0,177,18,18,0.08006111111111111,0.17778112840030436
2024-09-09,Eje Cafetero,Tienda,Bebidas,1057014.19,781200.0,124,11,11,0.0772,0.2609370740803394
2024-09-09,Eje Cafetero,Tienda,Cuidado personal,3720365.1100000003,2525800.0,173,11,11,0.13671818181818182,0.32108813911546447
2024-09-09,Eje Cafetero,Tienda,Hogar,3847276.18,2686500.0,135,18,18,0.12033333333333333,0.3017137646718152
2024-09-09,Valle,E-commerce,Alimentos,2516608.0300000003,2328051.0,158,17,17,0.15665882352941174,0.07492506888329377
2024-09-09,Valle,E-commerce,Bebidas,723711.16,579348.0,88,11,11,0.13074545454545453,0.19947621092370613
2024-09-09,Valle,E-commerce,Cuidado personal,2749332.88,1937639.0,127,13,13,0.14121538461538463,0.29523303122174127
2024-09-09,Valle,E-commerce,Hogar,3219835.09,2349891.5,113,15,15,0.1348,0.2701826539818224
2024-09-09,Valle,Marketplace,Alimentos,1044149.41,950481.0,63,9,9,0.12862222222222222,0.08970786087021783
2024-09-09,Valle,Marketplace,Bebidas,797095.5,707805.0,105,6,6,0.17286666666666664,0.11201982698434504
2024-09-09,Valle,Marketplace,Cuidado personal,1606780.84,1171650.0,75,9,9,0.16564444444444443,0.27080907935148146
2024-09-09,Valle,Marketplace,Hogar,1744734.21,1384045.0,65,12,12,0.16956666666666667,0.20673017582431652
2024-09-09,Valle,Tienda,Alimentos,6019000.66,5076000.0,360,33,33,0.1032,0.1566706357530122
2024-09-09,Valle,Tienda,Bebidas,1981430.14,1442700.0,229,28,28,0.07242499999999999,0.27188954539674054
2024-09-09,Valle,Tienda,Cuidado personal,4312451.52,2832400.0,194,18,18,0.09504444444444445,0.34320421067597295
2024-09-09,Valle,Tienda,Hogar,7131133.28,4975000.0,250,29,29,0.1060448275862069,0.3023549266772364
2024-09-16,Antioquia,E-commerce,Alimentos,2074252.96,1871281.5,127,19,19,0.14667368421052632,0.09785279997864868
2024-09-16,Antioquia,E-commerce,Bebidas,492040.41,388426.5,59,10,10,0.09698999999999999,0.21058008223348967
2024-09-16,Antioquia,E-commerce,Cuidado personal,1534830.18,1083247.0,71,12,12,0.16560833333333333,0.2942235472591502
2024-09-16,Antioquia,E-commerce,Hogar,3710745.62,2745006.0,132,16,16,0.13109375,0.2602548702866892
2024-09-16,Antioquia,Marketplace,Alimentos,1158715.89,1086264.0,72,11,11,0.12220909090909092,0.06252774353513
2024-09-16,Antioquia,Marketplace,Bebidas,645208.1,539280.0,80,8,8,0.15128750000000002,0.16417664316365524
2024-09-16,Antioquia,Marketplace,Cuidado personal,897393.29,765478.0,49,7,7,0.26121428571428573,0.1469983021602491
2024-09-16,Antioquia,Marketplace,Hogar,564067.63,447153.0,21,4,4,0.172025,0.20727058916676358
2024-09-16,Antioquia,Tienda,Alimentos,7112082.17,5851500.0,415,40,40,0.0722025,0.17724516391519698
2024-09-16,Antioquia,Tienda,Bebidas,2409696.46,1808100.0,287,27,27,0.09515185185185183,0.24965653142885888
2024-09-16,Antioquia,Tienda,Cuidado personal,5823019.4799999995,3796000.0,260,27,27,0.11069629629629629,0.34810453356065363
2024-09-16,Antioquia,Tienda,Hogar,6886178.42,4736200.0,238,28,28,0.09860714285714287,0.3122164848002878
2024-09-16,Bogotá,E-commerce,Alimentos,3194417.04,2843758.5,193,25,25,0.120248,0.1097723107562687
2024-09-16,Bogotá,E-commerce,Bebidas,1165351.65,915106.5,139,20,20,0.112295,0.2147378861994145
2024-09-16,Bogotá,E-commerce,Cuidado personal,5008866.81,3463339.0,227,32,32,0.140621875,0.3085583763006866
2024-09-16,Bogotá,E-commerce,Hogar,3430751.5100000002,2599437.5,125,16,16,0.151775,0.24231251012405738
2024-09-16,Bogotá,Marketplace,Alimentos,1953599.9,1795353.0,119,16,16,0.1287,0.08100271708654362
2024-09-16,Bogotá,Marketplace,Bebidas,468501.68,377496.0,56,7,7,0.09682857142857142,0.19424835360248868
2024-09-16,Bogotá,Marketplace,Cuidado personal,2044781.6400000001,1624688.0,104,14,14,0.2252357142857143,0.20544669992244263
2024-09-16,Bogotá,Marketplace,Hogar,1883479.45,1596975.0,75,11,11,0.23598181818181818,0.1521144549785239
2024-09-16,Bogotá,Tienda,Alimentos,12551072.82,10532700.0,747,60,60,0.097165,0.1608127726566724
2024-09-16,Bogotá,Tienda,Bebidas,4786738.0200000005,3641400.0,578,37,37,0.07010540540540541,0.2392731783553929
2024-09-16,Bogotá,Tienda,Cuidado personal,9565574.34,6292600.0,431,52,52,0.10860384615384616,0.34216182151379315
2024-09-16,Bogotá,Tienda,Hogar,16437080.84,11303200.0,568,57,57,0.08397368421052633,0.3123353161047056
2024-09-16,Caribe,E-commerce,Alimentos,2062288.8299999998,1841812.5,125,10,10,0.10095999999999998,0.1069085604270086
2024-09-16,Caribe,E-commerce,Bebidas,401888.66000000003,316008.0,48,7,7,0.09457142857142856,0.2136926680140714
2024-09-16,Caribe,E-commerce,Cuidado personal,1911541.71,1251074.0,82,9,9,0.05675555555555556,0.3455157198740905
2024-09-16,Caribe,E-commerce,Hogar,1277812.88,977388.5,47,9,9,0.16406666666666667,0.23510827344297852
2024-09-16,Caribe,Marketplace,Alimentos,753845.91,663828.0,44,5,5,0.0789,0.11941155189128774
2024-09-16,Caribe,Marketplace,Bebidas,169162.31,134820.0,20,2,2,0.0717,0.20301395742349462
2024-09-16,Caribe,Marketplace,Cuidado personal,495947.28,406172.0,26,7,7,0.23654285714285714,0.181017788826264
2024-09-16,Caribe,Marketplace,Hogar,1248536.95,1043357.0,49,7,7,0.21984285714285715,0.16433630578574385
2024-09-16,Caribe,Tienda,Alimentos,9454400.11,8093400.0,574,27,27,0.09215925925925926,0.14395414771588289
2024-09-16,Caribe,Tienda,Bebidas,915061.77,674100.0,107,14,14,0.07372857142857143,0.2633284198945389
2024-09-16,Caribe,Tienda,Cuidado personal,3067529.68,2087800.0,143,18,18,0.15240555555555557,0.31938718845582614
2024-09-16,Caribe,Tienda,Hogar,4494773.93,3184000.0,160,19,19,0.12387368421052632,0.2916217701743233
2024-09-16,Eje Cafetero,E-commerce,Alimentos,1252585.93,1134556.5,77,6,6,0.10831666666666667,0.09422860913023344
2024-09-16,Eje Cafetero,E-commerce,Bebidas,216028.46,190921.5,29,5,5,0.21017999999999998,0.1162206127840748
2024-09-16,Eje Cafetero,E-commerce,Cuidado personal,346165.22000000003,274626.0,18,3,3,0.23796666666666666,0.2066620673214947
2024-09-16,Eje Cafetero,E-commerce,Hogar,2023080.81,1538867.0,74,8,8,0.1534875,0.23934476942619018
2024-09-16,Eje Cafetero,Marketplace,Alimentos,117455.20000000001,105609.0,7,3,3,0.09546666666666666,0.10085717788569608
2024-09-16,Eje Cafetero,Marketplace,Bebidas,203254.3,182007.0,27,5,5,0.1954,0.10453554980140636
2024-09-16,Eje Cafetero,Marketplace,Cuidado personal,203694.29,171842.0,11,2,2,0.2589,0.15637301369616205
2024-09-16,Eje Cafetero,Marketplace,Hogar,408891.28,340688.0,16,3,3,0.24356666666666668,0.16680052457954112
2024-09-16,Eje Cafetero,Tienda,Alimentos,2640360.16,2185500.0,155,14,14,0.07345714285714286,0.17227201307264087
2024-09-16,Eje Cafetero,Tienda,Bebidas,521728.99,384300.0,61,9,9,0.07937777777777777,0.2634106837728147
2024-09-16,Eje Cafetero,Tienda,Cuidado personal,4185786.1399999997,2759400.0,189,14,14,0.10675714285714286,0.3407689959047931
2024-09-16,Eje Cafetero,Tienda,Hogar,5130888.58,3601900.0,181,20,20,0.106515,0.29799683937007265
2024-09-16,Valle,E-commerce,Alimentos,1899683.65,1664998.5,113,16,16,0.11297499999999999,0.12353906925503091
2024-09-16,Valle,E-commerce,Bebidas,621233.35,480595.5,73,9,9,0.09207777777777777,0.22638490029551694
2024-09-16,Valle,E-commerce,Cuidado personal,1396505.58,1022219.0,67,10,10,0.17177,0.26801653023112165
2024-09-16,Valle,E-commerce,Hogar,3800904.98,2724210.5,131,17,17,0.10221764705882352,0.28327319037583515
2024-09-16,Valle,Marketplace,Alimentos,1495467.34,1448352.0,96,10,10,0.19691999999999998,0.03150542893166766
2024-09-16,Valle,Marketplace,Bebidas,187827.03999999998,168525.0,25,3,3,0.18953333333333333,0.10276496930367418
2024-09-16,Valle,Marketplace,Cuidado personal,614191.45,468660.0,30,5,5,0.21278000000000002,0.23694802329143455
2024-09-16,Valle,Marketplace,Hogar,1455141.66,1213701.0,57,6,6,0.1801,0.16592244359219288
2024-09-16,Valle,Tienda,Alimentos,8911895.31,7501200.0,532,39,39,0.09138205128205128,0.1582935235355677
2024-09-16,Valle,Tienda,Bebidas,2095307.11,1600200.0,254,20,20,0.086295,0.23629333744779785
2024-09-16,Valle,Tienda,Cuidado personal,6340621.6,4234000.0,290,29,29,0.13824137931034483,0.33224212591396396
2024-09-16,Valle,Tienda,Hogar,7100074.68,4815800.0,242,29,29,0.0723344827586207,0.32172544416110277
2024-09-23,Antioquia,E-commerce,Alimentos,2318563.7199999997,2003892.0,136,18,18,0.10395,0.1357183834481805
2024-09-23,Antioquia,E-commerce,Bebidas,749689.37,599098.5,91,11,11,0.12113636363636364,0.2008710220874547
2024-09-23,Antioquia,E-commerce,Cuidado personal,3382450.38,2319064.0,152,19,19,0.12806315789473682,0.3143834381984341
2024-09-23,Antioquia,E-commerce,Hogar,2233109.86,1642844.5,79,11,11,0.13065454545454547,0.2643243713947866
2024-09-23,Antioquia,Marketplace,Alimentos,815273.15,739263.0,49,8,8,0.15133749999999999,0.09323274046250636
2024-09-23,Antioquia,Marketplace,Bebidas,140757.32,107856.0,16,3,3,0.0537,0.23374500168090728
2024-09-23,Antioquia,Marketplace,Cuidado personal,643050.37,515526.0,33,5,5,0.21804,0.19831163459248144
2024-09-23,Antioquia,Marketplace,Hogar,1841329.8599999999,1490510.0,70,8,8,0.19971250000000002,0.19052526525584063
2024-09-23,Antioquia,Tienda,Alimentos,5923273.31,4850400.0,344,45,45,0.09080444444444444,0.18112844939785494
2024-09-23,Antioquia,Tienda,Bebidas,2129279.25,1612800.0,256,21,21,0.08252857142857142,0.24256059885052653
2024-09-23,Antioquia,Tienda,Cuidado personal,5539462.1,3577000.0,245,26,26,0.09581923076923078,0.35426943348885803
2024-09-23,Antioquia,Tienda,Hogar,7918059.52,5412800.0,272,30,30,0.09149666666666666,0.31639816721155434
2024-09-23,Bogotá,E-commerce,Alimentos,2930332.58,2534334.0,172,21,21,0.09668571428571429,0.13513775968733216
2024-09-23,Bogotá,E-commerce,Bebidas,1961058.6500000001,1606374.0,244,15,15,0.12343333333333333,0.18086386656513312
2024-09-23,Bogotá,E-commerce,Cuidado personal,5175547.9,3707451.0,243,36,36,0.15903055555555556,0.28366018987091207
2024-09-23,Bogotá,E-commerce,Hogar,6167696.24,4616601.0,222,25,25,0.14221999999999999,0.2514869701170627
2024-09-23,Bogotá,Marketplace,Alimentos,1648928.73,1584135.0,105,13,13,0.17406923076923078,0.039294439366096785
2024-09-23,Bogotá,Marketplace,Bebidas,568782.5499999999,498834.0,74,11,11,0.16417272727272728,0.12297942333146461
2024-09-23,Bogotá,Marketplace,Cuidado personal,612331.39,499904.0,32,5,5,0.26588,0.18360546566133087
2024-09-23,Bogotá,Marketplace,Hogar,2909371.26,2299644.0,108,15,15,0.16190666666666667,0.20957354889110982
2024-09-23,Bogotá,Tienda,Alimentos,13824707.71,11449200.0,812,62,62,0.07478870967741935,0.1718305919973769
2024-09-23,Bogotá,Tienda,Bebidas,4037219.79,3042900.0,483,37,37,0.08187837837837839,0.24628824827988868
2024-09-23,Bogotá,Tienda,Cuidado personal,10488580.18,6803600.0,466,50,50,0.09657,0.35133260334193295
2024-09-23,Bogotá,Tienda,Hogar,11848676.74,8159000.0,410,46,46,0.0996,0.3113998989899019
2024-09-23,Caribe,E-commerce,Alimentos,1914282.4,1709202.0,116,13,13,0.13260769230769232,0.10713173772062048
2024-09-23,Caribe,E-commerce,Bebidas,401478.99,322591.5,49,6,6,0.13023333333333334,0.19649220000279466
2024-09-23,Caribe,E-commerce,Cuidado personal,1785779.16,1312102.0,86,13,13,0.18305384615384618,0.26524957318910586
2024-09-23,Caribe,E-commerce,Hogar,2086040.84,1538867.0,74,10,10,0.13496999999999998,0.2623025539615035
2024-09-23,Caribe,Marketplace,Alimentos,674036.52,603480.0,40,5,5,0.12168000000000001,0.10467759224678214
2024-09-23,Caribe,Marketplace,Bebidas,339542.27,276381.0,41,5,5,0.1048,0.18601887181822757
2024-09-23,Caribe,Marketplace,Cuidado personal,583788.48,515526.0,33,8,8,0.2803125,0.1169301593618291
2024-09-23,Caribe,Marketplace,Hogar,890005.78,702669.0,33,4,4,0.173625,0.21048939704638775
2024-09-23,Caribe,Tienda,Alimentos,9224000.15,7881900.0,559,34,34,0.10015,0.1455008811984896
2024-09-23,Caribe,Tienda,Bebidas,1317660.56,963900.0,153,19,19,0.07348947368421054,0.26847624550589877
2024-09-23,Caribe,Tienda,Cuidado personal,3940633.2,2598800.0,178,17,17,0.09781176470588236,0.3405120781096805
2024-09-23,Caribe,Tienda,Hogar,4494899.25,3084500.0,155,20,20,0.08837500000000001,0.31377772260412734
2024-09-23,Eje Cafetero,E-commerce,Alimentos,1005819.63,869335.5,59,11,11,0.0931090909090909,0.13569443857443905
2024-09-23,Eje Cafetero,E-commerce,Bebidas,425783.6,335758.5,51,5,5,0.09958,0.21143393028759205
2024-09-23,Eje Cafetero,E-commerce,Cuidado personal,1235491.34,884906.0,58,8,8,0.16125,0.28376187565992983
2024-09-23,Eje Cafetero,E-commerce,Hogar,505555.15,374319.0,18,3,3,0.09943333333333333,0.25958819725207033
2024-09-23,Eje Cafetero,Marketplace,Alimentos,416369.8,377175.0,25,3,3,0.09663333333333333,0.09413458901197923
2024-09-23,Eje Cafetero,Marketplace,Bebidas,167210.43,141561.0,21,4,4,0.16547499999999998,0.15339611290994223
2024-09-23,Eje Cafetero,Marketplace,Cuidado personal,328693.44,234330.0,15,2,2,0.1583,0.2870864718200643
2024-09-23,Eje Cafetero,Marketplace,Hogar,595778.4,511032.0,24,4,4,0.21707500000000002,0.14224483465664417
2024-09-23,Eje Cafetero,Tienda,Alimentos,2922248.76,2467500.0,175,14,14,0.09245714285714286,0.15561603318124081
2024-09-23,Eje Cafetero,Tienda,Bebidas,496278.08,365400.0,58,8,8,0.075325,0.26371924385618645
2024-09-23,Eje Cafetero,Tienda,Cuidado personal,2865866.7,1810400.0,124,17,17,0.07542352941176471,0.36828883213584224
2024-09-23,Eje Cafetero,Tienda,Hogar,4196078.33,2985000.0,150,16,16,0.13134375,0.28862147814099554
2024-09-23,Valle,E-commerce,Alimentos,2016964.79,1768140.0,120,15,15,0.11024666666666666,0.12336595622970693
2024-09-23,Valle,E-commerce,Bebidas,385136.42,296257.5,45,7,7,0.10172857142857142,0.2307725662506807
2024-09-23,Valle,E-commerce,Cuidado personal,1924595.1400000001,1373130.0,90,16,16,0.16045625,0.2865356606896555
2024-09-23,Valle,E-commerce,Hogar,3855930.56,2807392.5,135,16,16,0.12470624999999999,0.27192866771957636
2024-09-23,Valle,Marketplace,Alimentos,496177.77999999997,497871.0,33,5,5,0.2185,-0.0034125268568052976
2024-09-23,Valle,Marketplace,Bebidas,148688.54,128079.0,19,3,3,0.1888,0.13860879930625458
2024-09-23,Valle,Marketplace,Cuidado personal,822809.24,609258.0,39,7,7,0.18955714285714284,0.259539185534669
2024-09-23,Valle,Marketplace,Hogar,1388744.24,1064650.0,50,6,6,0.16508333333333333,0.23337215785679874
2024-09-23,Valle,Tienda,Alimentos,8076785.55,6796200.0,482,33,33,0.08407272727272727,0.15855138681997072
2024-09-23,Valle,Tienda,Bebidas,2584150.11,1915200.0,304,31,31,0.07342580645161291,0.25886658341221513
2024-09-23,Valle,Tienda,Cuidado personal,3647801.93,2379800.0,163,21,21,0.1039952380952381,0.34760712185927267
2024-09-23,Valle,Tienda,Hogar,8020396.100000001,5651600.0,284,26,26,0.11717692307692307,0.2953465228481671
2024-09-30,Antioquia,E-commerce,Alimentos,2885734.75,2578537.5,175,24,24,0.13234583333333333,0.10645373764861792
2024-09-30,Antioquia,E-commerce,Bebidas,720572.78,572764.5,87,13,13,0.10790000000000001,0.2051260942718375
2024-09-30,Antioquia,E-commerce,Cuidado personal,1809717.81,1296845.0,85,16,16,0.16776875,0.283399327323855
2024-09-30,Antioquia,E-commerce,Hogar,4257052.08,3285689.0,158,21,21,0.16273809523809524,0.22817740110898527
2024-09-30,Antioquia,Marketplace,Alimentos,809200.86,724176.0,48,7,7,0.1431,0.10507262683828585
2024-09-30,Antioquia,Marketplace,Bebidas,364875.02999999997,296604.0,44,6,6,0.12394999999999999,0.18710798050499639
2024-09-30,Antioquia,Marketplace,Cuidado personal,1220599.0999999999,921698.0,59,9,9,0.1865777777777778,0.2448806491828479
2024-09-30,Antioquia,Marketplace,Hogar,2258238.18,1788612.0,84,8,8,0.1827375,0.20796131433753376
2024-09-30,Antioquia,Tienda,Alimentos,5392305.85,4497900.0,319,32,32,0.088371875,0.16586704739680144
2024-09-30,Antioquia,Tienda,Bebidas,1960596.14,1467900.0,233,28,28,0.09574642857142857,0.25129914822743654
2024-09-30,Antioquia,Tienda,Cuidado personal,6252547.47,4058800.0,278,32,32,0.1115125,0.3508565877389492
2024-09-30,Antioquia,Tienda,Hogar,8005393.51,5452600.0,274,28,28,0.07627142857142857,0.3188842006093964
2024-09-30,Bogotá,E-commerce,Alimentos,7715710.13,6910480.5,469,30,30,0.11408333333333333,0.10436234856324235
2024-09-30,Bogotá,E-commerce,Bebidas,763964.26,585931.5,89,10,10,0.0703,0.23303807432038773
2024-09-30,Bogotá,E-commerce,Cuidado personal,5392140.0600000005,3798993.0,249,24,24,0.14034166666666667,0.29545728454241976
2024-09-30,Bogotá,E-commerce,Hogar,5980435.21,4408646.0,212,26,26,0.13239615384615383,0.262821877473362
2024-09-30,Bogotá,Marketplace,Alimentos,1865544.4,1750092.0,116,10,10,0.10994999999999999,0.06188670717244785
2024-09-30,Bogotá,Marketplace,Bebidas,261671.71,242676.0,36,6,6,0.2358,0.07259367090160412
2024-09-30,Bogotá,Marketplace,Cuidado personal,1056549.28,874832.0,56,9,9,0.25932222222222223,0.1719912960425282
2024-09-30,Bogotá,Marketplace,Hogar,1679373.5,1362752.0,64,11,11,0.22236363636363637,0.18853548659663857
2024-09-30,Bogotá,Tienda,Alimentos,12641855.57,10645500.0,755,62,62,0.10198709677419354,0.15791634059935714
2024-09-30,Bogotá,Tienda,Bebidas,3085577.21,2293200.0,364,37,37,0.07897567567567568,0.2568003184078482
2024-09-30,Bogotá,Tienda,Cuidado personal,9794216.62,6248800.0,428,50,50,0.089174,0.3619908316873636
2024-09-30,Bogotá,Tienda,Hogar,15902962.7,11004700.0,553,50,50,0.08631399999999999,0.3080094440515791
2024-09-30,Caribe,E-commerce,Alimentos,1682331.26,1488184.5,101,13,13,0.11053076923076924,0.11540340753104714
2024-09-30,Caribe,E-commerce,Bebidas,224874.18,184338.0,28,5,5,0.13608,0.18026160228799942
2024-09-30,Caribe,E-commerce,Cuidado personal,1614129.54,1190046.0,78,12,12,0.21086666666666667,0.26273203574478915
2024-09-30,Caribe,E-commerce,Hogar,2807711.13,2058754.5,99,12,12,0.10636666666666666,0.266749888190955
2024-09-30,Caribe,Marketplace,Alimentos,397621.63,407349.0,27,5,5,0.24264000000000002,-0.02446388542796325
2024-09-30,Caribe,Marketplace,Bebidas,76112.14,60669.0,9,2,2,0.0822,0.20289982649285646
2024-09-30,Caribe,Marketplace,Cuidado personal,373839.18,281196.0,18,4,4,0.2242,0.24781559814035542
2024-09-30,Caribe,Marketplace,Hogar,939376.62,830427.0,39,6,6,0.2638833333333333,0.11598076605313
2024-09-30,Caribe,Tienda,Alimentos,7403168.26,6161700.0,437,30,30,0.07405333333333333,0.16769418394929198
2024-09-30,Caribe,Tienda,Bebidas,1069126.04,787500.0,125,13,13,0.05604615384615385,0.2634170616590725
2024-09-30,Caribe,Tienda,Cuidado personal,3035631.05,1985600.0,136,11,11,0.08836363636363637,0.3459020654041603
2024-09-30,Caribe,Tienda,Hogar,10320635.97,7223700.0,363,25,25,0.08099600000000001,0.3000722028179432
2024-09-30,Eje Cafetero,E-commerce,Alimentos,1955805.42,1768140.0,120,10,10,0.14587999999999998,0.09595301152197437
2024-09-30,Eje Cafetero,E-commerce,Bebidas,399671.31,316008.0,48,7,7,0.11315714285714286,0.20933028693002756
2024-09-30,Eje Cafetero,E-commerce,Cuidado personal,807501.03,549252.0,36,5,5,0.1343,0.31981263231329876
2024-09-30,Eje Cafetero,E-commerce,Hogar,1496160.29,1102161.5,53,7,7,0.12827142857142856,0.26333995938363
2024-09-30,Eje Cafetero,Marketplace,Alimentos,422961.0,362088.0,24,3,3,0.05006666666666667,0.14392107073701832
2024-09-30,Eje Cafetero,Marketplace,Bebidas,95319.13,80892.0,12,3,3,0.1366,0.151356081407793
2024-09-30,Eje Cafetero,Marketplace,Cuidado personal,199448.99,140598.0,9,2,2,0.1801,0.29506787675385066
2024-09-30,Eje Cafetero,Marketplace,Hogar,335365.47,255516.0,12,2,2,0.19935,0.23809687383736905
2024-09-30,Eje Cafetero,Tienda,Alimentos,3571304.48,2876400.0,204,21,21,0.07045238095238096,0.1945800151993761
2024-09-30,Eje Cafetero,Tienda,Bebidas,512592.02999999997,384300.0,61,4,4,0.07505,0.25028096905837566
2024-09-30,Eje Cafetero,Tienda,Cuidado personal,2708491.8499999996,1795800.0,123,10,10,0.10729999999999999,0.3369741910059651
2024-09-30,Eje Cafetero,Tienda,Hogar,5435801.39,3880500.0,195,19,19,0.11957368421052632,0.2861218205766712
2024-09-30,Valle,E-commerce,Alimentos,1745661.64,1576591.5,107,16,16,0.142625,0.09685160979993804
2024-09-30,Valle,E-commerce,Bebidas,541646.35,434511.0,66,7,7,0.10868571428571429,0.1977957573239439
2024-09-30,Valle,E-commerce,Cuidado personal,2740608.82,1907125.0,125,19,19,0.13984736842105264,0.3041235998065568
2024-09-30,Valle,E-commerce,Hogar,4735036.53,3556030.5,171,13,13,0.14895384615384616,0.24899618461866443
2024-09-30,Valle,Marketplace,Alimentos,2151334.44,2051832.0,136,10,10,0.14423000000000002,0.04625149774481366
2024-09-30,Valle,Marketplace,Bebidas,419879.7,343791.0,51,7,7,0.13601428571428573,0.18121547671868873
2024-09-30,Valle,Marketplace,Cuidado personal,259570.46000000002,187464.0,12,3,3,0.1278,0.2777914713407682
2024-09-30,Valle,Marketplace,Hogar,1722727.7699999998,1405338.0,66,10,10,0.20920999999999998,0.18423675262400852
2024-09-30,Valle,Tienda,Alimentos,7424392.6,6204000.0,440,29,29,0.08460344827586207,0.16437608646934965
2024-09-30,Valle,Tienda,Bebidas,1952837.39,1417500.0,225,25,25,0.060776,0.27413311151319153
2024-09-30,Valle,Tienda,Cuidado personal,4219451.31,2759400.0,189,21,21,0.11314285714285714,0.3460287138613764
2024-09-30,Valle,Tienda,Hogar,6507455.18,4557100.0,229,32,32,0.123178125,0.299710889441731
2024-10-07,Antioquia,E-commerce,Alimentos,3158584.06,2755351.5,187,25,25,0.101692,0.12766244378501676
2024-10-07,Antioquia,E-commerce,Bebidas,864774.39,717601.5,109,17,17,0.16332941176470586,0.17018645753373896
2024-10-07,Antioquia,E-commerce,Cuidado personal,3145607.69,2166494.0,142,21,21,0.14163333333333333,0.31126376410912193
2024-10-07,Antioquia,E-commerce,Hogar,3420269.72,2620233.0,126,21,21,0.17002380952380952,0.23391041803568643
2024-10-07,Antioquia,Marketplace,Alimentos,640874.76,618567.0,41,7,7,0.1943857142857143,0.034808298582393864
2024-10-07,Antioquia,Marketplace,Bebidas,224963.19,195489.0,29,5,5,0.16818,0.1310178345177271
2024-10-07,Antioquia,Marketplace,Cuidado personal,1020593.9400000001,874832.0,56,9,9,0.2672888888888889,0.1428206990921385
2024-10-07,Antioquia,Marketplace,Hogar,952035.0700000001,830427.0,39,8,8,0.2244875,0.1277348638007632
2024-10-07,Antioquia,Tienda,Alimentos,11280750.950000001,9573900.0,679,49,49,0.08775102040816327,0.15130650056590433
2024-10-07,Antioquia,Tienda,Bebidas,950713.15,711900.0,113,13,13,0.09914615384615384,0.2511936960165114
2024-10-07,Antioquia,Tienda,Cuidado personal,4474373.21,2978400.0,204,28,28,0.14200714285714286,0.33434251900502504
2024-10-07,Antioquia,Tienda,Hogar,9301558.73,6328200.0,318,32,32,0.079921875,0.3196624153336933
2024-10-07,Bogotá,E-commerce,Alimentos,3738761.88,3315262.5,225,28,28,0.12081785714285716,0.11327262703341778
2024-10-07,Bogotá,E-commerce,Bebidas,1124182.8,908523.0,138,17,17,0.1347470588235294,0.19183695036074208
2024-10-07,Bogotá,E-commerce,Cuidado personal,4787906.51,3417568.0,224,25,25,0.131964,0.28620828479794186
2024-10-07,Bogotá,E-commerce,Hogar,4286002.7,3160916.0,152,21,21,0.12434285714285716,0.26250256445242093
2024-10-07,Bogotá,Marketplace,Alimentos,755411.21,754350.0,50,10,10,0.17568999999999999,0.0014048110300083616
2024-10-07,Bogotá,Marketplace,Bebidas,292614.48,242676.0,36,5,5,0.15748,0.17066305126116788
2024-10-07,Bogotá,Marketplace,Cuidado personal,1610316.11,1202894.0,77,11,11,0.1735909090909091,0.2530075352720654
2024-10-07,Bogotá,Marketplace,Hogar,2822829.77,2193179.0,103,10,10,0.13849,0.22305658551985585
2024-10-07,Bogotá,Tienda,Alimentos,11401117.18,9531600.0,676,60,60,0.08186166666666667,0.16397666566216273
2024-10-07,Bogotá,Tienda,Bebidas,3226069.7,2431800.0,386,37,37,0.07759729729729731,0.24620351506974575
2024-10-07,Bogotá,Tienda,Cuidado personal,7651215.95,4920200.0,337,32,32,0.085165625,0.3569388144115838
2024-10-07,Bogotá,Tienda,Hogar,16185714.72,11183800.0,562,56,56,0.09050535714285714,0.30903267520335986
2024-10-07,Caribe,E-commerce,Alimentos,2299240.91,2048095.5,139,12,12,0.13305,0.1092297065991228
2024-10-07,Caribe,E-commerce,Bebidas,483056.2,388426.5,59,10,10,0.13296,0.19589791001543921
2024-10-07,Caribe,E-commerce,Cuidado personal,1300132.1400000001,900163.0,59,8,8,0.1575125,0.30763729908253795
2024-10-07,Caribe,E-commerce,Hogar,1430225.92,1060570.5,51,7,7,0.13444285714285714,0.25845946072631654
2024-10-07,Caribe,Marketplace,Alimentos,702702.98,648741.0,43,7,7,0.12752857142857144,0.07679201815822666
2024-10-07,Caribe,Marketplace,Bebidas,474419.31,384237.0,57,8,8,0.100325,0.19008988061636867
2024-10-07,Caribe,Marketplace,Cuidado personal,416802.02999999997,359306.0,23,6,6,0.25688333333333335,0.1379456573184156
2024-10-07,Caribe,Marketplace,Hogar,1472513.22,1171115.0,55,7,7,0.19772857142857145,0.2046828618625237
2024-10-07,Caribe,Tienda,Alimentos,5615765.0600000005,4765800.0,338,26,26,0.11136153846153846,0.1513533865677779
2024-10-07,Caribe,Tienda,Bebidas,2603860.49,1921500.0,305,24,24,0.07833333333333332,0.26205723871174075
2024-10-07,Caribe,Tienda,Cuidado personal,3507877.13,2306800.0,158,24,24,0.13477916666666667,0.3423942987421569
2024-10-07,Caribe,Tienda,Hogar,8363301.22,5850600.0,294,25,25,0.09381199999999999,0.30044370684522587
2024-10-07,Eje Cafetero,E-commerce,Alimentos,1148571.86,1001946.0,68,9,9,0.09933333333333333,0.12765928289415004
2024-10-07,Eje Cafetero,E-commerce,Bebidas,200072.47,151420.5,23,3,3,0.05203333333333334,0.24317173672119907
2024-10-07,Eje Cafetero,E-commerce,Cuidado personal,1114742.81,762850.0,50,8,8,0.132775,0.31567174674129544
2024-10-07,Eje Cafetero,E-commerce,Hogar,1839341.38,1310116.5,63,8,8,0.09065,0.2877252073783062
2024-10-07,Eje Cafetero,Marketplace,Alimentos,319504.18,301740.0,20,4,4,0.184425,0.05559921000094582
2024-10-07,Eje Cafetero,Marketplace,Bebidas,359735.07,303345.0,45,5,5,0.14522,0.15675444153943624
2024-10-07,Eje Cafetero,Marketplace,Cuidado personal,278884.29000000004,218708.0,14,3,3,0.22266666666666665,0.21577511590918236
2024-10-07,Eje Cafetero,Marketplace,Hogar,1318957.6,1085943.0,51,6,6,0.18566666666666665,0.17666572450850587
2024-10-07,Eje Cafetero,Tienda,Alimentos,5006852.66,4173600.0,296,24,24,0.06582083333333334,0.16642244471400125
2024-10-07,Eje Cafetero,Tienda,Bebidas,620076.2,459900.0,73,9,9,0.08187777777777777,0.25831696168954715
2024-10-07,Eje Cafetero,Tienda,Cuidado personal,2390085.44,1533000.0,105,12,12,0.09895833333333333,0.35860033522483614
2024-10-07,Eje Cafetero,Tienda,Hogar,3077975.22,2228800.0,112,10,10,0.14853,0.2758876076981543
2024-10-07,Valle,E-commerce,Alimentos,2733963.95,2357520.0,160,23,23,0.08892608695652174,0.13769162903556215
2024-10-07,Valle,E-commerce,Bebidas,1010827.9600000001,829521.0,126,11,11,0.1529818181818182,0.17936480506534472
2024-10-07,Valle,E-commerce,Cuidado personal,2131265.86,1525700.0,100,15,15,0.17151333333333335,0.28413435947404514
2024-10-07,Valle,E-commerce,Hogar,2727879.42,2079550.0,100,11,11,0.13621818181818182,0.23766791715449062
2024-10-07,Valle,Marketplace,Alimentos,1081598.1,1041003.0,69,10,10,0.18153000000000002,0.037532517854829896
2024-10-07,Valle,Marketplace,Bebidas,860374.63,741510.0,110,3,3,0.1879666666666667,0.138154503695675
2024-10-07,Valle,Marketplace,Cuidado personal,884543.06,687368.0,44,9,9,0.18636666666666668,0.22291177096567807
2024-10-07,Valle,Marketplace,Hogar,799671.4,702669.0,33,6,6,0.24406666666666665,0.1213028251354244
2024-10-07,Valle,Tienda,Alimentos,6636107.32,5442600.0,386,39,39,0.07484871794871795,0.17985051513603312
2024-10-07,Valle,Tienda,Bebidas,2581346.54,1934100.0,307,23,23,0.06824782608695652,0.25073988709784006
2024-10-07,Valle,Tienda,Cuidado personal,4813734.7,3197400.0,219,30,30,0.14037666666666665,0.3357756089050774
2024-10-07,Valle,Tienda,Hogar,7869647.7,5552100.0,279,25,25,0.110732,0.2944919249688903
2024-10-14,Antioquia,E-commerce,Alimentos,3141961.52,2770086.0,188,20,20,0.117235,0.11835775760869281
2024-10-14,Antioquia,E-commerce,Bebidas,490397.98,381843.0,58,8,8,0.09305,0.22136098521449862
2024-10-14,Antioquia,E-commerce,Cuidado personal,1855718.39,1281588.0,84,13,13,0.1331153846153846,0.3093844373660596
2024-10-14,Antioquia,E-commerce,Hogar,2784820.7199999997,2079550.0,100,17,17,0.14374117647058823,0.2532553406166842
2024-10-14,Antioquia,Marketplace,Alimentos,1311557.8599999999,1222047.0,81,14,14,0.16085,0.06824774013401123
2024-10-14,Antioquia,Marketplace,Bebidas,535374.46,451647.0,67,9,9,0.15493333333333334,0.15639046360186842
2024-10-14,Antioquia,Marketplace,Cuidado personal,952736.77,702990.0,45,9,9,0.16361111111111112,0.2621361721979094
2024-10-14,Antioquia,Marketplace,Hogar,2062904.55,1596975.0,75,10,10,0.15064,0.22586093476792227
2024-10-14,Antioquia,Tienda,Alimentos,5662855.62,4695300.0,333,37,37,0.0890027027027027,0.17086001920705865
2024-10-14,Antioquia,Tienda,Bebidas,2228601.31,1726200.0,274,21,21,0.10264285714285715,0.22543346256939967
2024-10-14,Antioquia,Tienda,Cuidado personal,5073566.16,3197400.0,219,25,25,0.083732,0.36979239076287124
2024-10-14,Antioquia,Tienda,Hogar,8671691.72,6049600.0,304,37,37,0.11628378378378379,0.30237372414341324
2024-10-14,Bogotá,E-commerce,Alimentos,6745412.96,5864331.0,398,33,33,0.08175151515151514,0.13061942467048007
2024-10-14,Bogotá,E-commerce,Bebidas,1109533.8,855855.0,130,16,16,0.09210625,0.22863548636373227
2024-10-14,Bogotá,E-commerce,Cuidado personal,2730913.59,1952896.0,128,18,18,0.1632611111111111,0.2848927893027915
2024-10-14,Bogotá,E-commerce,Hogar,5541222.59,4117509.0,198,27,27,0.14770740740740743,0.25693131197604535
2024-10-14,Bogotá,Marketplace,Alimentos,1980936.5,1810440.0,120,17,17,0.14413529411764706,0.08606863470888643
2024-10-14,Bogotá,Marketplace,Bebidas,1612251.53,1368423.0,203,18,18,0.15488333333333335,0.1512347952307417
2024-10-14,Bogotá,Marketplace,Cuidado personal,924647.22,765478.0,49,9,9,0.2356333333333333,0.17214048402157092
2024-10-14,Bogotá,Marketplace,Hogar,3279725.61,2640332.0,124,18,18,0.1744611111111111,0.19495338514004526
2024-10-14,Bogotá,Tienda,Alimentos,14239656.469999999,11886300.0,843,72,72,0.07998611111111112,0.16526778401979236
2024-10-14,Bogotá,Tienda,Bebidas,3635326.0100000002,2727900.0,433,39,39,0.06591282051282052,0.24961337924132976
2024-10-14,Bogotá,Tienda,Cuidado personal,7290249.99,4774200.0,327,37,37,0.10568648648648649,0.3451253377389326
2024-10-14,Bogotá,Tienda,Hogar,14094542.44,9751000.0,490,56,56,0.09478928571428571,0.3081719366549369
2024-10-14,Caribe,E-commerce,Alimentos,1901905.35,1768140.0,120,10,10,0.17111,0.07033228546310157
2024-10-14,Caribe,E-commerce,Bebidas,483916.7,375259.5,57,9,9,0.10095555555555556,0.2245369915938012
2024-10-14,Caribe,E-commerce,Cuidado personal,1979905.24,1464672.0,96,13,13,0.1910230769230769,0.26023126238102184
2024-10-14,Caribe,E-commerce,Hogar,2337231.37,1663640.0,80,12,12,0.09136666666666667,0.2882005515782548
2024-10-14,Caribe,Marketplace,Alimentos,489313.14,452610.0,30,5,5,0.1338,0.07500951231352589
2024-10-14,Caribe,Marketplace,Bebidas,205727.74,168525.0,25,3,3,0.11259999999999999,0.18083482567785944
2024-10-14,Caribe,Marketplace,Cuidado personal,1127060.43,843588.0,54,7,7,0.1804857142857143,0.2515148455704367
2024-10-14,Caribe,Marketplace,Hogar,989803.38,809134.0,38,6,6,0.17243333333333333,0.18253057491074642
2024-10-14,Caribe,Tienda,Alimentos,5955028.11,5005500.0,355,23,23,0.0953304347826087,0.1594498115643656
2024-10-14,Caribe,Tienda,Bebidas,1554477.92,1171800.0,186,16,16,0.06749375,0.24617777780979994
2024-10-14,Caribe,Tienda,Cuidado personal,2383719.55,1503800.0,103,11,11,0.08076363636363637,0.3691371956906591
2024-10-14,Caribe,Tienda,Hogar,7185312.14,4915300.0,247,30,30,0.09917666666666666,0.31592394258880446
2024-10-14,Eje Cafetero,E-commerce,Alimentos,827049.88,736725.0,50,8,8,0.13192500000000001,0.10921334031267861
2024-10-14,Eje Cafetero,E-commerce,Bebidas,174925.41,144837.0,22,3,3,0.13406666666666667,0.1720070857630118
2024-10-14,Eje Cafetero,E-commerce,Cuidado personal,1119015.91,747593.0,49,7,7,0.11489999999999999,0.33191923964691433
2024-10-14,Eje Cafetero,E-commerce,Hogar,3042626.2,2308300.5,111,14,14,0.1462142857142857,0.24134601220485125
2024-10-14,Eje Cafetero,Marketplace,Alimentos,820208.78,769437.0,51,7,7,0.1322,0.06190104426826549
2024-10-14,Eje Cafetero,Marketplace,Bebidas,106674.20999999999,114597.0,17,2,2,0.3219,-0.07427090390451459
2024-10-14,Eje Cafetero,Marketplace,Cuidado personal,1360459.73,1015430.0,65,10,10,0.16862000000000002,0.2536126004993915
2024-10-14,Eje Cafetero,Marketplace,Hogar,633904.95,596204.0,28,5,5,0.27448,0.05947413725038739
2024-10-14,Eje Cafetero,Tienda,Alimentos,4334857.99,3651900.0,259,17,17,0.0913,0.15755025691164573
2024-10-14,Eje Cafetero,Tienda,Bebidas,828817.9500000001,604800.0,96,13,13,0.07126923076923077,0.2702860742820544
2024-10-14,Eje Cafetero,Tienda,Cuidado personal,2173084.28,1416200.0,97,14,14,0.1014,0.348299551455961
2024-10-14,Eje Cafetero,Tienda,Hogar,4617034.3100000005,3303400.0,166,13,13,0.13432307692307693,0.2845190704246684
2024-10-14,Valle,E-commerce,Alimentos,2490236.87,2210175.0,150,19,19,0.1139,0.11246394805808176
2024-10-14,Valle,E-commerce,Bebidas,629723.26,480595.5,73,10,10,0.07405,0.23681475573889396
2024-10-14,Valle,E-commerce,Cuidado personal,1709771.19,1266331.0,83,12,12,0.177975,0.25935645225136816
2024-10-14,Valle,E-commerce,Hogar,1682419.6600000001,1247730.0,60,10,10,0.14891000000000001,0.2583717192177843
2024-10-14,Valle,Marketplace,Alimentos,1739932.8800000001,1599222.0,106,11,11,0.14029090909090908,0.08087144143169483
2024-10-14,Valle,Marketplace,Bebidas,99409.83,87633.0,13,2,2,0.1785,0.11846745940517152
2024-10-14,Valle,Marketplace,Cuidado personal,265005.06,218708.0,14,4,4,0.17945,0.1747025509626118
2024-10-14,Valle,Marketplace,Hogar,1733242.59,1447924.0,68,8,8,0.2371,0.1646154967839788
2024-10-14,Valle,Tienda,Alimentos,9637472.95,8022900.0,569,42,42,0.07725476190476191,0.16753073740144706
2024-10-14,Valle,Tienda,Bebidas,1776954.39,1316700.0,209,30,30,0.09266666666666666,0.2590130577296359
2024-10-14,Valle,Tienda,Cuidado personal,4242142.02,2744800.0,188,21,21,0.10464761904761904,0.3529683855327408
2024-10-14,Valle,Tienda,Hogar,6030873.09,4378000.0,220,21,21,0.14948571428571428,0.2740686241169104
2024-10-21,Antioquia,E-commerce,Alimentos,2628027.16,2357520.0,160,25,25,0.136512,0.10293164550095446
2024-10-21,Antioquia,E-commerce,Bebidas,1032157.5700000001,803187.0,122,15,15,0.09146000000000001,0.2218368364047362
2024-10-21,Antioquia,E-commerce,Cuidado personal,5715467.52,3997334.0,262,30,30,0.15353666666666665,0.3006111947951372
2024-10-21,Antioquia,E-commerce,Hogar,3537525.07,2724210.5,131,20,20,0.165005,0.22991061657691655
2024-10-21,Antioquia,Marketplace,Alimentos,626751.5800000001,603480.0,40,7,7,0.16654285714285713,0.037130468821474805
2024-10-21,Antioquia,Marketplace,Bebidas,636196.24,552762.0,82,5,5,0.16346,0.13114544656849905
2024-10-21,Antioquia,Marketplace,Cuidado personal,810769.4400000001,671746.0,43,11,11,0.22904545454545452,0.17147099180255246
2024-10-21,Antioquia,Marketplace,Hogar,1171759.8399999999,936892.0,44,6,6,0.19313333333333335,0.20044025403703875
2024-10-21,Antioquia,Tienda,Alimentos,7637086.87,6401400.0,454,38,38,0.07625526315789473,0.16180081371786204
2024-10-21,Antioquia,Tienda,Bebidas,2641737.46,2016000.0,320,29,29,0.0993551724137931,0.23686587689906172
2024-10-21,Antioquia,Tienda,Cuidado personal,6124244.87,3942000.0,270,33,33,0.09828787878787879,0.35632880727710026
2024-10-21,Antioquia,Tienda,Hogar,6649270.85,4537200.0,228,25,25,0.084604,0.31763946719060177
2024-10-21,Bogotá,E-commerce,Alimentos,4932504.47,4228801.5,287,35,35,0.09843142857142857,0.14266646371635214
2024-10-21,Bogotá,E-commerce,Bebidas,711973.08,559597.5,85,13,13,0.11577692307692308,0.21401873789947223
2024-10-21,Bogotá,E-commerce,Cuidado personal,4159183.89,3005629.0,197,26,26,0.17486538461538462,0.2773512594077681
2024-10-21,Bogotá,E-commerce,Hogar,4505576.64,3410462.0,164,23,23,0.14775652173913043,0.24305759894919904
2024-10-21,Bogotá,Marketplace,Alimentos,1437865.25,1372917.0,91,14,14,0.18125714285714284,0.045169914218317744
2024-10-21,Bogotá,Marketplace,Bebidas,515431.26999999996,424683.0,63,8,8,0.1222375,0.17606279494839336
2024-10-21,Bogotá,Marketplace,Cuidado personal,1568014.85,1218516.0,78,13,13,0.22243846153846156,0.22289256380448189
2024-10-21,Bogotá,Marketplace,Hogar,1865066.34,1533096.0,72,14,14,0.21133571428571427,0.17799385087824815
2024-10-21,Bogotá,Tienda,Alimentos,15564404.37,12915600.0,916,86,86,0.08118139534883721,0.1701834716595711
2024-10-21,Bogotá,Tienda,Bebidas,4024785.03,3093300.0,491,34,34,0.08750294117647059,0.23143721293358116
2024-10-21,Bogotá,Tienda,Cuidado personal,8840112.959999999,5810800.0,398,39,39,0.11201538461538461,0.3426780827017848
2024-10-21,Bogotá,Tienda,Hogar,13924851.76,9691300.0,487,39,39,0.0859897435897436,0.30402849760750345
2024-10-21,Caribe,E-commerce,Alimentos,1850280.21,1738671.0,118,17,17,0.17844117647058824,0.06032016631686287
2024-10-21,Caribe,E-commerce,Bebidas,619528.16,500346.0,76,10,10,0.14079000000000003,0.1923756944317108
2024-10-21,Caribe,E-commerce,Cuidado personal,1637448.18,1144275.0,75,10,10,0.14761,0.3011839922775449
2024-10-21,Caribe,E-commerce,Hogar,2612606.31,1913186.0,92,8,8,0.1182,0.2677097989555112
2024-10-21,Caribe,Marketplace,Alimentos,847812.45,829785.0,55,10,10,0.17451,0.021263488168875033
2024-10-21,Caribe,Marketplace,Bebidas,354404.56,289863.0,43,7,7,0.1288,0.18211266807627982
2024-10-21,Caribe,Marketplace,Cuidado personal,793092.29,656124.0,42,7,7,0.26504285714285714,0.1727015780218971
2024-10-21,Caribe,Marketplace,Hogar,1129006.06,851720.0,40,4,4,0.1187,0.24560192351846194
2024-10-21,Caribe,Tienda,Alimentos,4416156.15,3637800.0,258,30,30,0.09415,0.17625195386263692
2024-10-21,Caribe,Tienda,Bebidas,1843335.04,1417500.0,225,12,12,0.08639166666666666,0.23101337020100265
2024-10-21,Caribe,Tienda,Cuidado personal,5941807.52,3810600.0,261,25,25,0.078224,0.3586799997856544
2024-10-21,Caribe,Tienda,Hogar,6290779.43,4397900.0,221,27,27,0.11188888888888888,0.3008974406212808
2024-10-21,Eje Cafetero,E-commerce,Alimentos,1197281.73,1060884.0,72,8,8,0.129775,0.11392283585585156
2024-10-21,Eje Cafetero,E-commerce,Bebidas,626622.22,526680.0,80,6,6,0.16353333333333334,0.15949357812431225
2024-10-21,Eje Cafetero,E-commerce,Cuidado personal,1514907.65,1052733.0,69,10,10,0.11987,0.30508437263485993
2024-10-21,Eje Cafetero,E-commerce,Hogar,967470.26,707047.0,34,6,6,0.1346,0.26917960248204426
2024-10-21,Eje Cafetero,Marketplace,Alimentos,170237.02000000002,150870.0,10,3,3,0.10006666666666668,0.11376503183620118
2024-10-21,Eje Cafetero,Marketplace,Bebidas,293148.83,256158.0,38,5,5,0.1719,0.12618447087099074
2024-10-21,Eje Cafetero,Marketplace,Cuidado personal,342950.49,281196.0,18,4,4,0.219775,0.18006823667171315
2024-10-21,Eje Cafetero,Marketplace,Hogar,549521.6499999999,425860.0,20,3,3,0.1857333333333333,0.22503508278518222
2024-10-21,Eje Cafetero,Tienda,Alimentos,2606504.09,2115000.0,150,16,16,0.07046875,0.18856831718994152
2024-10-21,Eje Cafetero,Tienda,Bebidas,1712869.8699999999,1304100.0,207,11,11,0.09901818181818181,0.23864619090999592
2024-10-21,Eje Cafetero,Tienda,Cuidado personal,2903363.37,1971000.0,135,17,17,0.14828235294117648,0.3211321667945408
2024-10-21,Eje Cafetero,Tienda,Hogar,5042702.76,3542200.0,178,22,22,0.12351818181818182,0.2975592319068197
2024-10-21,Valle,E-commerce,Alimentos,1364725.74,1208229.0,82,12,12,0.11795833333333333,0.1146726667586705
2024-10-21,Valle,E-commerce,Bebidas,754914.0,625432.5,95,12,12,0.15325,0.17151821267058234
2024-10-21,Valle,E-commerce,Cuidado personal,2273995.2,1724041.0,113,16,16,0.20124375,0.2418449256181368
2024-10-21,Valle,E-commerce,Hogar,2131391.17,1663640.0,80,10,10,0.16842,0.21945815323988602
2024-10-21,Valle,Marketplace,Alimentos,684835.36,603480.0,40,5,5,0.10768,0.11879550144723834
2024-10-21,Valle,Marketplace,Bebidas,275135.99,235935.0,35,5,5,0.18148,0.14247859758368941
2024-10-21,Valle,Marketplace,Cuidado personal,887415.76,640502.0,41,6,6,0.14526666666666668,0.278239097308797
2024-10-21,Valle,Marketplace,Hogar,1961942.4,1618268.0,76,14,14,0.21471428571428572,0.17517048410799416
2024-10-21,Valle,Tienda,Alimentos,8176896.2,6824400.0,484,39,39,0.1022974358974359,0.16540459447192202
2024-10-21,Valle,Tienda,Bebidas,3143744.0500000003,2406600.0,382,24,24,0.08904166666666667,0.23447966446250618
2024-10-21,Valle,Tienda,Cuidado personal,7367460.03,4745000.0,325,37,37,0.1081054054054054,0.3559517146101165
2024-10-21,Valle,Tienda,Hogar,10286642.1,7223700.0,363,39,39,0.11503333333333333,0.2977591783814467
2024-10-28,Antioquia,E-commerce,Alimentos,1636098.06,1488184.5,101,15,15,0.15433333333333332,0.09040629263994118
2024-10-28,Antioquia,E-commerce,Bebidas,663895.27,513513.0,78,11,11,0.0942,0.22651504958003393
2024-10-28,Antioquia,E-commerce,Cuidado personal,2059499.43,1525700.0,100,15,15,0.18646,0.259188918542211
2024-10-28,Antioquia,E-commerce,Hogar,2983907.46,2141936.5,103,13,13,0.10208461538461538,0.282170600558772
2024-10-28,Antioquia,Marketplace,Alimentos,1141246.42,1025916.0,68,12,12,0.11669166666666668,0.10105654482578787
2024-10-28,Antioquia,Marketplace,Bebidas,138179.2,107856.0,16,2,2,0.0594,0.21944836849540314
2024-10-28,Antioquia,Marketplace,Cuidado personal,1354131.01,1077918.0,69,13,13,0.23596923076923076,0.20397805526955623
2024-10-28,Antioquia,Marketplace,Hogar,1093730.06,851720.0,40,5,5,0.15076,0.22127037452001644
2024-10-28,Antioquia,Tienda,Alimentos,6196044.78,5146500.0,365,35,35,0.08590285714285714,0.16938947623293327
2024-10-28,Antioquia,Tienda,Bebidas,2564599.89,1915200.0,304,30,30,0.08322666666666666,0.253216843895287
2024-10-28,Antioquia,Tienda,Cuidado personal,5229435.95,3372600.0,231,30,30,0.10067666666666668,0.35507384883450005
2024-10-28,Antioquia,Tienda,Hogar,9191020.76,6288400.0,316,35,35,0.08632285714285715,0.31581048893202585
2024-10-28,Bogotá,E-commerce,Alimentos,4047688.36,3551014.5,241,32,32,0.1234625,0.12270555829055967
2024-10-28,Bogotá,E-commerce,Bebidas,977975.61,776853.0,118,19,19,0.09485263157894737,0.20565196917334164
2024-10-28,Bogotá,E-commerce,Cuidado personal,2230553.08,1525700.0,100,14,14,0.12674285714285713,0.31599924086989223
2024-10-28,Bogotá,E-commerce,Hogar,3897711.24,2932165.5,141,20,20,0.1375,0.24772120881894785
2024-10-28,Bogotá,Marketplace,Alimentos,1777301.32,1735005.0,115,15,15,0.17618666666666666,0.023798058058045028
2024-10-28,Bogotá,Marketplace,Bebidas,926668.51,768474.0,114,12,12,0.14580833333333335,0.17071316041590753
2024-10-28,Bogotá,Marketplace,Cuidado personal,1509349.27,1202894.0,77,12,12,0.1948,0.20303800855848297
2024-10-28,Bogotá,Marketplace,Hogar,2403922.57,1895077.0,89,13,13,0.17306153846153846,0.21167302822070508
2024-10-28,Bogotá,Tienda,Alimentos,16258921.75,13620600.0,966,73,73,0.07661369863013699,0.1622691707708108
2024-10-28,Bogotá,Tienda,Bebidas,3411773.56,2545200.0,404,44,44,0.08031818181818182,0.25399503945977003
2024-10-28,Bogotá,Tienda,Cuidado personal,11115081.99,7168600.0,491,52,52,0.09872692307692307,0.3550564893313936
2024-10-28,Bogotá,Tienda,Hogar,17185557.77,11959900.0,601,48,48,0.09008958333333333,0.30407263121376127
2024-10-28,Caribe,E-commerce,Alimentos,1508039.27,1281901.5,87,10,10,0.07908000000000001,0.1499548284309599
2024-10-28,Caribe,E-commerce,Bebidas,541403.88,434511.0,66,10,10,0.14508000000000001,0.19743648678690667
2024-10-28,Caribe,E-commerce,Cuidado personal,1525482.27,1113761.0,73,12,12,0.16190833333333332,0.26989580809746155
2024-10-28,Caribe,E-commerce,Hogar,1198389.58,915002.0,44,9,9,0.17801111111111112,0.2364736682707138
2024-10-28,Caribe,Marketplace,Alimentos,660524.38,618567.0,41,4,4,0.14205,0.06352131922821684
2024-10-28,Caribe,Marketplace,Bebidas,132550.12,114597.0,17,3,3,0.15333333333333335,0.13544401166894451
2024-10-28,Caribe,Marketplace,Cuidado personal,934377.17,718612.0,46,7,7,0.1805857142857143,0.2309187091974861
2024-10-28,Caribe,Marketplace,Hogar,1438513.87,1128529.0,53,8,8,0.1640875,0.21548966364849864
2024-10-28,Caribe,Tienda,Alimentos,6177870.49,5273400.0,374,31,31,0.11159032258064515,0.14640489655198327
2024-10-28,Caribe,Tienda,Bebidas,1411209.45,1045800.0,166,19,19,0.0706157894736842,0.2589335339272281
2024-10-28,Caribe,Tienda,Cuidado personal,3359058.28,2204600.0,151,25,25,0.136176,0.34368509974170497
2024-10-28,Caribe,Tienda,Hogar,5582907.66,3920300.0,197,21,21,0.11404285714285714,0.29780318093242475
2024-10-28,Eje Cafetero,E-commerce,Alimentos,1723819.0099999998,1591326.0,108,6,6,0.23173333333333332,0.0768601629471529
2024-10-28,Eje Cafetero,E-commerce,Bebidas,532951.02,414760.5,63,8,8,0.079625,0.22176619532504135
2024-10-28,Eje Cafetero,E-commerce,Cuidado personal,882912.53,686565.0,45,9,9,0.22783333333333333,0.2223861632136991
2024-10-28,Eje Cafetero,E-commerce,Hogar,2294082.2800000003,1767617.5,85,11,11,0.17032727272727272,0.22948818557632564
2024-10-28,Eje Cafetero,Marketplace,Alimentos,607583.33,543132.0,36,4,4,0.1173,0.1060781736720788
2024-10-28,Eje Cafetero,Marketplace,Bebidas,19805.82,20223.0,3,1,1,0.2824,-0.021063505575633842
2024-10-28,Eje Cafetero,Marketplace,Cuidado personal,786294.05,671746.0,43,8,8,0.2397625,0.14568093196177695
2024-10-28,Eje Cafetero,Marketplace,Hogar,1071068.3,830427.0,39,6,6,0.13991666666666666,0.22467409407971464
2024-10-28,Eje Cafetero,Tienda,Alimentos,3944246.5700000003,3285300.0,233,17,17,0.08185882352941176,0.16706525778889128
2024-10-28,Eje Cafetero,Tienda,Bebidas,1170257.77,863100.0,137,14,14,0.07272857142857143,0.2624701821035548
2024-10-28,Eje Cafetero,Tienda,Cuidado personal,2152387.43,1372400.0,94,13,13,0.10802307692307693,0.36238244989193236
2024-10-28,Eje Cafetero,Tienda,Hogar,5546272.76,3840700.0,193,14,14,0.09021428571428572,0.3075169278187465
2024-10-28,Valle,E-commerce,Alimentos,1734858.0,1547122.5,105,16,16,0.131225,0.10821375582324318
2024-10-28,Valle,E-commerce,Bebidas,525828.91,401593.5,61,8,8,0.073125,0.23626584167842735
2024-10-28,Valle,E-commerce,Cuidado personal,1994214.51,1388387.0,91,13,13,0.1356230769230769,0.3037925493782512
2024-10-28,Valle,E-commerce,Hogar,4042672.54,3077734.0,148,23,23,0.15663043478260869,0.23868827624608943
2024-10-28,Valle,Marketplace,Alimentos,435591.11,422436.0,28,4,4,0.19625,0.03020059339594875
2024-10-28,Valle,Marketplace,Bebidas,224901.84,188748.0,28,3,3,0.14816666666666667,0.16075386488612098
2024-10-28,Valle,Marketplace,Cuidado personal,761906.36,593636.0,38,7,7,0.19592857142857142,0.220854384257929
2024-10-28,Valle,Marketplace,Hogar,1739753.6400000001,1426631.0,67,9,9,0.22394444444444442,0.17998102306025357
2024-10-28,Valle,Tienda,Alimentos,7621444.27,6232200.0,442,48,48,0.07544583333333334,0.18228097205518234
2024-10-28,Valle,Tienda,Bebidas,2395801.35,1820700.0,289,25,25,0.077476,0.24004550711184802
2024-10-28,Valle,Tienda,Cuidado personal,6841769.15,4555200.0,312,26,26,0.11402692307692308,0.33420729344543876
2024-10-28,Valle,Tienda,Hogar,6611670.01,4577000.0,230,30,30,0.11387333333333333,0.30773919553193185
2024-11-04,Antioquia,E-commerce,Alimentos,1805334.13,1679733.0,114,12,12,0.153475,0.06957223480841183
2024-11-04,Antioquia,E-commerce,Bebidas,988031.59,776853.0,118,17,17,0.1123764705882353,0.2137366781966961
2024-11-04,Antioquia,E-commerce,Cuidado personal,1816855.29,1296845.0,85,13,13,0.1586,0.28621447886474216
2024-11-04,Antioquia,E-commerce,Hogar,3130415.52,2287505.0,110,14,14,0.13725714285714288,0.2692647396534758
2024-11-04,Antioquia,Marketplace,Alimentos,902159.26,920307.0,61,10,10,0.20598,-0.020115893949811024
2024-11-04,Antioquia,Marketplace,Bebidas,283702.52999999997,256158.0,38,7,7,0.22572857142857145,0.0970894760790465
2024-11-04,Antioquia,Marketplace,Cuidado personal,1536853.97,1187272.0,76,10,10,0.20350000000000001,0.22746596412149683
2024-11-04,Antioquia,Marketplace,Hogar,1234647.09,1022064.0,48,9,9,0.20772222222222222,0.1721812586947417
2024-11-04,Antioquia,Tienda,Alimentos,7117124.51,5992500.0,425,36,36,0.08980555555555556,0.15801669739230118
2024-11-04,Antioquia,Tienda,Bebidas,2098031.67,1575000.0,250,21,21,0.07914285714285715,0.24929636548336753
2024-11-04,Antioquia,Tienda,Cuidado personal,8086042.99,5256000.0,360,35,35,0.09396571428571429,0.34999108878099106
2024-11-04,Antioquia,Tienda,Hogar,9617569.61,6766000.0,340,39,39,0.10887435897435897,0.2964958638859282
2024-11-04,Bogotá,E-commerce,Alimentos,3515129.08,3064776.0,208,27,27,0.0960962962962963,0.1281185042570329
2024-11-04,Bogotá,E-commerce,Bebidas,1450395.81,1191613.5,181,21,21,0.13706666666666667,0.1784218543764271
2024-11-04,Bogotá,E-commerce,Cuidado personal,3003264.43,2135980.0,140,20,20,0.15336,0.2887805753421453
2024-11-04,Bogotá,E-commerce,Hogar,7445259.19,5573194.0,268,30,30,0.13049,0.2514439245465678
2024-11-04,Bogotá,Marketplace,Alimentos,1885610.6199999999,1704831.0,113,16,16,0.12343749999999999,0.09587325086236516
2024-11-04,Bogotá,Marketplace,Bebidas,335501.44,296604.0,44,9,9,0.20874444444444445,0.11593822071225686
2024-11-04,Bogotá,Marketplace,Cuidado personal,1766907.47,1374736.0,88,13,13,0.21083076923076924,0.22195359783045118
2024-11-04,Bogotá,Marketplace,Hogar,2259994.04,1831198.0,86,12,12,0.19852499999999998,0.18973326142045935
2024-11-04,Bogotá,Tienda,Alimentos,15382121.84,12943800.0,918,72,72,0.08884166666666667,0.1585166120358854
2024-11-04,Bogotá,Tienda,Bebidas,6072531.67,4592700.0,729,57,57,0.07879298245614036,0.24369270518765362
2024-11-04,Bogotá,Tienda,Cuidado personal,15281054.209999999,9971800.0,683,64,64,0.10259531250000001,0.34744030987898705
2024-11-04,Bogotá,Tienda,Hogar,22873158.21,16019500.0,805,67,67,0.10943432835820895,0.29963759910529647
2024-11-04,Caribe,E-commerce,Alimentos,1680752.6600000001,1502919.0,102,14,14,0.13895,0.105805966714936
2024-11-04,Caribe,E-commerce,Bebidas,659457.9199999999,526680.0,80,11,11,0.15295454545454545,0.20134403723591635
2024-11-04,Caribe,E-commerce,Cuidado personal,1686214.67,1190046.0,78,12,12,0.14595,0.29425000198818096
2024-11-04,Caribe,E-commerce,Hogar,2901650.69,2141936.5,103,10,10,0.12877,0.2618213807120939
2024-11-04,Caribe,Marketplace,Alimentos,924019.17,890133.0,59,9,9,0.1627777777777778,0.03667258331880716
2024-11-04,Caribe,Marketplace,Bebidas,112670.48,94374.0,14,2,2,0.14534999999999998,0.16238929664629098
2024-11-04,Caribe,Marketplace,Cuidado personal,1149197.35,843588.0,54,9,9,0.16023333333333334,0.26593287045084124
2024-11-04,Caribe,Marketplace,Hogar,1305980.46,1064650.0,50,8,8,0.21557500000000002,0.18478872187720172
2024-11-04,Caribe,Tienda,Alimentos,4923517.42,4032600.0,286,27,27,0.06427037037037037,0.18095141014043573
2024-11-04,Caribe,Tienda,Bebidas,1049783.56,774900.0,123,13,13,0.0747923076923077,0.2618478422352128
2024-11-04,Caribe,Tienda,Cuidado personal,4905864.600000001,3226600.0,221,16,16,0.10473125,0.342297380160064
2024-11-04,Caribe,Tienda,Hogar,9985902.76,6885400.0,346,26,26,0.07168076923076923,0.31048797835479824
2024-11-04,Eje Cafetero,E-commerce,Alimentos,976022.72,884070.0,60,8,8,0.1288125,0.09421165933514332
2024-11-04,Eje Cafetero,E-commerce,Bebidas,340608.08,256756.5,39,6,6,0.0786,0.24618200484263325
2024-11-04,Eje Cafetero,E-commerce,Cuidado personal,1211863.7,884906.0,58,8,8,0.1832,0.26979742028744647
2024-11-04,Eje Cafetero,E-commerce,Hogar,2520857.89,1871595.0,90,10,10,0.14387,0.25755632341496254
2024-11-04,Eje Cafetero,Marketplace,Alimentos,1752178.8599999999,1689744.0,112,9,9,0.17877777777777779,0.035632697908477146
2024-11-04,Eje Cafetero,Marketplace,Bebidas,119907.83,101115.0,15,3,3,0.16419999999999998,0.15672729629082605
2024-11-04,Eje Cafetero,Marketplace,Cuidado personal,378264.63,343684.0,22,6,6,0.31283333333333335,0.09141914748941767
2024-11-04,Eje Cafetero,Marketplace,Hogar,1132945.31,1000771.0,47,6,6,0.2504,0.1166643339562437
2024-11-04,Eje Cafetero,Tienda,Alimentos,4212438.17,3553200.0,252,22,22,0.09551363636363637,0.15649800504965036
2024-11-04,Eje Cafetero,Tienda,Bebidas,1088203.2,825300.0,131,15,15,0.10881333333333333,0.24159384938401207
2024-11-04,Eje Cafetero,Tienda,Cuidado personal,3638113.63,2379800.0,163,22,22,0.11952727272727272,0.3458697990144964
2024-11-04,Eje Cafetero,Tienda,Hogar,2837646.89,1990000.0,100,13,13,0.11913076923076923,0.29871471781325126
2024-11-04,Valle,E-commerce,Alimentos,2747208.47,2416458.0,164,19,19,0.10903684210526315,0.12039511147838015
2024-11-04,Valle,E-commerce,Bebidas,1028992.64,849271.5,129,8,8,0.1108625,0.17465736198074266
2024-11-04,Valle,E-commerce,Cuidado personal,2451336.33,1754555.0,115,11,11,0.15626363636363635,0.2842455037575362
2024-11-04,Valle,E-commerce,Hogar,4150424.0100000002,3119325.0,150,20,20,0.15750999999999998,0.2484322101827857
2024-11-04,Valle,Marketplace,Alimentos,2399588.91,2187615.0,145,12,12,0.11555833333333333,0.0883375936255682
2024-11-04,Valle,Marketplace,Bebidas,357371.71,289863.0,43,5,5,0.10142,0.18890334100592354
2024-11-04,Valle,Marketplace,Cuidado personal,1745074.32,1359114.0,87,13,13,0.20616923076923077,0.221171279398576
2024-11-04,Valle,Marketplace,Hogar,1187112.55,1022064.0,48,8,8,0.2319,0.13903361564158348
2024-11-04,Valle,Tienda,Alimentos,6321136.38,5217000.0,370,40,40,0.07661,0.1746737158675257
2024-11-04,Valle,Tienda,Bebidas,3585857.13,2727900.0,433,36,36,0.09008888888888889,0.23926138128096586
2024-11-04,Valle,Tienda,Cuidado personal,4027679.19,2628000.0,180,26,26,0.11890384615384615,0.3475150636314706
2024-11-04,Valle,Tienda,Hogar,6067659.79,4338200.0,218,24,24,0.13227916666666667,0.28502912982205947
2024-11-11,Antioquia,E-commerce,Alimentos,2590659.4899999998,2269113.0,154,19,19,0.11464210526315789,0.12411761995012312
2024-11-11,Antioquia,E-commerce,Bebidas,1011383.18,803187.0,122,11,11,0.09594545454545456,0.2058529191675899
2024-11-11,Antioquia,E-commerce,Cuidado personal,3411115.99,2456377.0,161,22,22,0.15664999999999998,0.27989050879504107
2024-11-11,Antioquia,E-commerce,Hogar,4730374.43,3722394.5,179,27,27,0.18718888888888888,0.2130867111929657
2024-11-11,Antioquia,Marketplace,Alimentos,1096841.58,1056090.0,70,10,10,0.18429,0.03715356961576901
2024-11-11,Antioquia,Marketplace,Bebidas,315718.68,276381.0,41,7,7,0.17768571428571428,0.12459725221200087
2024-11-11,Antioquia,Marketplace,Cuidado personal,1907153.4100000001,1468468.0,94,15,15,0.21280000000000002,0.23002103957646497
2024-11-11,Antioquia,Marketplace,Hogar,1767533.93,1533096.0,72,10,10,0.25295,0.13263560377593428
2024-11-11,Antioquia,Tienda,Alimentos,11229338.04,9588000.0,680,46,46,0.08800869565217391,0.14616516433590232
2024-11-11,Antioquia,Tienda,Bebidas,1833026.83,1404900.0,223,21,21,0.09887142857142857,0.2335627733283097
2024-11-11,Antioquia,Tienda,Cuidado personal,4923251.66,3197400.0,219,24,24,0.10114166666666667,0.35055117617123804
2024-11-11,Antioquia,Tienda,Hogar,9452670.51,6646600.0,334,33,33,0.11291818181818182,0.2968547890282912
2024-11-11,Bogotá,E-commerce,Alimentos,3032099.11,2725882.5,185,28,28,0.13991785714285715,0.10099162292884281
2024-11-11,Bogotá,E-commerce,Bebidas,1143938.41,921690.0,140,17,17,0.12960588235294118,0.1942835453877276
2024-11-11,Bogotá,E-commerce,Cuidado personal,3184828.71,2242779.0,147,21,21,0.15407142857142858,0.2957928968179893
2024-11-11,Bogotá,E-commerce,Hogar,7329772.46,5614785.0,270,39,39,0.1586974358974359,0.23397553871679122
2024-11-11,Bogotá,Marketplace,Alimentos,1379884.6099999999,1252221.0,83,12,12,0.1469,0.09251759826497367
2024-11-11,Bogotá,Marketplace,Bebidas,447360.17,404460.0,60,10,10,0.19294,0.09589626631266701
2024-11-11,Bogotá,Marketplace,Cuidado personal,2845648.53,2233946.0,143,19,19,0.22089473684210525,0.21496067541412076
2024-11-11,Bogotá,Marketplace,Hogar,3105429.1999999997,2533867.0,119,18,18,0.19903888888888888,0.1840525618809792
2024-11-11,Bogotá,Tienda,Alimentos,12296112.49,10307100.0,731,62,62,0.08738548387096773,0.16175945784633922
2024-11-11,Bogotá,Tienda,Bebidas,6207520.91,4731300.0,751,49,49,0.08406530612244899,0.23781166932871436
2024-11-11,Bogotá,Tienda,Cuidado personal,11154080.459999999,7358400.0,504,50,50,0.11064,0.34029523756905006
2024-11-11,Bogotá,Tienda,Hogar,18446885.830000002,12875300.0,647,70,70,0.10089142857142858,0.30203395203644523
2024-11-11,Caribe,E-commerce,Alimentos,1762335.84,1488184.5,101,11,11,0.0755909090909091,0.15556134862467536
2024-11-11,Caribe,E-commerce,Bebidas,1120335.87,882189.0,134,14,14,0.10163571428571429,0.21256738838505643
2024-11-11,Caribe,E-commerce,Cuidado personal,1675815.17,1174789.0,77,13,13,0.14286923076923078,0.29897459992559916
2024-11-11,Caribe,E-commerce,Hogar,3407018.78,2557846.5,123,13,13,0.1361923076923077,0.24924203088777805
2024-11-11,Caribe,Marketplace,Alimentos,1197896.84,1146612.0,76,4,4,0.21555,0.04281240110792853
2024-11-11,Caribe,Marketplace,Bebidas,225838.46,182007.0,27,3,3,0.1043,0.1940832398520606
2024-11-11,Caribe,Marketplace,Cuidado personal,620662.34,421794.0,27,3,3,0.0727,0.3204130928904112
2024-11-11,Caribe,Marketplace,Hogar,1356833.7,1085943.0,51,7,7,0.1795,0.19964915376143735
2024-11-11,Caribe,Tienda,Alimentos,4619351.15,3821100.0,271,33,33,0.08183939393939393,0.17280590370359705
2024-11-11,Caribe,Tienda,Bebidas,1241976.99,913500.0,145,20,20,0.08061,0.2644791269442117
2024-11-11,Caribe,Tienda,Cuidado personal,5732449.609999999,3679200.0,252,25,25,0.083056,0.3581801410723608
2024-11-11,Caribe,Tienda,Hogar,5903984.97,4099400.0,206,18,18,0.09788888888888889,0.3056554139567872
2024-11-11,Eje Cafetero,E-commerce,Alimentos,1832473.98,1606060.5,109,13,13,0.12183846153846153,0.12355617731608935
2024-11-11,Eje Cafetero,E-commerce,Bebidas,414894.81,329175.0,50,8,8,0.1252375,0.20660612746638118
2024-11-11,Eje Cafetero,E-commerce,Cuidado personal,628808.43,442453.0,29,5,5,0.15114,0.2963628048052728
2024-11-11,Eje Cafetero,E-commerce,Hogar,2493512.59,1913186.0,92,13,13,0.1608153846153846,0.23273457384067184
2024-11-11,Eje Cafetero,Marketplace,Alimentos,348680.82,331914.0,22,3,3,0.13533333333333333,0.04808644192129641
2024-11-11,Eje Cafetero,Marketplace,Bebidas,166006.34,168525.0,25,4,4,0.28217499999999995,-0.015172071138969774
2024-11-11,Eje Cafetero,Marketplace,Cuidado personal,116806.17000000001,93732.0,6,2,2,0.215,0.1975423900980574
2024-11-11,Eje Cafetero,Marketplace,Hogar,586230.18,489739.0,23,3,3,0.23306666666666667,0.16459606361446633
2024-11-11,Eje Cafetero,Tienda,Alimentos,3522963.64,3017400.0,214,24,24,0.11594166666666667,0.14350521085707263
2024-11-11,Eje Cafetero,Tienda,Bebidas,749165.85,560700.0,89,13,13,0.09453076923076922,0.2515675934774656
2024-11-11,Eje Cafetero,Tienda,Cuidado personal,2029901.97,1372400.0,94,17,17,0.14888823529411765,0.32390823779534533
2024-11-11,Eje Cafetero,Tienda,Hogar,4212697.96,2965100.0,149,19,19,0.11566315789473684,0.2961517706339431
2024-11-11,Valle,E-commerce,Alimentos,2160654.86,1915485.0,130,15,15,0.12139333333333333,0.11347016339296313
2024-11-11,Valle,E-commerce,Bebidas,912087.95,730768.5,111,11,11,0.11399090909090909,0.198796015230768
2024-11-11,Valle,E-commerce,Cuidado personal,2332321.66,1632499.0,107,15,15,0.14362,0.3000540928818541
2024-11-11,Valle,E-commerce,Hogar,3663481.72,2682619.5,129,16,16,0.128075,0.26774044337254127
2024-11-11,Valle,Marketplace,Alimentos,1565953.56,1523787.0,101,8,8,0.169875,0.026927082052165107
2024-11-11,Valle,Marketplace,Bebidas,384056.43000000005,350532.0,52,8,8,0.1809,0.08729037553153333
2024-11-11,Valle,Marketplace,Cuidado personal,1141406.17,984186.0,63,13,13,0.2858615384615385,0.13774252683424687
2024-11-11,Valle,Marketplace,Hogar,2046045.54,1639561.0,77,11,11,0.19113636363636363,0.19866837372544505
2024-11-11,Valle,Tienda,Alimentos,8884526.56,7599900.0,539,35,35,0.09119428571428571,0.14459144798819765
2024-11-11,Valle,Tienda,Bebidas,3459867.38,2620800.0,416,35,35,0.08259142857142857,0.2425143185690545
2024-11-11,Valle,Tienda,Cuidado personal,4556222.05,2934600.0,201,24,24,0.10220833333333333,0.35591374437073364
2024-11-11,Valle,Tienda,Hogar,7994566.57,5472500.0,275,31,31,0.09152903225806452,0.3154725835249378
2024-11-18,Antioquia,E-commerce,Alimentos,2261523.05,2018626.5,137,15,15,0.13016,0.10740396831241664
2024-11-18,Antioquia,E-commerce,Bebidas,717371.7,585931.5,89,13,13,0.1494,0.18322467975806678
2024-11-18,Antioquia,E-commerce,Cuidado personal,3336123.86,2425863.0,159,19,19,0.18547894736842105,0.2728498395740019
2024-11-18,Antioquia,E-commerce,Hogar,3900341.38,3098529.5,149,17,17,0.1900764705882353,0.2055747950965256
2024-11-18,Antioquia,Marketplace,Alimentos,916038.49,859959.0,57,10,10,0.15219,0.06121957822973136
2024-11-18,Antioquia,Marketplace,Bebidas,345208.86,289863.0,43,5,5,0.11495999999999999,0.16032572281024302
2024-11-18,Antioquia,Marketplace,Cuidado personal,1266430.91,937320.0,60,8,8,0.178425,0.25987277110916374
2024-11-18,Antioquia,Marketplace,Hogar,1897425.83,1554389.0,73,11,11,0.19218181818181818,0.18079063991660746
2024-11-18,Antioquia,Tienda,Alimentos,9592821.879999999,8008800.0,568,47,47,0.08551702127659574,0.16512574712791384
2024-11-18,Antioquia,Tienda,Bebidas,2515530.82,1877400.0,298,28,28,0.07829642857142857,0.25367640695413934
2024-11-18,Antioquia,Tienda,Cuidado personal,4040079.65,2657200.0,182,20,20,0.116865,0.342290194699503
2024-11-18,Antioquia,Tienda,Hogar,9947466.87,6984900.0,351,40,40,0.11230500000000002,0.29782123516637554
2024-11-18,Bogotá,E-commerce,Alimentos,4476156.24,3934111.5,267,27,27,0.1274814814814815,0.12109602769361781
2024-11-18,Bogotá,E-commerce,Bebidas,1772204.4,1375951.5,209,19,19,0.0702,0.22359322660523803
2024-11-18,Bogotá,E-commerce,Cuidado personal,2650570.49,1937639.0,127,17,17,0.16940588235294118,0.26897284667196314
2024-11-18,Bogotá,E-commerce,Hogar,5289438.59,3992736.0,192,22,22,0.15089090909090908,0.24514937983238783
2024-11-18,Bogotá,Marketplace,Alimentos,957565.64,950481.0,63,11,11,0.2013,0.007398594627935912
2024-11-18,Bogotá,Marketplace,Bebidas,948582.91,829143.0,123,20,20,0.163435,0.12591404371811846
2024-11-18,Bogotá,Marketplace,Cuidado personal,1728378.75,1374736.0,88,15,15,0.2153,0.20460952207379315
2024-11-18,Bogotá,Marketplace,Hogar,3762864.01,3044899.0,143,21,21,0.19524285714285716,0.1908028055470439
2024-11-18,Bogotá,Tienda,Alimentos,16070539.69,13352700.0,947,78,78,0.07092564102564101,0.1691193788402261
2024-11-18,Bogotá,Tienda,Bebidas,2953274.2199999997,2217600.0,352,31,31,0.08097096774193549,0.24910460905320192
2024-11-18,Bogotá,Tienda,Cuidado personal,9143577.32,5971400.0,409,42,42,0.10539285714285714,0.34692956694984234
2024-11-18,Bogotá,Tienda,Hogar,15474639.13,10646500.0,535,60,60,0.09129833333333333,0.31200334233577703
2024-11-18,Caribe,E-commerce,Alimentos,1709931.93,1502919.0,102,12,12,0.12704166666666666,0.12106501221952147
2024-11-18,Caribe,E-commerce,Bebidas,593976.56,493762.5,75,6,6,0.10613333333333334,0.16871719651698047
2024-11-18,Caribe,E-commerce,Cuidado personal,1144651.94,854392.0,56,9,9,0.19051111111111113,0.253579214656291
2024-11-18,Caribe,E-commerce,Hogar,3800023.96,2869779.0,138,18,18,0.15377222222222223,0.24479976173623916
2024-11-18,Caribe,Marketplace,Alimentos,568640.36,573306.0,38,6,6,0.21963333333333335,-0.008204904766168926
2024-11-18,Caribe,Marketplace,Bebidas,260489.58,235935.0,35,6,6,0.207,0.09426319471204947
2024-11-18,Caribe,Marketplace,Cuidado personal,1279849.31,890454.0,57,8,8,0.138675,0.30425090435060675
2024-11-18,Caribe,Marketplace,Hogar,956903.54,702669.0,33,5,5,0.10184,0.26568460599487387
2024-11-18,Caribe,Tienda,Alimentos,5481868.75,4582500.0,325,31,31,0.08110967741935485,0.16406243764956976
2024-11-18,Caribe,Tienda,Bebidas,1435049.06,1096200.0,174,17,17,0.09717647058823531,0.23612367649646768
2024-11-18,Caribe,Tienda,Cuidado personal,3570982.41,2321400.0,159,20,20,0.10891999999999999,0.34992678947416045
2024-11-18,Caribe,Tienda,Hogar,6025349.54,4119300.0,207,21,21,0.09178095238095238,0.31633841777086347
2024-11-18,Eje Cafetero,E-commerce,Alimentos,1342201.16,1193494.5,81,8,8,0.121275,0.11079312433316622
2024-11-18,Eje Cafetero,E-commerce,Bebidas,156394.86,118503.0,18,3,3,0.054900000000000004,0.24228328219993925
2024-11-18,Eje Cafetero,E-commerce,Cuidado personal,1516423.03,1129018.0,74,11,11,0.1758818181818182,0.2554729269707807
2024-11-18,Eje Cafetero,E-commerce,Hogar,1485833.65,1185343.5,57,8,8,0.1704125,0.20223673760518207
2024-11-18,Eje Cafetero,Marketplace,Alimentos,303743.33,286653.0,19,2,2,0.16535,0.05626569643521066
2024-11-18,Eje Cafetero,Marketplace,Bebidas,171018.71000000002,134820.0,20,2,2,0.06820000000000001,0.21166520318157012
2024-11-18,Eje Cafetero,Marketplace,Cuidado personal,679928.94,515526.0,33,6,6,0.20409999999999998,0.24179429691579235
2024-11-18,Eje Cafetero,Marketplace,Hogar,1234171.17,915599.0,43,6,6,0.1059,0.25812640721464913
2024-11-18,Eje Cafetero,Tienda,Alimentos,5177630.39,4286400.0,304,29,29,0.08260344827586208,0.17213094077192323
2024-11-18,Eje Cafetero,Tienda,Bebidas,1007729.4,749700.0,119,13,13,0.09826923076923078,0.25605028492768
2024-11-18,Eje Cafetero,Tienda,Cuidado personal,2718069.25,1737400.0,119,17,17,0.09655294117647059,0.36079627110310014
2024-11-18,Eje Cafetero,Tienda,Hogar,6408245.0,4497400.0,226,21,21,0.1078857142857143,0.2981853846099829
2024-11-18,Valle,E-commerce,Alimentos,2375757.86,2136502.5,145,14,14,0.1396,0.10070696346133519
2024-11-18,Valle,E-commerce,Bebidas,902544.7,724185.0,110,14,14,0.12142857142857143,0.19761868858129683
2024-11-18,Valle,E-commerce,Cuidado personal,2443958.3,1708784.0,112,14,14,0.13092142857142858,0.3008129475858896
2024-11-18,Valle,E-commerce,Hogar,2472542.9,1933981.5,93,14,14,0.18445714285714285,0.2178168071421531
2024-11-18,Valle,Marketplace,Alimentos,918180.2,844872.0,56,9,9,0.1459777777777778,0.07984075457083474
2024-11-18,Valle,Marketplace,Bebidas,242729.83000000002,202230.0,30,4,4,0.150325,0.16685147433259445
2024-11-18,Valle,Marketplace,Cuidado personal,1510883.96,1109162.0,71,9,9,0.1694,0.2658853827530209
2024-11-18,Valle,Marketplace,Hogar,2230808.0,1767319.0,83,9,9,0.1666,0.20776732018174582
2024-11-18,Valle,Tienda,Alimentos,10776178.78,9052200.0,642,44,44,0.08428863636363636,0.15998052883083289
2024-11-18,Valle,Tienda,Bebidas,1871501.26,1379700.0,219,21,21,0.06328095238095238,0.26278435954673096
2024-11-18,Valle,Tienda,Cuidado personal,5669117.4799999995,3606200.0,247,25,25,0.077108,0.36388688138457836
2024-11-18,Valle,Tienda,Hogar,7403695.78,5114300.0,257,25,25,0.088196,0.3092233727626232
2024-11-25,Antioquia,E-commerce,Alimentos,3354270.95,3005838.0,204,20,20,0.13283,0.10387740143651787
2024-11-25,Antioquia,E-commerce,Bebidas,671185.72,546430.5,83,14,14,0.13629285714285716,0.1858728758412798
2024-11-25,Antioquia,E-commerce,Cuidado personal,3561963.37,2563176.0,168,24,24,0.16819583333333332,0.28040360504886386
2024-11-25,Antioquia,E-commerce,Hogar,3107001.6799999997,2245914.0,108,12,12,0.09994166666666666,0.2771442595422091
2024-11-25,Antioquia,Marketplace,Alimentos,785726.66,784524.0,52,10,10,0.21173000000000003,0.001530634075723016
2024-11-25,Antioquia,Marketplace,Bebidas,365706.57,316827.0,47,5,5,0.1722,0.13365789408705456
2024-11-25,Antioquia,Marketplace,Cuidado personal,1003177.0,749856.0,48,10,10,0.1911,0.2525187479378016
2024-11-25,Antioquia,Marketplace,Hogar,1920295.82,1469217.0,69,9,9,0.1356111111111111,0.23490069358167953
2024-11-25,Antioquia,Tienda,Alimentos,6057687.11,4977300.0,353,39,39,0.07244615384615385,0.1783497711884958
2024-11-25,Antioquia,Tienda,Bebidas,2416851.34,1827000.0,290,25,25,0.08722400000000001,0.24405776649878677
2024-11-25,Antioquia,Tienda,Cuidado personal,7571281.25,4905600.0,336,34,34,0.09809705882352941,0.352077959064062
2024-11-25,Antioquia,Tienda,Hogar,8722760.92,6009800.0,302,32,32,0.09349375,0.3110208963517024
2024-11-25,Bogotá,E-commerce,Alimentos,4162214.54,3742563.0,254,27,27,0.12783703703703703,0.1008241012007036
2024-11-25,Bogotá,E-commerce,Bebidas,1604652.21,1296949.5,197,23,23,0.13476521739130434,0.1917566361622996
2024-11-25,Bogotá,E-commerce,Cuidado personal,5731795.71,4043105.0,265,35,35,0.1493942857142857,0.2946180909856608
2024-11-25,Bogotá,E-commerce,Hogar,4643121.42,3431257.5,165,24,24,0.11370000000000001,0.2610019877533162
2024-11-25,Bogotá,Marketplace,Alimentos,1840726.7,1704831.0,113,15,15,0.12737333333333334,0.0738272009636194
2024-11-25,Bogotá,Marketplace,Bebidas,336745.83,310086.0,46,6,6,0.2016,0.07916899817289501
2024-11-25,Bogotá,Marketplace,Cuidado personal,2042933.07,1499712.0,96,13,13,0.1591,0.2659025290534849
2024-11-25,Bogotá,Marketplace,Hogar,1878341.72,1575682.0,74,12,12,0.1942,0.1611313408936048
2024-11-25,Bogotá,Tienda,Alimentos,18108155.53,15270300.0,1083,78,78,0.08446923076923077,0.1567169845265848
2024-11-25,Bogotá,Tienda,Bebidas,4048107.57,3093300.0,491,38,38,0.09527894736842106,0.23586516748614955
2024-11-25,Bogotá,Tienda,Cuidado personal,9270561.06,5942200.0,407,48,48,0.09977083333333332,0.3590247708265459
2024-11-25,Bogotá,Tienda,Hogar,16835265.02,11561900.0,581,62,62,0.0906225806451613,0.3132332644443277
2024-11-25,Caribe,E-commerce,Alimentos,1279828.26,1164025.5,79,9,9,0.13056666666666666,0.09048304653000865
2024-11-25,Caribe,E-commerce,Bebidas,788794.24,612265.5,93,8,8,0.0751,0.22379567578992463
2024-11-25,Caribe,E-commerce,Cuidado personal,1174924.57,930677.0,61,10,10,0.20561,0.20788361758406335
2024-11-25,Caribe,E-commerce,Hogar,3034368.41,2204323.0,106,15,15,0.09986666666666667,0.2735480000597555
2024-11-25,Caribe,Marketplace,Alimentos,612000.88,558219.0,37,5,5,0.11986,0.08787876252726957
2024-11-25,Caribe,Marketplace,Bebidas,843811.8,728028.0,108,5,5,0.12222,0.13721519419377642
2024-11-25,Caribe,Marketplace,Cuidado personal,425420.82,359306.0,23,4,4,0.224675,0.15541040045947918
2024-11-25,Caribe,Marketplace,Hogar,646312.3200000001,511032.0,24,6,6,0.16935,0.20931106496623808
2024-11-25,Caribe,Tienda,Alimentos,7711632.66,6373200.0,452,39,39,0.07198461538461538,0.1735602198665931
2024-11-25,Caribe,Tienda,Bebidas,1229915.3,894600.0,142,17,17,0.06258235294117648,0.2726328390255817
2024-11-25,Caribe,Tienda,Cuidado personal,4221299.12,2759400.0,189,21,21,0.10971904761904762,0.34631497992494786
2024-11-25,Caribe,Tienda,Hogar,8176360.43,5611800.0,282,24,24,0.07684166666666666,0.3136555013634593
2024-11-25,Eje Cafetero,E-commerce,Alimentos,1119489.08,987211.5,67,11,11,0.1125,0.11815888369362215
2024-11-25,Eje Cafetero,E-commerce,Bebidas,436442.0,375259.5,57,9,9,0.18125555555555556,0.14018472099385484
2024-11-25,Eje Cafetero,E-commerce,Cuidado personal,1013933.03,762850.0,50,11,11,0.2016909090909091,0.2476327553901662
2024-11-25,Eje Cafetero,E-commerce,Hogar,2126387.27,1642844.5,79,8,8,0.193075,0.22740108390509695
2024-11-25,Eje Cafetero,Marketplace,Alimentos,253484.66,241392.0,16,4,4,0.129675,0.04770568759466551
2024-11-25,Eje Cafetero,Marketplace,Bebidas,88543.48999999999,80892.0,12,2,2,0.198,0.08641504869527948
2024-11-25,Eje Cafetero,Marketplace,Cuidado personal,799716.17,687368.0,44,8,8,0.270675,0.1404850548413946
2024-11-25,Eje Cafetero,Marketplace,Hogar,791401.21,681376.0,32,7,7,0.2245285714285714,0.13902582989480136
2024-11-25,Eje Cafetero,Tienda,Alimentos,5195919.07,4342800.0,308,21,21,0.07013333333333334,0.16419021514898235
2024-11-25,Eje Cafetero,Tienda,Bebidas,1556322.5,1171800.0,186,20,20,0.08332500000000001,0.24707122077846977
2024-11-25,Eje Cafetero,Tienda,Cuidado personal,4153523.24,2715600.0,186,23,23,0.1031304347826087,0.3461936185049491
2024-11-25,Eje Cafetero,Tienda,Hogar,3589809.4699999997,2407900.0,121,14,14,0.06958571428571428,0.3292401671668663
2024-11-25,Valle,E-commerce,Alimentos,1669498.39,1488184.5,101,13,13,0.11985384615384616,0.10860381243015149
2024-11-25,Valle,E-commerce,Bebidas,962406.37,757102.5,115,13,13,0.11283076923076923,0.21332347374217817
2024-11-25,Valle,E-commerce,Cuidado personal,3609721.58,2639461.0,173,26,26,0.18022307692307693,0.26879097417812486
2024-11-25,Valle,E-commerce,Hogar,3767803.39,2765801.5,133,16,16,0.11761875000000001,0.26593794481404726
2024-11-25,Valle,Marketplace,Alimentos,644372.71,618567.0,41,5,5,0.17099999999999999,0.0400478009070247
2024-11-25,Valle,Marketplace,Bebidas,373344.12,303345.0,45,6,6,0.12573333333333334,0.18749222567105114
2024-11-25,Valle,Marketplace,Cuidado personal,680108.86,531148.0,34,5,5,0.21644000000000002,0.2190250249055717
2024-11-25,Valle,Marketplace,Hogar,866321.24,681376.0,32,5,5,0.16226000000000002,0.213483441777325
2024-11-25,Valle,Tienda,Alimentos,11261912.45,9475200.0,672,41,41,0.08774146341463414,0.15865089148335543
2024-11-25,Valle,Tienda,Bebidas,2991773.2199999997,2230200.0,354,35,35,0.08007428571428571,0.25455579818312557
2024-11-25,Valle,Tienda,Cuidado personal,5912039.850000001,3927400.0,269,23,23,0.1021695652173913,0.3356945995551773
2024-11-25,Valle,Tienda,Hogar,9499134.55,6606800.0,332,36,36,0.1057361111111111,0.30448400691408256
2024-12-02,Antioquia,E-commerce,Alimentos,4218996.390000001,3742563.0,254,18,18,0.10678888888888889,0.11292576384498887
2024-12-02,Antioquia,E-commerce,Bebidas,735414.1,559597.5,85,10,10,0.058750000000000004,0.2390715652582674
2024-12-02,Antioquia,E-commerce,Cuidado personal,3668353.25,2563176.0,168,26,26,0.1490576923076923,0.30127339835660594
2024-12-02,Antioquia,E-commerce,Hogar,2827256.62,2204323.0,106,17,17,0.1744294117647059,0.22033147454439422
2024-12-02,Antioquia,Marketplace,Alimentos,846960.5,799611.0,53,9,9,0.1265777777777778,0.05590520455204227
2024-12-02,Antioquia,Marketplace,Bebidas,233250.01,188748.0,28,5,5,0.10496000000000001,0.19079103147734058
2024-12-02,Antioquia,Marketplace,Cuidado personal,1833851.2,1452846.0,93,19,19,0.22317894736842106,0.207762330989559
2024-12-02,Antioquia,Marketplace,Hogar,2822516.62,2235765.0,105,14,14,0.17243571428571428,0.207882432238787
2024-12-02,Antioquia,Tienda,Alimentos,10122278.41,8319000.0,590,55,55,0.07669636363636365,0.17814945775631952
2024-12-02,Antioquia,Tienda,Bebidas,2418861.75,1820700.0,289,28,28,0.08685,0.24729059029520806
2024-12-02,Antioquia,Tienda,Cuidado personal,6131266.22,3854400.0,264,35,35,0.07286,0.37135334501916306
2024-12-02,Antioquia,Tienda,Hogar,10287602.22,7223700.0,363,37,37,0.12047297297297296,0.297824717021378
2024-12-02,Bogotá,E-commerce,Alimentos,6234137.21,5466499.5,371,40,40,0.1255225,0.12313455481356016
2024-12-02,Bogotá,E-commerce,Bebidas,1390473.49,1125778.5,171,25,25,0.134744,0.1903632049827861
2024-12-02,Bogotá,E-commerce,Cuidado personal,5828307.09,4134647.0,271,36,36,0.157675,0.29059211600327667
2024-12-02,Bogotá,E-commerce,Hogar,4751638.79,3576826.0,172,22,22,0.14574545454545454,0.24724370725999567
2024-12-02,Bogotá,Marketplace,Alimentos,3465610.67,3273879.0,217,26,26,0.1628423076923077,0.055324065008144706
2024-12-02,Bogotá,Marketplace,Bebidas,299790.55,269640.0,40,8,8,0.18032499999999999,0.10057204938581282
2024-12-02,Bogotá,Marketplace,Cuidado personal,1552436.58,1296626.0,83,16,16,0.25108125000000003,0.16478005175580188
2024-12-02,Bogotá,Marketplace,Hogar,2013314.4100000001,1639561.0,77,11,11,0.19195454545454546,0.18564085576678513
2024-12-02,Bogotá,Tienda,Alimentos,20831760.17,17568600.0,1246,97,97,0.09257113402061856,0.15664351660016262
2024-12-02,Bogotá,Tienda,Bebidas,5170291.96,3887100.0,617,48,48,0.08515833333333334,0.2481855898907496
2024-12-02,Bogotá,Tienda,Cuidado personal,16223232.99,10701800.0,733,66,66,0.11811060606060607,0.340341101764575
2024-12-02,Bogotá,Tienda,Hogar,19419672.41,13313100.0,669,72,72,0.08793611111111112,0.31445290533611014
2024-12-02,Caribe,E-commerce,Alimentos,1895375.24,1650264.0,112,14,14,0.10627857142857143,0.12932069324700052
2024-12-02,Caribe,E-commerce,Bebidas,501322.34,401593.5,61,10,10,0.10383,0.19893156965636125
2024-12-02,Caribe,E-commerce,Cuidado personal,1326973.47,991705.0,65,8,8,0.2061125,0.25265649809863944
2024-12-02,Caribe,E-commerce,Hogar,4744414.78,3368871.0,162,15,15,0.07264666666666668,0.2899290731911935
2024-12-02,Caribe,Marketplace,Alimentos,188840.2,165957.0,11,2,2,0.10845,0.12117758824657043
2024-12-02,Caribe,Marketplace,Bebidas,408747.99,350532.0,52,7,7,0.17292857142857146,0.1424251407328021
2024-12-02,Caribe,Marketplace,Cuidado personal,1594032.98,1281004.0,82,12,12,0.22995833333333335,0.1963754727333182
2024-12-02,Caribe,Marketplace,Hogar,2697375.1,2193179.0,103,14,14,0.19026428571428572,0.18692101814093268
2024-12-02,Caribe,Tienda,Alimentos,7101280.72,6048900.0,429,32,32,0.1044125,0.14819590458325096
2024-12-02,Caribe,Tienda,Bebidas,2888132.8600000003,2230200.0,354,22,22,0.08275909090909091,0.2278056072531235
2024-12-02,Caribe,Tienda,Cuidado personal,4365671.94,3007600.0,206,17,17,0.16652941176470587,0.3110797051782137
2024-12-02,Caribe,Tienda,Hogar,6042632.83,4218800.0,212,24,24,0.11525,0.30182751150213444
2024-12-02,Eje Cafetero,E-commerce,Alimentos,938375.95,825132.0,56,8,8,0.127525,0.1206807889737583
2024-12-02,Eje Cafetero,E-commerce,Bebidas,256675.88,197505.0,30,5,5,0.09994,0.2305276210604596
2024-12-02,Eje Cafetero,E-commerce,Cuidado personal,1483927.6,1067990.0,70,7,7,0.16512857142857146,0.28029507639051937
2024-12-02,Eje Cafetero,E-commerce,Hogar,3146359.7800000003,2329096.0,112,14,14,0.13674285714285714,0.2597489915790877
2024-12-02,Eje Cafetero,Marketplace,Alimentos,839616.66,875046.0,58,10,10,0.21933000000000002,-0.04219704263610011
2024-12-02,Eje Cafetero,Marketplace,Bebidas,664049.61,572985.0,85,6,6,0.16546666666666668,0.13713525108462904
2024-12-02,Eje Cafetero,Marketplace,Cuidado personal,2172675.59,1671554.0,107,16,16,0.20400625,0.23064722239549804
2024-12-02,Eje Cafetero,Marketplace,Hogar,864150.53,723962.0,34,6,6,0.2248,0.16222697913522083
2024-12-02,Eje Cafetero,Tienda,Alimentos,3160008.96,2650800.0,188,23,23,0.10781739130434782,0.16114161904148525
2024-12-02,Eje Cafetero,Tienda,Bebidas,609019.38,441000.0,70,11,11,0.06029090909090909,0.2758851122274631
2024-12-02,Eje Cafetero,Tienda,Cuidado personal,4129704.24,2730200.0,187,20,20,0.103075,0.3388872807026975
2024-12-02,Eje Cafetero,Tienda,Hogar,2383710.3899999997,1651700.0,83,13,13,0.09262307692307692,0.3070886434320571
2024-12-02,Valle,E-commerce,Alimentos,2567480.4899999998,2269113.0,154,19,19,0.12159473684210526,0.11621022678150897
2024-12-02,Valle,E-commerce,Bebidas,986131.04,822937.5,125,11,11,0.14664545454545455,0.1654886961067568
2024-12-02,Valle,E-commerce,Cuidado personal,2559837.0,1815583.0,119,17,17,0.1605235294117647,0.29074273088481806
2024-12-02,Valle,E-commerce,Hogar,4436735.86,3264893.5,157,19,19,0.12438947368421052,0.2641226336156059
2024-12-02,Valle,Marketplace,Alimentos,1267735.53,1176786.0,78,12,12,0.13235833333333333,0.07174172202935736
2024-12-02,Valle,Marketplace,Bebidas,636872.79,539280.0,80,10,10,0.1429,0.15323749347181254
2024-12-02,Valle,Marketplace,Cuidado personal,1724659.6,1359114.0,87,11,11,0.21930000000000002,0.21195231801104408
2024-12-02,Valle,Marketplace,Hogar,3025258.67,2427402.0,114,14,14,0.18137142857142857,0.19762166981906376
2024-12-02,Valle,Tienda,Alimentos,8593493.57,7148700.0,507,45,45,0.09016888888888888,0.16812645034654983
2024-12-02,Valle,Tienda,Bebidas,3802346.2600000002,2910600.0,462,35,35,0.1060342857142857,0.23452526388272701
2024-12-02,Valle,Tienda,Cuidado personal,7479043.78,4964000.0,340,34,34,0.12611764705882353,0.33627878830253355
2024-12-02,Valle,Tienda,Hogar,7211008.6,4875500.0,245,28,28,0.07452857142857143,0.3238809894083332
2024-12-09,Antioquia,E-commerce,Alimentos,3581663.12,3197386.5,217,25,25,0.134652,0.10728999549237342
2024-12-09,Antioquia,E-commerce,Bebidas,1327712.85,1059943.5,161,20,20,0.13570500000000002,0.20167715481551607
2024-12-09,Antioquia,E-commerce,Cuidado personal,4614450.42,3249741.0,213,29,29,0.15722413793103449,0.2957469028348559
2024-12-09,Antioquia,E-commerce,Hogar,4683492.31,3452053.0,166,20,20,0.12598499999999999,0.26293185266274083
2024-12-09,Antioquia,Marketplace,Alimentos,1160092.26,1056090.0,70,10,10,0.1163,0.08964999042403748
2024-12-09,Antioquia,Marketplace,Bebidas,480807.23,411201.0,61,9,9,0.1748333333333333,0.14476951604908267
2024-12-09,Antioquia,Marketplace,Cuidado personal,1059411.81,796722.0,51,6,6,0.17671666666666666,0.24795816652261035
2024-12-09,Antioquia,Marketplace,Hogar,1742866.66,1447924.0,68,13,13,0.18387692307692308,0.16922847098354613
2024-12-09,Antioquia,Tienda,Alimentos,9859977.52,8192100.0,581,50,50,0.082232,0.16915632075396453
2024-12-09,Antioquia,Tienda,Bebidas,3479933.77,2627100.0,417,28,28,0.0716,0.24507183939882857
2024-12-09,Antioquia,Tienda,Cuidado personal,6524079.56,4234000.0,290,34,34,0.09526470588235293,0.3510195635934274
2024-12-09,Antioquia,Tienda,Hogar,13658890.059999999,9412700.0,473,42,42,0.08517142857142856,0.31087372702668925
2024-12-09,Bogotá,E-commerce,Alimentos,4907434.74,4243536.0,288,39,39,0.10764615384615385,0.13528427277669722
2024-12-09,Bogotá,E-commerce,Bebidas,2181470.24,1724877.0,262,24,24,0.10805833333333333,0.20930528027739684
2024-12-09,Bogotá,E-commerce,Cuidado personal,5554850.93,3951563.0,259,40,40,0.1605025,0.2886284348948316
2024-12-09,Bogotá,E-commerce,Hogar,6635146.76,4928533.5,237,30,30,0.12956666666666666,0.25720806513102656
2024-12-09,Bogotá,Marketplace,Alimentos,1071457.42,995742.0,66,9,9,0.1650888888888889,0.07066582263250361
2024-12-09,Bogotá,Marketplace,Bebidas,251837.57,215712.0,32,7,7,0.16112857142857143,0.14344789778586256
2024-12-09,Bogotá,Marketplace,Cuidado personal,1427868.43,1140406.0,73,12,12,0.2333666666666667,0.2013227717346478
2024-12-09,Bogotá,Marketplace,Hogar,4397375.03,3534638.0,166,22,22,0.17445454545454545,0.1961936437338619
2024-12-09,Bogotá,Tienda,Alimentos,23623740.21,19824600.0,1406,94,94,0.07815744680851064,0.16081874318918446
2024-12-09,Bogotá,Tienda,Bebidas,6334474.83,4863600.0,772,53,53,0.09610188679245282,0.23220154305988458
2024-12-09,Bogotá,Tienda,Cuidado personal,12706178.53,8219800.0,563,62,62,0.09793064516129033,0.35308637600262016
2024-12-09,Bogotá,Tienda,Hogar,17603986.57,12158900.0,611,66,66,0.09438636363636363,0.3093098570797194
2024-12-09,Caribe,E-commerce,Alimentos,1910058.02,1650264.0,112,12,12,0.09148333333333335,0.13601367983575705
2024-12-09,Caribe,E-commerce,Bebidas,263509.64,210672.0,32,5,5,0.11739999999999999,0.20051501721151457
2024-12-09,Caribe,E-commerce,Cuidado personal,2569248.02,1861354.0,122,15,15,0.17949333333333334,0.27552576259258926
2024-12-09,Caribe,E-commerce,Hogar,3512221.4,2537051.0,122,13,13,0.10865384615384614,0.2776506059669245
2024-12-09,Caribe,Marketplace,Alimentos,627806.36,603480.0,40,7,7,0.18774285714285716,0.03874818980808029
2024-12-09,Caribe,Marketplace,Bebidas,284776.94,249417.0,37,6,6,0.1698333333333333,0.12416714639886221
2024-12-09,Caribe,Marketplace,Cuidado personal,1077618.81,796722.0,51,8,8,0.1659875,0.26066435310274516
2024-12-09,Caribe,Marketplace,Hogar,1027883.6100000001,873013.0,41,8,8,0.2452125,0.15066940312434798
2024-12-09,Caribe,Tienda,Alimentos,5103085.49,4201800.0,298,30,30,0.08261333333333334,0.1766157928896465
2024-12-09,Caribe,Tienda,Bebidas,3613171.14,2772000.0,440,39,39,0.09967435897435897,0.2328068910679941
2024-12-09,Caribe,Tienda,Cuidado personal,5066772.720000001,3285000.0,225,20,20,0.091165,0.3516583076574235
2024-12-09,Caribe,Tienda,Hogar,6281876.13,4358100.0,219,21,21,0.09127142857142857,0.30624228975365037
2024-12-09,Eje Cafetero,E-commerce,Alimentos,2413240.3,2092299.0,142,19,19,0.10484736842105263,0.1329918533185443
2024-12-09,Eje Cafetero,E-commerce,Bebidas,254445.42,204088.5,31,4,4,0.11699999999999999,0.19790853378300152
2024-12-09,Eje Cafetero,E-commerce,Cuidado personal,2791096.6,1907125.0,125,16,16,0.1263125,0.3167112166594306
2024-12-09,Eje Cafetero,E-commerce,Hogar,2943259.86,2183527.5,105,12,12,0.1371,0.25812615811639544
2024-12-09,Eje Cafetero,Marketplace,Alimentos,736078.61,663828.0,44,9,9,0.11988888888888888,0.0981561059083078
2024-12-09,Eje Cafetero,Marketplace,Bebidas,53671.700000000004,53928.0,8,2,2,0.21965,-0.004775328525088559
2024-12-09,Eje Cafetero,Marketplace,Cuidado personal,962891.67,812344.0,52,11,11,0.2339090909090909,0.156349540338219
2024-12-09,Eje Cafetero,Marketplace,Hogar,1323206.17,1107236.0,52,7,7,0.19405714285714287,0.1632173238732706
2024-12-09,Eje Cafetero,Tienda,Alimentos,6373340.05,5358000.0,380,29,29,0.08867931034482758,0.159310509408642
2024-12-09,Eje Cafetero,Tienda,Bebidas,942050.1,693000.0,110,13,13,0.07602307692307692,0.2643703344439961
2024-12-09,Eje Cafetero,Tienda,Cuidado personal,3654347.12,2423600.0,166,16,16,0.12608125,0.33678987780449277
2024-12-09,Eje Cafetero,Tienda,Hogar,4587970.359999999,3164100.0,159,17,17,0.10018235294117647,0.31034863965424564
2024-12-09,Valle,E-commerce,Alimentos,2638380.56,2357520.0,160,20,20,0.12605,0.10645187591891597
2024-12-09,Valle,E-commerce,Bebidas,762519.62,599098.5,91,11,11,0.08421818181818182,0.21431726569868456
2024-12-09,Valle,E-commerce,Cuidado personal,1802452.04,1327359.0,87,14,14,0.21475714285714287,0.26358151532287094
2024-12-09,Valle,E-commerce,Hogar,3397972.79,2516255.5,121,13,13,0.12774615384615384,0.2594833285878078
2024-12-09,Valle,Marketplace,Alimentos,468926.05,437523.0,29,5,5,0.13226,0.06696802193011028
2024-12-09,Valle,Marketplace,Bebidas,435975.3,424683.0,63,8,8,0.2401125,0.02590123798297745
2024-12-09,Valle,Marketplace,Cuidado personal,1097717.02,906076.0,58,12,12,0.25429166666666664,0.17458144176356127
2024-12-09,Valle,Marketplace,Hogar,1612992.11,1277580.0,60,7,7,0.14825714285714287,0.2079440487777712
2024-12-09,Valle,Tienda,Alimentos,14209822.94,11928600.0,846,56,56,0.08483035714285714,0.16053844932708217
2024-12-09,Valle,Tienda,Bebidas,3197177.86,2406600.0,382,28,28,0.07427857142857143,0.2472736565240696
2024-12-09,Valle,Tienda,Cuidado personal,6341525.64,4102600.0,281,30,30,0.09699333333333333,0.35305788655614423
2024-12-09,Valle,Tienda,Hogar,10051168.33,6845600.0,344,39,39,0.09006666666666667,0.31892494730510595
2024-12-16,Antioquia,E-commerce,Alimentos,3174440.21,2784820.5,189,20,20,0.10075,0.12273650918755215
2024-12-16,Antioquia,E-commerce,Bebidas,1210009.67,954607.5,145,20,20,0.105765,0.21107448670224258
2024-12-16,Antioquia,E-commerce,Cuidado personal,3278219.04,2380092.0,156,22,22,0.16541363636363637,0.27396797744180024
2024-12-16,Antioquia,E-commerce,Hogar,5691176.93,4346259.5,209,29,29,0.15720344827586208,0.23631622185395662
2024-12-16,Antioquia,Marketplace,Alimentos,1004337.75,950481.0,63,10,10,0.15958999999999998,0.05362414187856625
2024-12-16,Antioquia,Marketplace,Bebidas,725611.4500000001,613431.0,91,12,12,0.17369166666666666,0.15460126766191473
2024-12-16,Antioquia,Marketplace,Cuidado personal,1264745.17,999808.0,64,11,11,0.20204545454545456,0.20947869680340422
2024-12-16,Antioquia,Marketplace,Hogar,747985.87,638790.0,30,4,4,0.19905,0.14598654116286983
2024-12-16,Antioquia,Tienda,Alimentos,8823728.89,7346100.0,521,46,46,0.08982608695652174,0.16746082165722576
2024-12-16,Antioquia,Tienda,Bebidas,4107955.83,3068100.0,487,49,49,0.08223877551020409,0.2531321837508657
2024-12-16,Antioquia,Tienda,Cuidado personal,6498173.44,4248600.0,291,35,35,0.1219,0.34618550286032385
2024-12-16,Antioquia,Tienda,Hogar,11750523.59,8238600.0,414,35,35,0.09380571428571428,0.298873795971844
2024-12-16,Bogotá,E-commerce,Alimentos,9899074.58,8884903.5,603,41,41,0.11909268292682926,0.10245110002999898
2024-12-16,Bogotá,E-commerce,Bebidas,1594551.59,1231114.5,187,21,21,0.08955714285714286,0.22792432197192194
2024-12-16,Bogotá,E-commerce,Cuidado personal,3988478.03,2883573.0,189,28,28,0.1660142857142857,0.27702422369868235
2024-12-16,Bogotá,E-commerce,Hogar,5296188.22,4075918.0,196,26,26,0.16861538461538464,0.23040537256434587
2024-12-16,Bogotá,Marketplace,Alimentos,2758358.91,2564790.0,170,21,21,0.14045238095238094,0.07017538917732796
2024-12-16,Bogotá,Marketplace,Bebidas,1125079.91,936999.0,139,18,18,0.14012777777777777,0.1671711567581008
2024-12-16,Bogotá,Marketplace,Cuidado personal,1523087.59,1187272.0,76,13,13,0.1933,0.22048343916977228
2024-12-16,Bogotá,Marketplace,Hogar,2239168.87,1767319.0,83,12,12,0.17533333333333334,0.21072545100182644
2024-12-16,Bogotá,Tienda,Alimentos,23034043.28,19429800.0,1378,90,90,0.08305666666666667,0.1564746248058626
2024-12-16,Bogotá,Tienda,Bebidas,5907245.82,4485600.0,712,55,55,0.08606181818181817,0.240661361202673
2024-12-16,Bogotá,Tienda,Cuidado personal,14908881.4,9665200.0,662,65,65,0.1054123076923077,0.3517152802624079
2024-12-16,Bogotá,Tienda,Hogar,24310512.14,16755800.0,842,83,83,0.09358554216867469,0.3107590698416278
2024-12-16,Caribe,E-commerce,Alimentos,1359080.95,1164025.5,79,10,10,0.09834,0.14352011188148872
2024-12-16,Caribe,E-commerce,Bebidas,329529.82,269923.5,41,6,6,0.15986666666666668,0.18088293193010577
2024-12-16,Caribe,E-commerce,Cuidado personal,2905540.76,2090209.0,137,20,20,0.15854,0.2806127421182692
2024-12-16,Caribe,E-commerce,Hogar,5223131.5,3847167.5,185,22,22,0.13828636363636362,0.2634365992891429
2024-12-16,Caribe,Marketplace,Alimentos,685160.04,678915.0,45,8,8,0.1937375,0.009114717198043302
2024-12-16,Caribe,Marketplace,Bebidas,104687.53,80892.0,12,2,2,0.055400000000000005,0.22730051993776143
2024-12-16,Caribe,Marketplace,Cuidado personal,2312032.5500000003,1796530.0,115,9,9,0.23742222222222223,0.22296509190582123
2024-12-16,Caribe,Marketplace,Hogar,1709911.78,1277580.0,60,7,7,0.12171428571428573,0.2528386464475963
2024-12-16,Caribe,Tienda,Alimentos,6248326.93,5188800.0,368,33,33,0.08104848484848484,0.16956970111677555
2024-12-16,Caribe,Tienda,Bebidas,2660109.09,2053800.0,326,27,27,0.10823703703703703,0.22792640056727895
2024-12-16,Caribe,Tienda,Cuidado personal,3056770.85,2014800.0,138,18,18,0.12431666666666669,0.3408730654442089
2024-12-16,Caribe,Tienda,Hogar,6057976.43,4179000.0,210,26,26,0.09953846153846155,0.31016568844590237
2024-12-16,Eje Cafetero,E-commerce,Alimentos,1970463.58,1797609.0,122,10,10,0.12872999999999998,0.08772279871318407
2024-12-16,Eje Cafetero,E-commerce,Bebidas,777940.98,651766.5,99,9,9,0.15862222222222222,0.16219029880647243
2024-12-16,Eje Cafetero,E-commerce,Cuidado personal,1552685.9500000002,1083247.0,71,10,10,0.14164,0.30233992263535336
2024-12-16,Eje Cafetero,E-commerce,Hogar,2092158.93,1622049.0,78,9,9,0.13988888888888887,0.22470086916389279
2024-12-16,Eje Cafetero,Marketplace,Alimentos,455757.56,407349.0,27,3,3,0.0953,0.10621559409787958
2024-12-16,Eje Cafetero,Marketplace,Bebidas,148296.41999999998,134820.0,20,3,3,0.19909999999999997,0.09087488423523633
2024-12-16,Eje Cafetero,Marketplace,Cuidado personal,497663.2,406172.0,26,5,5,0.2519,0.18384160211162892
2024-12-16,Eje Cafetero,Marketplace,Hogar,380402.53,361981.0,17,3,3,0.2926,0.04842641293684358
2024-12-16,Eje Cafetero,Tienda,Alimentos,5702550.39,4794000.0,340,32,32,0.098340625,0.15932351805136785
2024-12-16,Eje Cafetero,Tienda,Bebidas,1979513.6,1486800.0,236,22,22,0.0830590909090909,0.24890639801615916
2024-12-16,Eje Cafetero,Tienda,Cuidado personal,2089942.42,1430800.0,98,13,13,0.15795384615384614,0.31538783733572906
2024-12-16,Eje Cafetero,Tienda,Hogar,7225684.01,4994900.0,251,25,25,0.095232,0.3087298042528156
2024-12-16,Valle,E-commerce,Alimentos,3348873.74,2946900.0,200,21,21,0.1192952380952381,0.12003251576752494
2024-12-16,Valle,E-commerce,Bebidas,716325.9,553014.0,84,10,10,0.08088,0.22798547420943457
2024-12-16,Valle,E-commerce,Cuidado personal,2708498.22,1937639.0,127,17,17,0.16730588235294117,0.28460761550731245
2024-12-16,Valle,E-commerce,Hogar,2773305.38,2141936.5,103,16,16,0.172625,0.22765934272986552
2024-12-16,Valle,Marketplace,Alimentos,1230509.6600000001,1176786.0,78,12,12,0.17343333333333333,0.04365968163143079
2024-12-16,Valle,Marketplace,Bebidas,349877.45,296604.0,44,7,7,0.1601142857142857,0.15226317100459036
2024-12-16,Valle,Marketplace,Cuidado personal,2039172.5,1671554.0,107,18,18,0.2526,0.1802782746432683
2024-12-16,Valle,Marketplace,Hogar,950330.5499999999,745255.0,35,6,6,0.1657,0.21579391507512827
2024-12-16,Valle,Tienda,Alimentos,12119628.9,10166100.0,721,61,61,0.08807868852459017,0.16118718783542954
2024-12-16,Valle,Tienda,Bebidas,2059105.71,1549800.0,246,13,13,0.07106153846153845,0.24734315850156133
2024-12-16,Valle,Tienda,Cuidado personal,6469157.83,4161000.0,285,34,34,0.09219705882352941,0.35679417486093395
2024-12-16,Valle,Tienda,Hogar,10491382.44,7283400.0,366,45,45,0.10706222222222223,0.3057730912342949
2024-12-23,Antioquia,E-commerce,Alimentos,4001928.45,3477342.0,236,24,24,0.10544166666666666,0.13108341554682224
2024-12-23,Antioquia,E-commerce,Bebidas,753079.14,625432.5,95,9,9,0.16859999999999997,0.16949963585500458
2024-12-23,Antioquia,E-commerce,Cuidado personal,2540834.6,1830840.0,120,17,17,0.17941176470588235,0.2794336160252226
2024-12-23,Antioquia,E-commerce,Hogar,2595292.31,2017163.5,97,16,16,0.1670875,0.22276057605241392
2024-12-23,Antioquia,Marketplace,Alimentos,1071076.6,995742.0,66,10,10,0.16477,0.07033539898080127
2024-12-23,Antioquia,Marketplace,Bebidas,629242.71,525798.0,78,12,12,0.14685833333333334,0.1643955636768521
2024-12-23,Antioquia,Marketplace,Cuidado personal,1805071.82,1374736.0,88,11,11,0.18177272727272725,0.23840371071772648
2024-12-23,Antioquia,Marketplace,Hogar,1806428.5599999998,1490510.0,70,9,9,0.20679999999999998,0.17488572036305708
2024-12-23,Antioquia,Tienda,Alimentos,10550797.41,8742000.0,620,54,54,0.0761314814814815,0.17143703359194726
2024-12-23,Antioquia,Tienda,Bebidas,3394167.26,2551500.0,405,39,39,0.0864923076923077,0.24826922053334516
2024-12-23,Antioquia,Tienda,Cuidado personal,5812011.32,3723000.0,255,32,32,0.1049125,0.3594300157006577
2024-12-23,Antioquia,Tienda,Hogar,10173733.7,6984900.0,351,39,39,0.0908051282051282,0.3134378974358253
2024-12-23,Bogotá,E-commerce,Alimentos,7596906.79,6733666.5,457,36,36,0.10314166666666666,0.11363049644577777
2024-12-23,Bogotá,E-commerce,Bebidas,1679027.18,1349617.5,205,21,21,0.12753809523809526,0.19619079662546018
2024-12-23,Bogotá,E-commerce,Cuidado personal,4982766.53,3463339.0,227,30,30,0.14024999999999999,0.3049365289045562
2024-12-23,Bogotá,E-commerce,Hogar,5782346.55,4325464.0,208,30,30,0.14702666666666667,0.25195351703712743
2024-12-23,Bogotá,Marketplace,Alimentos,2463304.36,2293224.0,152,14,14,0.11710714285714285,0.06904561318602134
2024-12-23,Bogotá,Marketplace,Bebidas,658284.39,572985.0,85,14,14,0.1624857142857143,0.1295783270814002
2024-12-23,Bogotá,Marketplace,Cuidado personal,2672622.0,1937128.0,124,21,21,0.15695714285714285,0.2751956692715992
2024-12-23,Bogotá,Marketplace,Hogar,4362281.46,3598517.0,169,25,25,0.20367999999999997,0.17508371869246603
2024-12-23,Bogotá,Tienda,Alimentos,15314652.97,12675900.0,899,73,73,0.08057945205479451,0.17230249847443985
2024-12-23,Bogotá,Tienda,Bebidas,4235536.14,3219300.0,511,38,38,0.08405789473684211,0.23993093351341344
2024-12-23,Bogotá,Tienda,Cuidado personal,13225066.3,8730800.0,598,64,64,0.116665625,0.3398293965452559
2024-12-23,Bogotá,Tienda,Hogar,17966924.71,12457400.0,626,55,55,0.08458181818181819,0.30664817707693287
2024-12-23,Caribe,E-commerce,Alimentos,1923776.55,1709202.0,116,12,12,0.131425,0.11153818773807178
2024-12-23,Caribe,E-commerce,Bebidas,836188.23,684684.0,104,14,14,0.14004285714285714,0.18118436084660028
2024-12-23,Caribe,E-commerce,Cuidado personal,687865.8200000001,564509.0,37,7,7,0.25138571428571427,0.17933267857385332
2024-12-23,Caribe,E-commerce,Hogar,2936969.21,2183527.5,105,12,12,0.1410583333333333,0.2565371497374329
2024-12-23,Caribe,Marketplace,Alimentos,795171.11,739263.0,49,8,8,0.142125,0.07030953375557115
2024-12-23,Caribe,Marketplace,Bebidas,193270.75,175266.0,26,7,7,0.1827857142857143,0.0931581731845093
2024-12-23,Caribe,Marketplace,Cuidado personal,704194.25,484282.0,31,4,4,0.098075,0.312289187251955
2024-12-23,Caribe,Marketplace,Hogar,1240037.22,1022064.0,48,7,7,0.20807142857142855,0.17577957861619667
2024-12-23,Caribe,Tienda,Alimentos,7043087.74,5865600.0,416,35,35,0.07736285714285714,0.1671834546817672
2024-12-23,Caribe,Tienda,Bebidas,2858722.25,2173500.0,345,25,25,0.094124,0.23969528694156977
2024-12-23,Caribe,Tienda,Cuidado personal,4553654.6,2949200.0,202,30,30,0.1113,0.3523443785130299
2024-12-23,Caribe,Tienda,Hogar,9588829.47,6706300.0,337,31,31,0.11036129032258066,0.30061327913051317
2024-12-23,Eje Cafetero,E-commerce,Alimentos,1142548.33,957742.5,65,9,9,0.06312222222222222,0.16174880759748697
2024-12-23,Eje Cafetero,E-commerce,Bebidas,587956.45,474012.0,72,10,10,0.12561,0.19379743176556694
2024-12-23,Eje Cafetero,E-commerce,Cuidado personal,1603884.35,1113761.0,73,9,9,0.13674444444444445,0.30558521878463374
2024-12-23,Eje Cafetero,E-commerce,Hogar,1239805.15,1018979.5,49,10,10,0.22711,0.17811318980244592
2024-12-23,Eje Cafetero,Marketplace,Alimentos,760181.6900000001,739263.0,49,8,8,0.1918375,0.027518013489643587
2024-12-23,Eje Cafetero,Marketplace,Bebidas,479693.17,390978.0,58,8,8,0.13185,0.18494149082839764
2024-12-23,Eje Cafetero,Marketplace,Cuidado personal,741055.4299999999,578014.0,37,6,6,0.21696666666666667,0.2200124624955517
2024-12-23,Eje Cafetero,Marketplace,Hogar,45206.73,42586.0,2,1,1,0.2824,0.05797212052276294
2024-12-23,Eje Cafetero,Tienda,Alimentos,2218182.7,1804800.0,128,13,13,0.0723,0.18636097919256162
2024-12-23,Eje Cafetero,Tienda,Bebidas,2945095.97,2211300.0,351,21,21,0.07128095238095238,0.24915859363319837
2024-12-23,Eje Cafetero,Tienda,Cuidado personal,3263458.21,2102400.0,144,17,17,0.10827058823529412,0.35577541837129883
2024-12-23,Eje Cafetero,Tienda,Hogar,3091176.12,2149200.0,108,11,11,0.12090909090909091,0.3047306537810599
2024-12-23,Valle,E-commerce,Alimentos,4715384.15,4155129.0,282,28,28,0.10250000000000001,0.11881431759912929
2024-12-23,Valle,E-commerce,Bebidas,743752.3,605682.0,92,12,12,0.147325,0.18564016541528683
2024-12-23,Valle,E-commerce,Cuidado personal,1877471.38,1357873.0,89,16,16,0.16267500000000001,0.27675435457237163
2024-12-23,Valle,E-commerce,Hogar,2734478.69,2058754.5,99,15,15,0.15528,0.24711261874927976
2024-12-23,Valle,Marketplace,Alimentos,1085618.3499999999,965568.0,64,7,7,0.1002,0.11058246205952568
2024-12-23,Valle,Marketplace,Bebidas,386287.06,323568.0,48,6,6,0.1605,0.16236386484186138
2024-12-23,Valle,Marketplace,Cuidado personal,1118099.71,812344.0,52,7,7,0.1741285714285714,0.2734601460544158
2024-12-23,Valle,Marketplace,Hogar,1896230.74,1511803.0,71,10,10,0.17925,0.20273257462327607
2024-12-23,Valle,Tienda,Alimentos,9340001.68,7797300.0,553,41,41,0.07329024390243903,0.16517145637172945
2024-12-23,Valle,Tienda,Bebidas,3881966.86,2948400.0,468,36,36,0.11629722222222222,0.24048810658831846
2024-12-23,Valle,Tienda,Cuidado personal,8075818.55,5270600.0,361,29,29,0.0912896551724138,0.3473602747055281
2024-12-23,Valle,Tienda,Hogar,11223552.540000001,7820700.0,393,39,39,0.09007692307692307,0.30318854283191166
2024-12-30,Antioquia,E-commerce,Alimentos,3568994.94,3182652.0,216,22,22,0.10264545454545454,0.10824978642306507
2024-12-30,Antioquia,E-commerce,Bebidas,1115068.38,862438.5,131,17,17,0.07656470588235295,0.22655998908336
2024-12-30,Antioquia,E-commerce,Cuidado personal,4249742.39,2914087.0,191,27,27,0.12564074074074075,0.3142909069365966
2024-12-30,Antioquia,E-commerce,Hogar,2243213.24,1663640.0,80,11,11,0.1377,0.25836743010664476
2024-12-30,Antioquia,Marketplace,Alimentos,1861430.52,1659570.0,110,12,12,0.112075,0.10844375754621237
2024-12-30,Antioquia,Marketplace,Bebidas,401543.97000000003,330309.0,49,6,6,0.10898333333333332,0.17740266402207466
2024-12-30,Antioquia,Marketplace,Cuidado personal,1688899.8499999999,1281004.0,82,15,15,0.19696,0.24151571213651293
2024-12-30,Antioquia,Marketplace,Hogar,2779312.75,2257058.0,106,14,14,0.19615000000000002,0.18790787398791303
2024-12-30,Antioquia,Tienda,Alimentos,9162097.67,7712700.0,547,51,51,0.10305098039215686,0.15819495951738746
2024-12-30,Antioquia,Tienda,Bebidas,2891401.83,2198700.0,349,28,28,0.09054285714285715,0.23957300670311882
2024-12-30,Antioquia,Tienda,Cuidado personal,10276634.27,6803600.0,466,38,38,0.1139,0.33795444877693404
2024-12-30,Antioquia,Tienda,Hogar,9846440.91,6686400.0,336,39,39,0.0794923076923077,0.3209322981657948
2024-12-30,Bogotá,E-commerce,Alimentos,4983009.4799999995,4346677.5,295,37,37,0.10915945945945946,0.1277003350192301
2024-12-30,Bogotá,E-commerce,Bebidas,2163638.34,1711710.0,260,31,31,0.11190322580645161,0.20887425206192264
2024-12-30,Bogotá,E-commerce,Cuidado personal,3389815.06,2456377.0,161,29,29,0.16619310344827587,0.27536548262311394
2024-12-30,Bogotá,E-commerce,Hogar,7925573.98,5989104.0,288,33,33,0.15505757575757576,0.24433182819145174
2024-12-30,Bogotá,Marketplace,Alimentos,2209471.1,2187615.0,145,20,20,0.20228000000000002,0.009892005376309332
2024-12-30,Bogotá,Marketplace,Bebidas,600386.91,485352.0,72,10,10,0.1051,0.19160129590433614
2024-12-30,Bogotá,Marketplace,Cuidado personal,3048630.95,2452654.0,157,23,23,0.2384,0.195490028073093
2024-12-30,Bogotá,Marketplace,Hogar,1916069.33,1596975.0,75,12,12,0.20646666666666666,0.16653589982571249
2024-12-30,Bogotá,Tienda,Alimentos,14925158.97,12436200.0,882,82,82,0.07967439024390244,0.16676264386884454
2024-12-30,Bogotá,Tienda,Bebidas,8501680.51,6476400.0,1028,58,58,0.07744310344827586,0.23822119728185362
2024-12-30,Bogotá,Tienda,Cuidado personal,15721257.5,10351400.0,709,59,59,0.11963898305084746,0.3415666653892031
2024-12-30,Bogotá,Tienda,Hogar,19398940.580000002,13591700.0,683,68,68,0.1097,0.29935864569775394
2024-12-30,Caribe,E-commerce,Alimentos,2291458.11,2003892.0,136,19,19,0.10841052631578947,0.12549481430406767
2024-12-30,Caribe,E-commerce,Bebidas,239434.84000000003,184338.0,28,5,5,0.07548,0.23011204217397943
2024-12-30,Caribe,E-commerce,Cuidado personal,1393380.27,1113761.0,73,12,12,0.23673333333333335,0.2006769264789432
2024-12-30,Caribe,E-commerce,Hogar,3381808.47,2412278.0,116,12,12,0.09173333333333333,0.2866899407818918
2024-12-30,Caribe,Marketplace,Alimentos,886804.24,814698.0,54,10,10,0.14771,0.08131021114648707
2024-12-30,Caribe,Marketplace,Bebidas,292723.51,242676.0,36,5,5,0.15986,0.1709719523382321
2024-12-30,Caribe,Marketplace,Cuidado personal,1157496.34,890454.0,57,8,8,0.18889999999999998,0.23070685476206348
2024-12-30,Caribe,Marketplace,Hogar,1886091.13,1575682.0,74,10,10,0.24137,0.1645780127283669
2024-12-30,Caribe,Tienda,Alimentos,9485005.7,8135700.0,577,36,36,0.10265555555555556,0.14225670945036958
2024-12-30,Caribe,Tienda,Bebidas,2653883.29,1997100.0,317,22,22,0.0691590909090909,0.24748009547925523
2024-12-30,Caribe,Tienda,Cuidado personal,2816665.34,1825000.0,125,20,20,0.10556999999999998,0.3520707007386259
2024-12-30,Caribe,Tienda,Hogar,8893271.74,6109300.0,307,31,31,0.09071612903225806,0.3130424686651934
2024-12-30,Eje Cafetero,E-commerce,Alimentos,1974175.37,1694467.5,115,14,14,0.08390714285714286,0.14168339563470497
2024-12-30,Eje Cafetero,E-commerce,Bebidas,442844.87,342342.0,52,5,5,0.08862,0.22694825391112694
2024-12-30,Eje Cafetero,E-commerce,Cuidado personal,1713815.8,1205303.0,79,12,12,0.15254166666666666,0.2967138008647137
2024-12-30,Eje Cafetero,E-commerce,Hogar,1339813.31,1060570.5,51,8,8,0.18256250000000002,0.2084191938651513
2024-12-30,Eje Cafetero,Marketplace,Alimentos,1687131.07,1553961.0,103,5,5,0.08271999999999999,0.07893285374680466
2024-12-30,Eje Cafetero,Marketplace,Bebidas,83482.87,74151.0,11,3,3,0.1583,0.11178185416960384
2024-12-30,Eje Cafetero,Marketplace,Cuidado personal,512300.43,453038.0,29,4,4,0.29365,0.1156790557446926
2024-12-30,Eje Cafetero,Marketplace,Hogar,899649.77,723962.0,34,4,4,0.16902499999999998,0.19528462726111742
2024-12-30,Eje Cafetero,Tienda,Alimentos,6027109.07,5076000.0,360,26,26,0.08647692307692309,0.15780518635943655
2024-12-30,Eje Cafetero,Tienda,Bebidas,1548969.36,1190700.0,189,10,10,0.08645,0.23129531755231109
2024-12-30,Eje Cafetero,Tienda,Cuidado personal,3269204.15,2073200.0,142,15,15,0.06899333333333332,0.36583954232408517
2024-12-30,Eje Cafetero,Tienda,Hogar,5697131.71,3960100.0,199,24,24,0.10314583333333333,0.30489583152010363
2024-12-30,Valle,E-commerce,Alimentos,2827769.54,2475396.0,168,19,19,0.11418421052631578,0.12461183099100785
2024-12-30,Valle,E-commerce,Bebidas,1065924.24,875605.5,133,18,18,0.12292777777777777,0.1785480926862119
2024-12-30,Valle,E-commerce,Cuidado personal,2860143.9,1968153.0,129,19,19,0.1270526315789474,0.3118692384673372
2024-12-30,Valle,E-commerce,Hogar,4493753.32,3348075.5,161,20,20,0.14454499999999998,0.25494897881933587
2024-12-30,Valle,Marketplace,Alimentos,1280944.35,1176786.0,78,9,9,0.12425555555555556,0.08131371983490156
2024-12-30,Valle,Marketplace,Bebidas,256438.81,215712.0,32,5,5,0.15324,0.15881687331180486
2024-12-30,Valle,Marketplace,Cuidado personal,1438136.62,1109162.0,71,13,13,0.20972307692307693,0.22875060368047653
2024-12-30,Valle,Marketplace,Hogar,1787436.78,1405338.0,66,11,11,0.17775454545454547,0.21376911579496535
2024-12-30,Valle,Tienda,Alimentos,11928885.36,9926400.0,704,50,50,0.083308,0.1678686062919796
2024-12-30,Valle,Tienda,Bebidas,2971238.87,2299500.0,365,20,20,0.104195,0.22608039925110435
2024-12-30,Valle,Tienda,Cuidado personal,6766825.76,4365400.0,299,39,39,0.10607692307692307,0.35488216265228617
2024-12-30,Valle,Tienda,Hogar,8377265.92,5751100.0,289,31,31,0.09112258064516128,0.31348723379190524
2025-01-06,Antioquia,E-commerce,Alimentos,945305.06,825132.0,56,8,8,0.11156250000000001,0.12712622103175883
2025-01-06,Antioquia,E-commerce,Bebidas,918173.99,730768.5,111,11,11,0.09832727272727272,0.20410672927034232
2025-01-06,Antioquia,E-commerce,Cuidado personal,1620544.67,1098504.0,72,9,9,0.10415555555555556,0.3221390188522233
2025-01-06,Antioquia,E-commerce,Hogar,2557279.09,1996368.0,96,16,16,0.18735625,0.21933902020838872
2025-01-06,Antioquia,Marketplace,Alimentos,560647.32,558219.0,37,8,8,0.2102125,0.004331279065063486
2025-01-06,Antioquia,Marketplace,Bebidas,176856.22,148302.0,22,3,3,0.1587333333333333,0.16145442891406364
2025-01-06,Antioquia,Marketplace,Cuidado personal,1200034.89,874832.0,56,7,7,0.16657142857142856,0.27099452916739775
2025-01-06,Antioquia,Marketplace,Hogar,1896528.87,1511803.0,71,9,9,0.15005555555555555,0.2028579032387733
2025-01-06,Antioquia,Tienda,Alimentos,5371135.25,4427400.0,314,30,30,0.07567333333333333,0.17570498713470303
2025-01-06,Antioquia,Tienda,Bebidas,2114852.79,1650600.0,262,15,15,0.09984666666666667,0.21952014447303447
2025-01-06,Antioquia,Tienda,Cuidado personal,3039154.87,1941800.0,133,17,17,0.09028235294117647,0.36107237601879766
2025-01-06,Antioquia,Tienda,Hogar,5600459.26,3820800.0,192,28,28,0.09115714285714285,0.3177702358645494
2025-01-06,Bogotá,E-commerce,Alimentos,2759263.32,2386989.0,162,16,16,0.0708125,0.13491801137703663
2025-01-06,Bogotá,E-commerce,Bebidas,1043962.76,842688.0,128,11,11,0.1259,0.1927987929377864
2025-01-06,Bogotá,E-commerce,Cuidado personal,3121030.03,2303807.0,151,25,25,0.197144,0.261844013721329
2025-01-06,Bogotá,E-commerce,Hogar,4267595.36,3140120.5,151,25,25,0.133148,0.2641944150956243
2025-01-06,Bogotá,Marketplace,Alimentos,1340442.09,1222047.0,81,12,12,0.13425833333333334,0.08832540464318013
2025-01-06,Bogotá,Marketplace,Bebidas,313250.33,249417.0,37,5,5,0.08144,0.20377737511082594
2025-01-06,Bogotá,Marketplace,Cuidado personal,1073918.29,827966.0,53,11,11,0.18885454545454544,0.22902328071905734
2025-01-06,Bogotá,Marketplace,Hogar,1554581.44,1234994.0,58,6,6,0.2006,0.20557780491705854
2025-01-06,Bogotá,Tienda,Alimentos,10435929.37,8558700.0,607,60,60,0.06932666666666668,0.1798813793619992
2025-01-06,Bogotá,Tienda,Bebidas,3085819.38,2381400.0,378,32,32,0.1154125,0.22827628362357355
2025-01-06,Bogotá,Tienda,Cuidado personal,9340251.72,5986000.0,410,40,40,0.0829375,0.3591179146508056
2025-01-06,Bogotá,Tienda,Hogar,11874704.51,8358000.0,420,38,38,0.10678684210526317,0.29615090691633555
2025-01-06,Caribe,E-commerce,Alimentos,594025.93,500973.0,34,5,5,0.09720000000000001,0.15664792612672657
2025-01-06,Caribe,E-commerce,Bebidas,339345.41000000003,276507.0,42,6,6,0.13845,0.1851753645349145
2025-01-06,Caribe,E-commerce,Cuidado personal,1525590.29,1113761.0,73,9,9,0.19693333333333332,0.2699475034021094
2025-01-06,Caribe,E-commerce,Hogar,2136773.95,1538867.0,74,10,10,0.08314,0.27981759605408896
2025-01-06,Caribe,Marketplace,Alimentos,332811.29000000004,286653.0,19,3,3,0.06993333333333333,0.13869207982697954
2025-01-06,Caribe,Marketplace,Bebidas,65423.14,53928.0,8,3,3,0.12046666666666667,0.17570449843893154
2025-01-06,Caribe,Marketplace,Cuidado personal,685582.05,578014.0,37,7,7,0.26112857142857143,0.15690033016471192
2025-01-06,Caribe,Marketplace,Hogar,1248983.6500000001,1043357.0,49,5,5,0.22534,0.16463518157343382
2025-01-06,Caribe,Tienda,Alimentos,2755067.77,2298300.0,163,15,15,0.07898000000000001,0.1657918454760915
2025-01-06,Caribe,Tienda,Bebidas,1561910.85,1146600.0,182,17,17,0.06128823529411765,0.26589920288984487
2025-01-06,Caribe,Tienda,Cuidado personal,2968934.37,1912600.0,131,17,17,0.09988235294117646,0.35579579686027213
2025-01-06,Caribe,Tienda,Hogar,6098108.23,4397900.0,221,18,18,0.10670555555555555,0.2788091266789472
2025-01-06,Eje Cafetero,E-commerce,Alimentos,2651860.05,2313316.5,157,10,10,0.08881,0.12766267586405997
2025-01-06,Eje Cafetero,E-commerce,Bebidas,240928.96,204088.5,31,5,5,0.21101999999999999,0.15291005282220949
2025-01-06,Eje Cafetero,E-commerce,Cuidado personal,108784.95999999999,76285.0,5,3,3,0.12306666666666666,0.298754166017067
2025-01-06,Eje Cafetero,E-commerce,Hogar,617108.57,540683.0,26,3,3,0.21803333333333333,0.1238446097094389
2025-01-06,Eje Cafetero,Marketplace,Alimentos,752698.84,739263.0,49,8,8,0.1840125,0.017850220149136894
2025-01-06,Eje Cafetero,Marketplace,Bebidas,270240.61,242676.0,36,6,6,0.2026,0.10200025081352498
2025-01-06,Eje Cafetero,Marketplace,Cuidado personal,767797.16,546770.0,35,3,3,0.19376666666666667,0.28787181239378384
2025-01-06,Eje Cafetero,Marketplace,Hogar,896623.9,681376.0,32,4,4,0.15642499999999998,0.24006487000848406
2025-01-06,Eje Cafetero,Tienda,Alimentos,3039693.88,2552100.0,181,16,16,0.09801875,0.16040887643593899
2025-01-06,Eje Cafetero,Tienda,Bebidas,1072602.95,812700.0,129,13,13,0.07819230769230769,0.24231049336569507
2025-01-06,Eje Cafetero,Tienda,Cuidado personal,2617627.92,1679000.0,115,11,11,0.09862727272727273,0.3585795799427445
2025-01-06,Eje Cafetero,Tienda,Hogar,3150906.35,2208900.0,111,12,12,0.1183,0.2989636140725033
2025-01-06,Valle,E-commerce,Alimentos,1559900.0,1370308.5,93,10,10,0.11717999999999999,0.12154080389768575
2025-01-06,Valle,E-commerce,Bebidas,187213.93,151420.5,23,4,4,0.155325,0.1911899931805288
2025-01-06,Valle,E-commerce,Cuidado personal,1778994.4,1220560.0,80,14,14,0.12630714285714287,0.3139045294352809
2025-01-06,Valle,E-commerce,Hogar,1668860.1099999999,1268525.5,61,11,11,0.1461,0.2398850614267483
2025-01-06,Valle,Marketplace,Alimentos,385480.27,347001.0,23,2,2,0.099,0.099821632894467
2025-01-06,Valle,Marketplace,Bebidas,535034.6699999999,431424.0,64,6,6,0.10346666666666667,0.19365225434830222
2025-01-06,Valle,Marketplace,Cuidado personal,881848.4299999999,671746.0,43,8,8,0.2098875,0.23825231508321668
2025-01-06,Valle,Marketplace,Hogar,1283460.55,1000771.0,47,6,6,0.14615,0.22025573750591715
2025-01-06,Valle,Tienda,Alimentos,8432826.63,7162800.0,508,29,29,0.0793551724137931,0.1506050919488666
2025-01-06,Valle,Tienda,Bebidas,1321124.48,989100.0,157,19,19,0.0843578947368421,0.2513196031308117
2025-01-06,Valle,Tienda,Cuidado personal,2846404.0300000003,1854200.0,127,16,16,0.105025,0.34858158558748253
2025-01-06,Valle,Tienda,Hogar,5511343.61,3800900.0,191,22,22,0.08869545454545455,0.31034965900084754
2025-01-13,Antioquia,E-commerce,Alimentos,1656983.1400000001,1414512.0,96,16,16,0.0862375,0.14633289509511854
2025-01-13,Antioquia,E-commerce,Bebidas,497215.13,421344.0,64,12,12,0.18757500000000002,0.15259215864971767
2025-01-13,Antioquia,E-commerce,Cuidado personal,1952668.85,1342616.0,88,14,14,0.12491428571428573,0.31242002452182305
2025-01-13,Antioquia,E-commerce,Hogar,2528353.5,1975572.5,95,15,15,0.19279333333333334,0.21863279798493368
2025-01-13,Antioquia,Marketplace,Alimentos,1347322.43,1282395.0,85,14,14,0.14277857142857145,0.04818997186887176
2025-01-13,Antioquia,Marketplace,Bebidas,237243.01,202230.0,30,4,4,0.16702499999999998,0.14758289401234628
2025-01-13,Antioquia,Marketplace,Cuidado personal,774536.27,656124.0,42,9,9,0.2502111111111111,0.15288150418055957
2025-01-13,Antioquia,Marketplace,Hogar,484059.56,447153.0,21,5,5,0.24535999999999997,0.07624384073728448
2025-01-13,Antioquia,Tienda,Alimentos,6753736.51,5597700.0,397,33,33,0.0687969696969697,0.17116991583670768
2025-01-13,Antioquia,Tienda,Bebidas,1178000.57,863100.0,137,15,15,0.07083333333333333,0.2673178417901785
2025-01-13,Antioquia,Tienda,Cuidado personal,3640421.4899999998,2336000.0,160,17,17,0.09326470588235294,0.35831606136354277
2025-01-13,Antioquia,Tienda,Hogar,9635663.01,6666500.0,335,32,32,0.081609375,0.3081430937257321
2025-01-13,Bogotá,E-commerce,Alimentos,3174664.37,2770086.0,188,23,23,0.11052173913043477,0.12743972995167363
2025-01-13,Bogotá,E-commerce,Bebidas,661543.4199999999,520096.5,79,10,10,0.11891,0.21381350902107066
2025-01-13,Bogotá,E-commerce,Cuidado personal,4884122.46,3615909.0,237,19,19,0.2036315789473684,0.25966045495100054
2025-01-13,Bogotá,E-commerce,Hogar,3286721.26,2474664.5,119,18,18,0.1452111111111111,0.24707198930523236
2025-01-13,Bogotá,Marketplace,Alimentos,1667775.8599999999,1538874.0,102,16,16,0.14814375000000002,0.07728967848233508
2025-01-13,Bogotá,Marketplace,Bebidas,554364.51,471870.0,70,10,10,0.19949,0.1488091472522294
2025-01-13,Bogotá,Marketplace,Cuidado personal,1706741.81,1249760.0,80,14,14,0.17104999999999998,0.2677509904090297
2025-01-13,Bogotá,Marketplace,Hogar,2296809.19,1852491.0,87,12,12,0.19418333333333335,0.19345019687943688
2025-01-13,Bogotá,Tienda,Alimentos,11285914.39,9376500.0,665,58,58,0.08360689655172414,0.16918561704595744
2025-01-13,Bogotá,Tienda,Bebidas,2795629.83,2097900.0,333,32,32,0.079209375,0.24957876129115422
2025-01-13,Bogotá,Tienda,Cuidado personal,5363680.42,3547800.0,243,31,31,0.13650967741935482,0.33855119578507625
2025-01-13,Bogotá,Tienda,Hogar,11753981.22,8019700.0,403,47,47,0.08380212765957447,0.3177035210542901
2025-01-13,Caribe,E-commerce,Alimentos,1366004.98,1222963.5,83,10,10,0.11363000000000001,0.1047151965727094
2025-01-13,Caribe,E-commerce,Bebidas,391449.92,316008.0,48,8,8,0.127925,0.19272432090419123
2025-01-13,Caribe,E-commerce,Cuidado personal,1668145.84,1205303.0,79,13,13,0.19175384615384614,0.27745945762152313
2025-01-13,Caribe,E-commerce,Hogar,1762077.91,1351707.5,65,10,10,0.19175999999999999,0.23289004854501577
2025-01-13,Caribe,Marketplace,Alimentos,581701.4400000001,558219.0,37,6,6,0.1545,0.04036854369829316
2025-01-13,Caribe,Marketplace,Bebidas,224660.04,188748.0,28,4,4,0.17845,0.1598505902518312
2025-01-13,Caribe,Marketplace,Cuidado personal,744971.84,562392.0,36,5,5,0.24072,0.24508287454194239
2025-01-13,Caribe,Marketplace,Hogar,1388328.4,1171115.0,55,8,8,0.2282375,0.15645678644908503
2025-01-13,Caribe,Tienda,Alimentos,4460451.12,3694200.0,262,20,20,0.0881,0.17178780786639358
2025-01-13,Caribe,Tienda,Bebidas,1712792.76,1323000.0,210,16,16,0.09633125,0.2275773047989764
2025-01-13,Caribe,Tienda,Cuidado personal,4096244.57,2671800.0,183,19,19,0.11316842105263157,0.3477440239853647
2025-01-13,Caribe,Tienda,Hogar,4591488.12,3104400.0,156,19,19,0.062031578947368424,0.3238793352251993
2025-01-13,Eje Cafetero,E-commerce,Alimentos,703061.29,604114.5,41,7,7,0.0902142857142857,0.14073707571071084
2025-01-13,Eje Cafetero,E-commerce,Bebidas,477067.49,388426.5,59,3,3,0.08833333333333333,0.18580387860845432
2025-01-13,Eje Cafetero,E-commerce,Cuidado personal,1577362.0999999999,1159532.0,76,13,13,0.1780846153846154,0.26489168213183256
2025-01-13,Eje Cafetero,E-commerce,Hogar,2072997.46,1559662.5,75,13,13,0.13306923076923077,0.24762932415749317
2025-01-13,Eje Cafetero,Marketplace,Alimentos,716683.03,663828.0,44,6,6,0.15988333333333335,0.0737495207609423
2025-01-13,Eje Cafetero,Marketplace,Bebidas,128110.42000000001,121338.0,18,3,3,0.1867,0.05286392785223881
2025-01-13,Eje Cafetero,Marketplace,Cuidado personal,752388.34,640502.0,41,5,5,0.267,0.14870823224081325
2025-01-13,Eje Cafetero,Marketplace,Hogar,836761.77,638790.0,30,5,5,0.13028,0.23659275208043984
2025-01-13,Eje Cafetero,Tienda,Alimentos,3009523.37,2580300.0,183,13,13,0.09416923076923077,0.14262171022782258
2025-01-13,Eje Cafetero,Tienda,Bebidas,705437.31,510300.0,81,9,9,0.07124444444444444,0.27661892450797654
2025-01-13,Eje Cafetero,Tienda,Cuidado personal,1153311.0999999999,759200.0,52,10,10,0.12461,0.34172141410934126
2025-01-13,Eje Cafetero,Tienda,Hogar,1810710.0,1293500.0,65,10,10,0.12843,0.2856393348465519
2025-01-13,Valle,E-commerce,Alimentos,2143519.08,1871281.5,127,17,17,0.12418823529411765,0.12700497165623553
2025-01-13,Valle,E-commerce,Bebidas,757440.4400000001,618849.0,94,14,14,0.14892857142857144,0.182973383359357
2025-01-13,Valle,E-commerce,Cuidado personal,693872.45,518738.0,34,9,9,0.18474444444444446,0.2524015040516452
2025-01-13,Valle,E-commerce,Hogar,3654965.11,2745006.0,132,15,15,0.14889999999999998,0.24896519737229444
2025-01-13,Valle,Marketplace,Alimentos,587999.5,573306.0,38,7,7,0.16762857142857143,0.024988966827352743
2025-01-13,Valle,Marketplace,Bebidas,42224.61,33705.0,5,1,1,0.0821,0.20176882628400833
2025-01-13,Valle,Marketplace,Cuidado personal,939521.97,749856.0,48,9,9,0.20825555555555555,0.20187497052357378
2025-01-13,Valle,Marketplace,Hogar,1593525.09,1298873.0,61,10,10,0.18582,0.18490583665676708
2025-01-13,Valle,Tienda,Alimentos,5691879.66,4822200.0,342,27,27,0.1072185185185185,0.15279305114472502
2025-01-13,Valle,Tienda,Bebidas,2356450.3,1776600.0,282,24,24,0.07952916666666666,0.24606939514064857
2025-01-13,Valle,Tienda,Cuidado personal,4372737.75,2832400.0,194,18,18,0.09993888888888888,0.3522593482767175
2025-01-13,Valle,Tienda,Hogar,7600158.4,5333200.0,268,31,31,0.09789677419354839,0.2982777832630436
2025-01-20,Antioquia,E-commerce,Alimentos,1132499.97,1001946.0,68,10,10,0.1341,0.11527944676236943
2025-01-20,Antioquia,E-commerce,Bebidas,421284.97,348925.5,53,8,8,0.1508875,0.17175896400956336
2025-01-20,Antioquia,E-commerce,Cuidado personal,1056899.1400000001,747593.0,49,10,10,0.15581,0.2926543586741873
2025-01-20,Antioquia,E-commerce,Hogar,1691938.48,1434889.5,69,11,11,0.2371818181818182,0.15192572486441705
2025-01-20,Antioquia,Marketplace,Alimentos,1039724.66,980655.0,65,8,8,0.167325,0.05681279118646665
2025-01-20,Antioquia,Marketplace,Bebidas,209146.80000000002,168525.0,25,3,3,0.12413333333333333,0.19422625639024846
2025-01-20,Antioquia,Marketplace,Cuidado personal,805884.8099999999,624880.0,40,8,8,0.21625,0.22460382396337752
2025-01-20,Antioquia,Marketplace,Hogar,751117.65,617497.0,29,6,6,0.19766666666666666,0.177895766395584
2025-01-20,Antioquia,Tienda,Alimentos,4578750.6,3764700.0,267,32,32,0.08825,0.1777888055313604
2025-01-20,Antioquia,Tienda,Bebidas,1999623.24,1524600.0,242,21,21,0.07868571428571429,0.23755637086914433
2025-01-20,Antioquia,Tienda,Cuidado personal,4603946.04,3109800.0,213,29,29,0.1489551724137931,0.324535958288512
2025-01-20,Antioquia,Tienda,Hogar,8991869.82,6109300.0,307,37,37,0.07591891891891893,0.32057512816616823
2025-01-20,Bogotá,E-commerce,Alimentos,2150155.0,1871281.5,127,18,18,0.12530555555555556,0.12969925423981063
2025-01-20,Bogotá,E-commerce,Bebidas,1095032.15,888772.5,135,20,20,0.127065,0.1883594467979775
2025-01-20,Bogotá,E-commerce,Cuidado personal,3266457.9899999998,2273293.0,149,23,23,0.14643478260869566,0.30404952184920025
2025-01-20,Bogotá,E-commerce,Hogar,3486877.82,2599437.5,125,15,15,0.13324,0.25450857925386094
2025-01-20,Bogotá,Marketplace,Alimentos,1710939.2,1614309.0,107,16,16,0.1633375,0.05647786899733197
2025-01-20,Bogotá,Marketplace,Bebidas,243605.07,229194.0,34,9,9,0.23628888888888888,0.05915751260841988
2025-01-20,Bogotá,Marketplace,Cuidado personal,1812711.5,1327870.0,85,13,13,0.1797384615384615,0.2674675479247525
2025-01-20,Bogotá,Marketplace,Hogar,2352796.7800000003,1937663.0,91,12,12,0.22004166666666666,0.17644268452288522
2025-01-20,Bogotá,Tienda,Alimentos,10605679.51,8995800.0,638,41,41,0.08050731707317074,0.151794093766652
2025-01-20,Bogotá,Tienda,Bebidas,2154867.83,1619100.0,257,22,22,0.07538181818181819,0.24863141142164624
2025-01-20,Bogotá,Tienda,Cuidado personal,5088314.36,3387200.0,232,36,36,0.12293611111111111,0.3343178584587294
2025-01-20,Bogotá,Tienda,Hogar,11427178.19,7900300.0,397,45,45,0.10274666666666667,0.3086394673609268
2025-01-20,Caribe,E-commerce,Alimentos,784444.82,707256.0,48,8,8,0.1459375,0.0983992985000525
2025-01-20,Caribe,E-commerce,Bebidas,582371.3099999999,454261.5,69,10,10,0.09065,0.21997960373425668
2025-01-20,Caribe,E-commerce,Cuidado personal,952455.11,640794.0,42,7,7,0.10671428571428572,0.32721868645336993
2025-01-20,Caribe,E-commerce,Hogar,1259012.31,977388.5,47,8,8,0.1542125,0.2236863037502787
2025-01-20,Caribe,Marketplace,Alimentos,313054.79000000004,271566.0,18,2,2,0.0678,0.13252884582919186
2025-01-20,Caribe,Marketplace,Bebidas,569816.96,478611.0,71,1,1,0.1277,0.16006185565273445
2025-01-20,Caribe,Marketplace,Cuidado personal,668512.4,484282.0,31,5,5,0.1363,0.2755826219528613
2025-01-20,Caribe,Marketplace,Hogar,393606.64,298102.0,14,2,2,0.21225,0.2426398091251713
2025-01-20,Caribe,Tienda,Alimentos,5353105.04,4526100.0,321,18,18,0.08575555555555556,0.15449071778348666
2025-01-20,Caribe,Tienda,Bebidas,1186528.87,919800.0,146,9,9,0.09853333333333333,0.22479762333975076
2025-01-20,Caribe,Tienda,Cuidado personal,1324058.08,861400.0,59,10,10,0.10934999999999999,0.3494243092417819
2025-01-20,Caribe,Tienda,Hogar,3079671.8600000003,2089500.0,105,12,12,0.06438333333333333,0.3215186243900674
2025-01-20,Eje Cafetero,E-commerce,Alimentos,1191888.6,1060884.0,72,11,11,0.12916363636363637,0.10991346003309377
2025-01-20,Eje Cafetero,E-commerce,Bebidas,93786.98,92169.0,14,3,3,0.22630000000000003,0.01725164836313096
2025-01-20,Eje Cafetero,E-commerce,Cuidado personal,652300.38,472967.0,31,5,5,0.19906000000000001,0.2749245370668035
2025-01-20,Eje Cafetero,E-commerce,Hogar,985348.86,686251.5,33,4,4,0.052099999999999994,0.30354463494279577
2025-01-20,Eje Cafetero,Marketplace,Alimentos,145910.35,135783.0,9,2,2,0.13905,0.06940803034191889
2025-01-20,Eje Cafetero,Marketplace,Bebidas,166270.96,148302.0,22,5,5,0.20229999999999998,0.10807034493576023
2025-01-20,Eje Cafetero,Marketplace,Cuidado personal,241104.9,203086.0,13,3,3,0.23806666666666665,0.15768613578570986
2025-01-20,Eje Cafetero,Marketplace,Hogar,730907.8300000001,596204.0,28,2,2,0.17135,0.18429660276043294
2025-01-20,Eje Cafetero,Tienda,Alimentos,4111836.56,3426300.0,243,22,22,0.06730454545454546,0.1667227162355889
2025-01-20,Eje Cafetero,Tienda,Bebidas,647616.3600000001,478800.0,76,7,7,0.053,0.2606734023828553
2025-01-20,Eje Cafetero,Tienda,Cuidado personal,1828940.5,1182600.0,81,10,10,0.11005000000000001,0.3533961328977077
2025-01-20,Eje Cafetero,Tienda,Hogar,2103535.9,1432800.0,72,10,10,0.08575,0.3188611613426707
2025-01-20,Valle,E-commerce,Alimentos,2849038.17,2563803.0,174,16,16,0.12596875,0.10011630346110804
2025-01-20,Valle,E-commerce,Bebidas,305698.82999999996,243589.5,37,5,5,0.11708,0.2031716313732701
2025-01-20,Valle,E-commerce,Cuidado personal,1331633.67,1006962.0,66,12,12,0.18230833333333332,0.24381455449380454
2025-01-20,Valle,E-commerce,Hogar,1967601.59,1518071.5,73,10,10,0.14302,0.22846601277649917
2025-01-20,Valle,Marketplace,Alimentos,494095.72,452610.0,30,4,4,0.170875,0.08396292119267897
2025-01-20,Valle,Marketplace,Bebidas,155006.63,168525.0,25,2,2,0.29305000000000003,-0.087211559918437
2025-01-20,Valle,Marketplace,Cuidado personal,1236209.6,952942.0,61,10,10,0.21314000000000002,0.22914204840344232
2025-01-20,Valle,Marketplace,Hogar,1421298.0,1107236.0,52,9,9,0.17944444444444443,0.2209684387088422
2025-01-20,Valle,Tienda,Alimentos,5743196.58,4751700.0,337,36,36,0.09700277777777778,0.17263845424563198
2025-01-20,Valle,Tienda,Bebidas,1983447.88,1493100.0,237,21,21,0.07144761904761905,0.24721994711552486
2025-01-20,Valle,Tienda,Cuidado personal,4150454.37,2642600.0,181,25,25,0.10350799999999999,0.36329862602488994
2025-01-20,Valle,Tienda,Hogar,6485684.53,4457600.0,224,27,27,0.0907,0.3127016925690649
2025-01-27,Antioquia,E-commerce,Alimentos,2911570.77,2534334.0,172,24,24,0.10352499999999999,0.12956469198239684
2025-01-27,Antioquia,E-commerce,Bebidas,409405.5,342342.0,52,9,9,0.17825555555555553,0.1638070323920905
2025-01-27,Antioquia,E-commerce,Cuidado personal,3537659.74,2517405.0,165,23,23,0.16596086956521738,0.2883982109596555
2025-01-27,Antioquia,E-commerce,Hogar,2220625.83,1580458.0,76,8,8,0.07213750000000001,0.2882826189588185
2025-01-27,Antioquia,Marketplace,Alimentos,534543.66,497871.0,33,8,8,0.1258,0.06860554664515155
2025-01-27,Antioquia,Marketplace,Bebidas,185881.8,155043.0,23,4,4,0.1914,0.16590543022501392
2025-01-27,Antioquia,Marketplace,Cuidado personal,825352.25,656124.0,42,5,5,0.21610000000000001,0.20503760667036408
2025-01-27,Antioquia,Marketplace,Hogar,575390.02,447153.0,21,3,3,0.1814,0.22286973277708225
2025-01-27,Antioquia,Tienda,Alimentos,5582479.04,4624800.0,328,33,33,0.0879151515151515,0.17155085279102097
2025-01-27,Antioquia,Tienda,Bebidas,956627.03,693000.0,110,14,14,0.05132142857142857,0.27557974187704065
2025-01-27,Antioquia,Tienda,Cuidado personal,4135030.71,2715600.0,186,27,27,0.12614814814814815,0.34326969000914626
2025-01-27,Antioquia,Tienda,Hogar,6342662.09,4358100.0,219,21,21,0.08326666666666667,0.31289103247813094
2025-01-27,Bogotá,E-commerce,Alimentos,3841930.38,3418404.0,232,23,23,0.12789130434782608,0.11023791118255503
2025-01-27,Bogotá,E-commerce,Bebidas,1155714.21,908523.0,138,13,13,0.1037076923076923,0.21388610424717366
2025-01-27,Bogotá,E-commerce,Cuidado personal,2443062.06,1785069.0,117,18,18,0.16835,0.26933129156776314
2025-01-27,Bogotá,E-commerce,Hogar,3798746.66,2848983.5,137,21,21,0.15463809523809524,0.25002013690483904
2025-01-27,Bogotá,Marketplace,Alimentos,1271433.81,1237134.0,82,9,9,0.17666666666666667,0.026977267499281032
2025-01-27,Bogotá,Marketplace,Bebidas,282478.73000000004,256158.0,38,8,8,0.2128375,0.0931777412055061
2025-01-27,Bogotá,Marketplace,Cuidado personal,833838.03,687368.0,44,10,10,0.24886,0.17565765140263515
2025-01-27,Bogotá,Marketplace,Hogar,2074636.29,1618268.0,76,10,10,0.1776,0.21997508295779403
2025-01-27,Bogotá,Tienda,Alimentos,9469407.52,7896000.0,560,45,45,0.07478,0.16615691284558842
2025-01-27,Bogotá,Tienda,Bebidas,3709076.97,2803500.0,445,39,39,0.07273333333333333,0.24415157121961806
2025-01-27,Bogotá,Tienda,Cuidado personal,5374271.7700000005,3460200.0,237,36,36,0.0953611111111111,0.35615462929966424
2025-01-27,Bogotá,Tienda,Hogar,11521671.0,8059500.0,405,45,45,0.10469777777777778,0.3004920900796421
2025-01-27,Caribe,E-commerce,Alimentos,842905.15,721990.5,49,6,6,0.09956666666666668,0.1434498887567599
2025-01-27,Caribe,E-commerce,Bebidas,425994.1,348925.5,53,5,5,0.11542,0.18091471219906563
2025-01-27,Caribe,E-commerce,Cuidado personal,699287.58,503481.0,33,6,6,0.14666666666666667,0.2800086625305142
2025-01-27,Caribe,E-commerce,Hogar,2012798.0899999999,1476480.5,71,9,9,0.12445555555555557,0.266453745492177
2025-01-27,Caribe,Marketplace,Alimentos,570818.16,573306.0,38,7,7,0.22047142857142857,-0.00435837570409457
2025-01-27,Caribe,Marketplace,Bebidas,165376.83000000002,141561.0,21,4,4,0.16925,0.14400947218543259
2025-01-27,Caribe,Marketplace,Cuidado personal,533509.25,374928.0,24,3,3,0.0998,0.29724180039989934
2025-01-27,Caribe,Marketplace,Hogar,551879.2300000001,489739.0,23,4,4,0.224175,0.11259751522085744
2025-01-27,Caribe,Tienda,Alimentos,2867819.7,2382900.0,169,23,23,0.09548260869565217,0.16909002333724124
2025-01-27,Caribe,Tienda,Bebidas,1387235.12,1045800.0,166,11,11,0.09122727272727273,0.24612635239511532
2025-01-27,Caribe,Tienda,Cuidado personal,4227266.28,2788600.0,191,14,14,0.08860714285714286,0.34033017669282006
2025-01-27,Caribe,Tienda,Hogar,4983909.24,3442700.0,173,17,17,0.08734117647058823,0.3092370197335295
2025-01-27,Eje Cafetero,E-commerce,Alimentos,552902.0900000001,500973.0,34,7,7,0.1399142857142857,0.09392095081427541
2025-01-27,Eje Cafetero,E-commerce,Bebidas,239877.86,190921.5,29,4,4,0.1287,0.20408869747295558
2025-01-27,Eje Cafetero,E-commerce,Cuidado personal,376097.15,305140.0,20,5,5,0.24562,0.18866707711026265
2025-01-27,Eje Cafetero,E-commerce,Hogar,809530.69,603069.5,29,4,4,0.14385,0.2550381258553644
2025-01-27,Eje Cafetero,Marketplace,Alimentos,388726.3,392262.0,26,4,4,0.21595,-0.009095602741569099
2025-01-27,Eje Cafetero,Marketplace,Bebidas,110083.53,87633.0,13,3,3,0.0871,0.2039408619981572
2025-01-27,Eje Cafetero,Marketplace,Cuidado personal,562744.26,421794.0,27,5,5,0.18975999999999998,0.2504694761346833
2025-01-27,Eje Cafetero,Marketplace,Hogar,291928.92000000004,234223.0,11,2,2,0.14905,0.1976711317261751
2025-01-27,Eje Cafetero,Tienda,Alimentos,3686418.55,3045600.0,216,21,21,0.06815238095238095,0.17383228228384426
2025-01-27,Eje Cafetero,Tienda,Bebidas,1674494.97,1285200.0,204,11,11,0.10345454545454545,0.23248500412037665
2025-01-27,Eje Cafetero,Tienda,Cuidado personal,4611710.63,3051400.0,209,14,14,0.10554285714285715,0.3383366293301017
2025-01-27,Eje Cafetero,Tienda,Hogar,2596988.91,1850700.0,93,14,14,0.1315,0.2873669991913828
2025-01-27,Valle,E-commerce,Alimentos,1705039.25,1458715.5,99,12,12,0.10449166666666666,0.14446808189312943
2025-01-27,Valle,E-commerce,Bebidas,410365.08,342342.0,52,9,9,0.17291111111111113,0.16576234995433825
2025-01-27,Valle,E-commerce,Cuidado personal,2412199.88,1739298.0,114,16,16,0.174675,0.27895776199109995
2025-01-27,Valle,E-commerce,Hogar,1646259.82,1226934.5,59,8,8,0.10596250000000002,0.2547139369531597
2025-01-27,Valle,Marketplace,Alimentos,836940.6599999999,769437.0,51,8,8,0.132675,0.08065525218956374
2025-01-27,Valle,Marketplace,Bebidas,55867.09,47187.0,7,2,2,0.16515000000000002,0.15537036205035912
2025-01-27,Valle,Marketplace,Cuidado personal,1200701.44,859210.0,55,9,9,0.1481,0.2844099529021969
2025-01-27,Valle,Marketplace,Hogar,1007160.45,809134.0,38,8,8,0.17935,0.19661857254223988
2025-01-27,Valle,Tienda,Alimentos,6745446.86,5710500.0,405,24,24,0.08184583333333333,0.15342895459412162
2025-01-27,Valle,Tienda,Bebidas,1302943.84,963900.0,153,19,19,0.08968421052631578,0.26021370191980037
2025-01-27,Valle,Tienda,Cuidado personal,5623311.41,3650000.0,250,27,27,0.08896296296296297,0.3509162602111698
2025-01-27,Valle,Tienda,Hogar,6169100.34,4198900.0,211,24,24,0.07682083333333332,0.3193659093572143
2025-02-03,Antioquia,E-commerce,Alimentos,1793240.54,1561857.0,106,16,16,0.1027,0.1290309553229262
2025-02-03,Antioquia,E-commerce,Bebidas,1061043.67,849271.5,129,12,12,0.10101666666666666,0.1995885522789085
2025-02-03,Antioquia,E-commerce,Cuidado personal,1908801.65,1403644.0,92,11,11,0.1555090909090909,0.2646464864487098
2025-02-03,Antioquia,E-commerce,Hogar,2837093.2,2141936.5,103,14,14,0.15317857142857141,0.24502427343592384
2025-02-03,Antioquia,Marketplace,Alimentos,1331429.95,1252221.0,83,7,7,0.15294285714285713,0.05949163904567413
2025-02-03,Antioquia,Marketplace,Bebidas,363768.26,310086.0,46,7,7,0.14037142857142856,0.14757268817240957
2025-02-03,Antioquia,Marketplace,Cuidado personal,1575752.33,1171650.0,75,12,12,0.18443333333333334,0.2564504093101992
2025-02-03,Antioquia,Marketplace,Hogar,1432789.49,1085943.0,51,8,8,0.148475,0.24207777375586417
2025-02-03,Antioquia,Tienda,Alimentos,5149757.22,4272300.0,303,26,26,0.08047692307692308,0.1703880751100728
2025-02-03,Antioquia,Tienda,Bebidas,1944949.29,1449000.0,230,22,22,0.08203636363636363,0.254993429674457
2025-02-03,Antioquia,Tienda,Cuidado personal,5069913.65,3328800.0,228,28,28,0.09875357142857143,0.3434207700953645
2025-02-03,Antioquia,Tienda,Hogar,3224742.87,2268600.0,114,17,17,0.1270764705882353,0.29650204947968456
2025-02-03,Bogotá,E-commerce,Alimentos,3070843.16,2740617.0,186,26,26,0.12887692307692308,0.10753599021318958
2025-02-03,Bogotá,E-commerce,Bebidas,443023.66,362092.5,55,8,8,0.16597499999999998,0.18267909212794634
2025-02-03,Bogotá,E-commerce,Cuidado personal,3014263.43,2197008.0,144,17,17,0.20111176470588238,0.2711293982689496
2025-02-03,Bogotá,E-commerce,Hogar,3119720.7,2370687.0,114,19,19,0.1546157894736842,0.24009639709093195
2025-02-03,Bogotá,Marketplace,Alimentos,1143496.2,1101351.0,73,12,12,0.171925,0.03685644079971578
2025-02-03,Bogotá,Marketplace,Bebidas,434216.79,364014.0,54,8,8,0.13885,0.16167682046564802
2025-02-03,Bogotá,Marketplace,Cuidado personal,1506634.17,1109162.0,71,14,14,0.16705,0.263814652497892
2025-02-03,Bogotá,Marketplace,Hogar,2806465.14,2257058.0,106,16,16,0.18198124999999998,0.19576481894230838
2025-02-03,Bogotá,Tienda,Alimentos,8782660.54,7289700.0,517,53,53,0.08665471698113207,0.16998955307454014
2025-02-03,Bogotá,Tienda,Bebidas,4792931.53,3666600.0,582,46,46,0.09970652173913043,0.23499846032642996
2025-02-03,Bogotá,Tienda,Cuidado personal,10618726.81,6891200.0,472,49,49,0.09380612244897958,0.35103330904884633
2025-02-03,Bogotá,Tienda,Hogar,7351309.2299999995,5134200.0,258,34,34,0.10937058823529411,0.30159379242981454
2025-02-03,Caribe,E-commerce,Alimentos,890053.73,766194.0,52,7,7,0.1232,0.13915983476637975
2025-02-03,Caribe,E-commerce,Bebidas,332067.46,263340.0,40,5,5,0.12252,0.2069683672106867
2025-02-03,Caribe,E-commerce,Cuidado personal,1424180.68,961191.0,63,8,8,0.11285,0.32509195392258794
2025-02-03,Caribe,E-commerce,Hogar,1650544.3599999999,1185343.5,57,7,7,0.11348571428571429,0.28184692957903895
2025-02-03,Caribe,Marketplace,Alimentos,514706.49,452610.0,30,5,5,0.08044,0.12064446671344671
2025-02-03,Caribe,Marketplace,Bebidas,68385.13,74151.0,11,2,2,0.32545,-0.0843146748423231
2025-02-03,Caribe,Marketplace,Cuidado personal,337231.86,296818.0,19,5,5,0.28868,0.11983998190443805
2025-02-03,Caribe,Marketplace,Hogar,751777.01,574911.0,27,4,4,0.147175,0.23526392487048786
2025-02-03,Caribe,Tienda,Alimentos,3855972.32,3172500.0,225,25,25,0.084232,0.17725031802095506
2025-02-03,Caribe,Tienda,Bebidas,820197.5,630000.0,100,10,10,0.11123000000000001,0.23189231861838155
2025-02-03,Caribe,Tienda,Cuidado personal,2493086.98,1606000.0,110,15,15,0.1157,0.3558187047288659
2025-02-03,Caribe,Tienda,Hogar,4920658.23,3383000.0,170,18,18,0.08208333333333334,0.3124903535517443
2025-02-03,Eje Cafetero,E-commerce,Alimentos,1285866.98,1075618.5,73,7,7,0.054014285714285716,0.16350717707985626
2025-02-03,Eje Cafetero,E-commerce,Bebidas,49024.009999999995,52668.0,8,2,2,0.3302,-0.07433072080394904
2025-02-03,Eje Cafetero,E-commerce,Cuidado personal,1064795.99,778107.0,51,7,7,0.18544285714285716,0.2692431157634243
2025-02-03,Eje Cafetero,E-commerce,Hogar,1375860.12,998184.0,48,5,5,0.136,0.2745018294446968
2025-02-03,Eje Cafetero,Marketplace,Alimentos,452566.11000000004,467697.0,31,5,5,0.22508,-0.03343354631658114
2025-02-03,Eje Cafetero,Marketplace,Bebidas,96590.02,80892.0,12,1,1,0.1251,0.16252217361586635
2025-02-03,Eje Cafetero,Marketplace,Cuidado personal,1061898.33,781100.0,50,6,6,0.18496666666666664,0.26443052227043246
2025-02-03,Eje Cafetero,Marketplace,Hogar,472907.14,383274.0,18,3,3,0.22053333333333333,0.1895364489527479
2025-02-03,Eje Cafetero,Tienda,Alimentos,2690205.25,2241900.0,159,19,19,0.0956,0.1666435116800103
2025-02-03,Eje Cafetero,Tienda,Bebidas,604707.64,459900.0,73,10,10,0.11037000000000001,0.23946719112065462
2025-02-03,Eje Cafetero,Tienda,Cuidado personal,2661160.79,1693600.0,116,16,16,0.09608749999999999,0.36358599361446325
2025-02-03,Eje Cafetero,Tienda,Hogar,4468502.09,3044700.0,153,17,17,0.08831176470588235,0.3186307315792259
2025-02-03,Valle,E-commerce,Alimentos,2527181.44,2239644.0,152,16,16,0.12301875,0.1137779169508304
2025-02-03,Valle,E-commerce,Bebidas,288881.92000000004,223839.0,34,5,5,0.07788,0.22515400063804628
2025-02-03,Valle,E-commerce,Cuidado personal,1912389.54,1312102.0,86,9,9,0.14114444444444443,0.31389396743929066
2025-02-03,Valle,E-commerce,Hogar,3404340.9699999997,2557846.5,123,20,20,0.14778,0.2486514945064389
2025-02-03,Valle,Marketplace,Alimentos,785088.6799999999,724176.0,48,9,9,0.12243333333333334,0.0775870058399007
2025-02-03,Valle,Marketplace,Bebidas,197537.13999999998,175266.0,26,6,6,0.1764,0.11274406423014927
2025-02-03,Valle,Marketplace,Cuidado personal,937238.15,765478.0,49,10,10,0.23285,0.1832620129686356
2025-02-03,Valle,Marketplace,Hogar,1358092.87,1064650.0,50,8,8,0.1480375,0.21606981119045274
2025-02-03,Valle,Tienda,Alimentos,5875250.33,4906800.0,348,29,29,0.07995862068965517,0.16483558582260444
2025-02-03,Valle,Tienda,Bebidas,1053111.03,787500.0,125,16,16,0.10478125,0.25221559971696433
2025-02-03,Valle,Tienda,Cuidado personal,4114114.44,2613400.0,179,24,24,0.08859166666666667,0.36477216710578425
2025-02-03,Valle,Tienda,Hogar,6703461.4399999995,4616800.0,232,24,24,0.10791666666666667,0.3112811878873133
2025-02-10,Antioquia,E-commerce,Alimentos,2735373.29,2401723.5,163,19,19,0.11268947368421052,0.12197596255683262
2025-02-10,Antioquia,E-commerce,Bebidas,581190.83,454261.5,69,9,9,0.09375555555555556,0.21839527302934214
2025-02-10,Antioquia,E-commerce,Cuidado personal,1109962.63,793364.0,52,9,9,0.15854444444444446,0.2852335938553174
2025-02-10,Antioquia,E-commerce,Hogar,3438612.86,2661824.0,128,17,17,0.18218823529411765,0.2259018073933452
2025-02-10,Antioquia,Marketplace,Alimentos,802391.55,739263.0,49,8,8,0.1393625,0.07867549203378331
2025-02-10,Antioquia,Marketplace,Bebidas,194049.97,155043.0,23,3,3,0.08976666666666666,0.20101507874492328
2025-02-10,Antioquia,Marketplace,Cuidado personal,1249243.1,937320.0,60,8,8,0.216825,0.24968967209024415
2025-02-10,Antioquia,Marketplace,Hogar,1280728.49,1043357.0,49,8,8,0.201325,0.1853409929219268
2025-02-10,Antioquia,Tienda,Alimentos,6060097.81,4949100.0,351,34,34,0.06322058823529413,0.18333001295238166
2025-02-10,Antioquia,Tienda,Bebidas,1076115.93,806400.0,128,10,10,0.09153,0.2506383582668458
2025-02-10,Antioquia,Tienda,Cuidado personal,5329077.76,3533200.0,242,21,21,0.12252380952380952,0.33699597582903346
2025-02-10,Antioquia,Tienda,Hogar,4281209.0,3004900.0,151,20,20,0.11465,0.29811882578028776
2025-02-10,Bogotá,E-commerce,Alimentos,4120031.54,3668890.5,249,32,32,0.13870625,0.10949941417196045
2025-02-10,Bogotá,E-commerce,Bebidas,1084562.94,869022.0,132,19,19,0.12700526315789473,0.19873529884766297
2025-02-10,Bogotá,E-commerce,Cuidado personal,3191421.3,2258036.0,148,22,22,0.1597818181818182,0.29246696448381787
2025-02-10,Bogotá,E-commerce,Hogar,4454879.83,3431257.5,165,26,26,0.15726153846153845,0.22977552011767735
2025-02-10,Bogotá,Marketplace,Alimentos,1447200.67,1357830.0,90,15,15,0.16772666666666666,0.06175416571635496
2025-02-10,Bogotá,Marketplace,Bebidas,285017.24,242676.0,36,6,6,0.15995,0.14855676800463014
2025-02-10,Bogotá,Marketplace,Cuidado personal,1840055.0899999999,1405980.0,90,17,17,0.21714117647058823,0.23590331200355522
2025-02-10,Bogotá,Marketplace,Hogar,1720155.76,1405338.0,66,10,10,0.20267,0.18301700771562687
2025-02-10,Bogotá,Tienda,Alimentos,13107137.6,10857000.0,770,49,49,0.06641224489795919,0.1716726922894286
2025-02-10,Bogotá,Tienda,Bebidas,2982630.9,2299500.0,365,27,27,0.10194074074074075,0.22903635176581855
2025-02-10,Bogotá,Tienda,Cuidado personal,7209303.51,4599000.0,315,38,38,0.09280526315789474,0.3620742983534064
2025-02-10,Bogotá,Tienda,Hogar,12756478.379999999,8716200.0,438,50,50,0.087978,0.316723648929196
2025-02-10,Caribe,E-commerce,Alimentos,1484990.94,1340839.5,91,12,12,0.13621666666666668,0.09707226900657047
2025-02-10,Caribe,E-commerce,Bebidas,924797.9,704434.5,107,10,10,0.06576,0.23828276426665762
2025-02-10,Caribe,E-commerce,Cuidado personal,1241832.46,945934.0,62,9,9,0.20279999999999998,0.23827566884505497
2025-02-10,Caribe,E-commerce,Hogar,2039685.08,1497276.0,72,8,8,0.11088749999999999,0.26592785588253653
2025-02-10,Caribe,Marketplace,Alimentos,830712.26,799611.0,53,10,10,0.18397000000000002,0.03743926928440903
2025-02-10,Caribe,Marketplace,Bebidas,110713.13,94374.0,14,4,4,0.1662,0.14758077926258614
2025-02-10,Caribe,Marketplace,Cuidado personal,674900.66,546770.0,35,4,4,0.258325,0.18985114046265716
2025-02-10,Caribe,Marketplace,Hogar,663744.37,596204.0,28,4,4,0.249725,0.10175659945710726
2025-02-10,Caribe,Tienda,Alimentos,5957296.59,5061900.0,359,26,26,0.0999,0.15030250323662328
2025-02-10,Caribe,Tienda,Bebidas,1167938.2,863100.0,137,12,12,0.073175,0.26100541963607315
2025-02-10,Caribe,Tienda,Cuidado personal,2625591.23,1664400.0,114,14,14,0.09114285714285715,0.3660856339773804
2025-02-10,Caribe,Tienda,Hogar,6680956.36,4557100.0,229,20,20,0.071355,0.31789705628312176
2025-02-10,Eje Cafetero,E-commerce,Alimentos,722576.05,648318.0,44,8,8,0.13143749999999998,0.10276849059694138
2025-02-10,Eje Cafetero,E-commerce,Bebidas,261338.72,204088.5,31,4,4,0.09534999999999999,0.21906520396212242
2025-02-10,Eje Cafetero,E-commerce,Cuidado personal,1253024.5499999998,884906.0,58,9,9,0.17547777777777776,0.29378398851004145
2025-02-10,Eje Cafetero,E-commerce,Hogar,1447396.62,1081366.0,52,7,7,0.13677142857142857,0.25288895589655314
2025-02-10,Eje Cafetero,Marketplace,Alimentos,299144.38,256479.0,17,2,2,0.05335,0.14262470851031867
2025-02-10,Eje Cafetero,Marketplace,Bebidas,297129.64,283122.0,42,7,7,0.23392857142857143,0.04714319311934014
2025-02-10,Eje Cafetero,Marketplace,Cuidado personal,628233.75,515526.0,33,7,7,0.24377142857142856,0.17940416286135535
2025-02-10,Eje Cafetero,Marketplace,Hogar,513117.68000000005,425860.0,20,2,2,0.1961,0.17005393382664197
2025-02-10,Eje Cafetero,Tienda,Alimentos,4139600.41,3539100.0,251,16,16,0.09964375,0.1450624095382192
2025-02-10,Eje Cafetero,Tienda,Bebidas,1802389.06,1360800.0,216,16,16,0.08678125,0.24500207519013684
2025-02-10,Eje Cafetero,Tienda,Cuidado personal,1579282.1800000002,1007400.0,69,9,9,0.11571111111111113,0.36211526175771835
2025-02-10,Eje Cafetero,Tienda,Hogar,3350349.91,2368100.0,119,15,15,0.11045333333333333,0.29317830566539244
2025-02-10,Valle,E-commerce,Alimentos,2465326.65,2151237.0,146,18,18,0.10130555555555557,0.1274028534920514
2025-02-10,Valle,E-commerce,Bebidas,494734.23,375259.5,57,8,8,0.060925,0.2414927505622564
2025-02-10,Valle,E-commerce,Cuidado personal,2605093.89,1861354.0,122,18,18,0.14781111111111112,0.2854944663817856
2025-02-10,Valle,E-commerce,Hogar,2698078.78,1933981.5,93,12,12,0.09475833333333333,0.28320050758488224
2025-02-10,Valle,Marketplace,Alimentos,1138124.31,995742.0,66,9,9,0.07755555555555554,0.1251025997327129
2025-02-10,Valle,Marketplace,Bebidas,354340.78,310086.0,46,6,6,0.16388333333333335,0.12489327364465368
2025-02-10,Valle,Marketplace,Cuidado personal,2081997.0,1593444.0,102,8,8,0.2260125,0.23465595771751832
2025-02-10,Valle,Marketplace,Hogar,1176340.04,979478.0,46,6,6,0.23766666666666666,0.16735130430483353
2025-02-10,Valle,Tienda,Alimentos,6954950.37,5879700.0,417,32,32,0.0892,0.1546021628907756
2025-02-10,Valle,Tienda,Bebidas,1671339.34,1260000.0,200,18,18,0.09860555555555556,0.24611359892958665
2025-02-10,Valle,Tienda,Cuidado personal,5706486.68,3693800.0,253,26,26,0.08926923076923078,0.3527015470051005
2025-02-10,Valle,Tienda,Hogar,8619812.63,5890400.0,296,29,29,0.08150689655172413,0.3166440788400293
2025-02-17,Antioquia,E-commerce,Alimentos,2569624.86,2283847.5,155,20,20,0.114455,0.11121365007341961
2025-02-17,Antioquia,E-commerce,Bebidas,706177.4400000001,559597.5,85,11,11,0.1104090909090909,0.20756814321341113
2025-02-17,Antioquia,E-commerce,Cuidado personal,3164467.9699999997,2181751.0,143,18,18,0.13917222222222222,0.31054729556956134
2025-02-17,Antioquia,E-commerce,Hogar,3005732.7,2391482.5,115,15,15,0.19101333333333334,0.20435955599112327
2025-02-17,Antioquia,Marketplace,Alimentos,371823.61,347001.0,23,3,3,0.16403333333333334,0.06675910117703387
2025-02-17,Antioquia,Marketplace,Bebidas,85897.22,74151.0,11,2,2,0.21400000000000002,0.1367473825113316
2025-02-17,Antioquia,Marketplace,Cuidado personal,928845.5800000001,702990.0,45,9,9,0.20301111111111114,0.24315729639365896
2025-02-17,Antioquia,Marketplace,Hogar,1070193.91,851720.0,40,5,5,0.19252,0.20414422840436452
2025-02-17,Antioquia,Tienda,Alimentos,9111773.15,7614000.0,540,38,38,0.08319210526315789,0.16437779182419618
2025-02-17,Antioquia,Tienda,Bebidas,2357173.59,1795500.0,285,19,19,0.08184736842105263,0.2382826586819174
2025-02-17,Antioquia,Tienda,Cuidado personal,5303272.76,3387200.0,232,28,28,0.09756785714285714,0.3613000587961461
2025-02-17,Antioquia,Tienda,Hogar,4415744.5,3044700.0,153,20,20,0.103465,0.3104899977795364
2025-02-17,Bogotá,E-commerce,Alimentos,1373181.02,1178760.0,80,9,9,0.08941111111111111,0.14158440669388223
2025-02-17,Bogotá,E-commerce,Bebidas,1503685.5,1158696.0,176,23,23,0.09545217391304349,0.22942929222899336
2025-02-17,Bogotá,E-commerce,Cuidado personal,2938273.96,2151237.0,141,23,23,0.19133913043478262,0.2678569019479722
2025-02-17,Bogotá,E-commerce,Hogar,4301463.94,3140120.5,151,21,21,0.1121095238095238,0.26998795205522524
2025-02-17,Bogotá,Marketplace,Alimentos,1129447.0,1071177.0,71,10,10,0.15284,0.0515916196156172
2025-02-17,Bogotá,Marketplace,Bebidas,318596.9,276381.0,41,7,7,0.18337142857142857,0.13250568351418365
2025-02-17,Bogotá,Marketplace,Cuidado personal,2307274.45,1780908.0,114,17,17,0.2106235294117647,0.2281334368349635
2025-02-17,Bogotá,Marketplace,Hogar,1575610.72,1320166.0,62,10,10,0.20627,0.16212425871283737
2025-02-17,Bogotá,Tienda,Alimentos,11311461.79,9475200.0,672,64,64,0.094071875,0.16233638269665226
2025-02-17,Bogotá,Tienda,Bebidas,3690939.62,2835000.0,450,37,37,0.10424054054054054,0.2319029049843953
2025-02-17,Bogotá,Tienda,Cuidado personal,7356020.32,4788800.0,328,37,37,0.10262432432432432,0.3489958168032902
2025-02-17,Bogotá,Tienda,Hogar,15025945.66,10407700.0,523,46,46,0.09480652173913044,0.30735141497909557
2025-02-17,Caribe,E-commerce,Alimentos,793630.49,721990.5,49,8,8,0.15792499999999998,0.0902686967079604
2025-02-17,Caribe,E-commerce,Bebidas,409187.08,329175.0,50,8,8,0.1279625,0.19553911623993606
2025-02-17,Caribe,E-commerce,Cuidado personal,1339418.18,900163.0,59,7,7,0.0964142857142857,0.3279447647933224
2025-02-17,Caribe,E-commerce,Hogar,973240.81,686251.5,33,4,4,0.0904,0.2948800615954442
2025-02-17,Caribe,Marketplace,Alimentos,540367.56,497871.0,33,6,6,0.12946666666666665,0.0786438031180111
2025-02-17,Caribe,Marketplace,Bebidas,109008.94,101115.0,15,3,3,0.21006666666666665,0.07241552848784698
2025-02-17,Caribe,Marketplace,Cuidado personal,564593.9,421794.0,27,4,4,0.213275,0.2529249784668237
2025-02-17,Caribe,Marketplace,Hogar,1695838.58,1447924.0,68,10,10,0.21399999999999997,0.14618996343390186
2025-02-17,Caribe,Tienda,Alimentos,3360567.63,2749500.0,195,24,24,0.07527083333333333,0.18183464738068666
2025-02-17,Caribe,Tienda,Bebidas,1659374.4,1278900.0,203,12,12,0.07715,0.22928785691764314
2025-02-17,Caribe,Tienda,Cuidado personal,2640342.85,1693600.0,116,19,19,0.09067894736842104,0.35856814958708866
2025-02-17,Caribe,Tienda,Hogar,3592053.5700000003,2507400.0,126,18,18,0.11118888888888888,0.30195918542495465
2025-02-17,Eje Cafetero,E-commerce,Alimentos,1201048.44,1046149.5,71,9,9,0.11547777777777776,0.12896976911272617
2025-02-17,Eje Cafetero,E-commerce,Bebidas,373593.69,289674.0,44,8,8,0.0975,0.22462823180980385
2025-02-17,Eje Cafetero,E-commerce,Cuidado personal,1275142.45,823878.0,54,8,8,0.0495625,0.35389336305132024
2025-02-17,Eje Cafetero,E-commerce,Hogar,923358.1799999999,665456.0,32,5,5,0.10474000000000001,0.2793089243006435
2025-02-17,Eje Cafetero,Marketplace,Alimentos,252670.0,226305.0,15,3,3,0.08676666666666666,0.1043455891083231
2025-02-17,Eje Cafetero,Marketplace,Bebidas,127601.93,107856.0,16,3,3,0.17716666666666667,0.15474632711276384
2025-02-17,Eje Cafetero,Marketplace,Cuidado personal,307459.4,265574.0,17,4,4,0.270525,0.13623066980550935
2025-02-17,Eje Cafetero,Marketplace,Hogar,729882.29,596204.0,28,5,5,0.20346000000000003,0.18315047759276368
2025-02-17,Eje Cafetero,Tienda,Alimentos,2205621.84,1790700.0,127,16,16,0.07795625,0.1881201176353966
2025-02-17,Eje Cafetero,Tienda,Bebidas,1197056.75,913500.0,145,15,15,0.09691999999999999,0.23687828501029712
2025-02-17,Eje Cafetero,Tienda,Cuidado personal,2800764.46,1839600.0,126,10,10,0.1142,0.34317932611869834
2025-02-17,Eje Cafetero,Tienda,Hogar,3393970.04,2407900.0,121,15,15,0.12452666666666667,0.29053587049342366
2025-02-17,Valle,E-commerce,Alimentos,3151203.98,2814289.5,191,13,13,0.08127692307692308,0.10691611274240646
2025-02-17,Valle,E-commerce,Bebidas,634642.42,506929.5,77,9,9,0.11854444444444444,0.20123602831339266
2025-02-17,Valle,E-commerce,Cuidado personal,1429975.72,1067990.0,70,10,10,0.21517,0.25314116522202207
2025-02-17,Valle,E-commerce,Hogar,1966019.75,1497276.0,72,10,10,0.15182,0.23842270658776443
2025-02-17,Valle,Marketplace,Alimentos,429820.92,422436.0,28,6,6,0.18178333333333332,0.017181388006893623
2025-02-17,Valle,Marketplace,Bebidas,325144.75,256158.0,38,5,5,0.09062,0.21217242474313364
2025-02-17,Valle,Marketplace,Cuidado personal,799664.0800000001,656124.0,42,7,7,0.2384,0.17950047224829713
2025-02-17,Valle,Marketplace,Hogar,1438246.0,1171115.0,55,9,9,0.1875888888888889,0.18573387306483036
2025-02-17,Valle,Tienda,Alimentos,4698677.08,3849300.0,273,28,28,0.07016071428571428,0.18076940924827292
2025-02-17,Valle,Tienda,Bebidas,2092872.96,1587600.0,252,23,23,0.09606956521739131,0.24142552828433503
2025-02-17,Valle,Tienda,Cuidado personal,4316412.86,2744800.0,188,22,22,0.08935,0.36410160727766905
2025-02-17,Valle,Tienda,Hogar,8507975.85,5930200.0,298,21,21,0.08221428571428571,0.3029834469969728
2025-02-24,Antioquia,E-commerce,Alimentos,2134211.63,1900750.5,129,17,17,0.1476470588235294,0.10938986870763136
2025-02-24,Antioquia,E-commerce,Bebidas,678283.11,559597.5,85,8,8,0.146375,0.17497945658708794
2025-02-24,Antioquia,E-commerce,Cuidado personal,3571325.02,2410606.0,158,20,20,0.118655,0.32501074909166344
2025-02-24,Antioquia,E-commerce,Hogar,2099145.35,1580458.0,76,11,11,0.16403636363636365,0.24709453778415108
2025-02-24,Antioquia,Marketplace,Alimentos,702771.22,663828.0,44,6,6,0.15325,0.05541379454895716
2025-02-24,Antioquia,Marketplace,Bebidas,949271.04,808920.0,120,7,7,0.12107142857142858,0.14785138710225484
2025-02-24,Antioquia,Marketplace,Cuidado personal,1477375.62,1218516.0,78,14,14,0.23337142857142856,0.1752158465969542
2025-02-24,Antioquia,Marketplace,Hogar,635304.21,532325.0,25,7,7,0.1764142857142857,0.16209432958109937
2025-02-24,Antioquia,Tienda,Alimentos,4516944.65,3750600.0,266,25,25,0.082248,0.16965996030081978
2025-02-24,Antioquia,Tienda,Bebidas,1992146.1199999999,1524600.0,242,24,24,0.0865875,0.23469469197369916
2025-02-24,Antioquia,Tienda,Cuidado personal,4503431.61,2890800.0,198,23,23,0.09533478260869564,0.3580895081029109
2025-02-24,Antioquia,Tienda,Hogar,6299055.62,4318300.0,217,24,24,0.08458333333333334,0.3144527909407474
2025-02-24,Bogotá,E-commerce,Alimentos,3971731.35,3418404.0,232,32,32,0.09193125,0.13931640920275237
2025-02-24,Bogotá,E-commerce,Bebidas,697267.15,599098.5,91,17,17,0.1754529411764706,0.14079058507202014
2025-02-24,Bogotá,E-commerce,Cuidado personal,3242535.83,2273293.0,149,22,22,0.13945454545454547,0.2989150716647594
2025-02-24,Bogotá,E-commerce,Hogar,6419995.33,4970124.5,239,24,24,0.17533333333333334,0.2258367421585025
2025-02-24,Bogotá,Marketplace,Alimentos,1614785.32,1478526.0,98,14,14,0.13470714285714286,0.08438231281418886
2025-02-24,Bogotá,Marketplace,Bebidas,279040.58,242676.0,36,5,5,0.18484,0.13032004162261995
2025-02-24,Bogotá,Marketplace,Cuidado personal,2143279.7800000003,1593444.0,102,13,13,0.1924076923076923,0.25653943322322587
2025-02-24,Bogotá,Marketplace,Hogar,1875116.0,1469217.0,69,11,11,0.18131818181818182,0.21646607463218276
2025-02-24,Bogotá,Tienda,Alimentos,12565905.129999999,10462200.0,742,58,58,0.08000689655172413,0.1674137364747078
2025-02-24,Bogotá,Tienda,Bebidas,3163725.72,2394000.0,380,31,31,0.08728064516129032,0.24329723500809677
2025-02-24,Bogotá,Tienda,Cuidado personal,6026679.359999999,3956600.0,271,30,30,0.10879666666666667,0.3434858960208561
2025-02-24,Bogotá,Tienda,Hogar,13973400.98,9830600.0,494,43,43,0.10119069767441861,0.2964776424815657
2025-02-24,Caribe,E-commerce,Alimentos,1756512.43,1488184.5,101,14,14,0.07014285714285715,0.1527617598470396
2025-02-24,Caribe,E-commerce,Bebidas,77156.8,59251.5,9,2,2,0.06705,0.23206379735810714
2025-02-24,Caribe,E-commerce,Cuidado personal,726124.0,549252.0,36,8,8,0.19619999999999999,0.2435837405181484
2025-02-24,Caribe,E-commerce,Hogar,756578.8,686251.5,33,6,6,0.2650166666666667,0.09295436245371935
2025-02-24,Caribe,Marketplace,Alimentos,616127.39,558219.0,37,7,7,0.11039999999999998,0.09398768978603599
2025-02-24,Caribe,Marketplace,Bebidas,109216.26999999999,94374.0,14,2,2,0.2138,0.1358979756404425
2025-02-24,Caribe,Marketplace,Cuidado personal,449333.55,343684.0,22,4,4,0.22062500000000002,0.23512499789966718
2025-02-24,Caribe,Marketplace,Hogar,353638.62,276809.0,13,2,2,0.17600000000000002,0.21725460867367935
2025-02-24,Caribe,Tienda,Alimentos,6408951.91,5400300.0,383,30,30,0.09724,0.1573817254621903
2025-02-24,Caribe,Tienda,Bebidas,418545.01,308700.0,49,6,6,0.08568333333333333,0.26244491601990433
2025-02-24,Caribe,Tienda,Cuidado personal,4504424.4799999995,2905400.0,199,23,23,0.11296521739130436,0.3549897411089462
2025-02-24,Caribe,Tienda,Hogar,4172205.1500000004,2905400.0,146,12,12,0.08531666666666667,0.30362964055111247
2025-02-24,Eje Cafetero,E-commerce,Alimentos,211074.44,191548.5,13,4,4,0.13485,0.09250736375280684
2025-02-24,Eje Cafetero,E-commerce,Bebidas,154270.91,131670.0,20,4,4,0.14127499999999998,0.1465014369851063
2025-02-24,Eje Cafetero,E-commerce,Cuidado personal,1366024.86,915420.0,60,7,7,0.08897142857142858,0.32986578296971847
2025-02-24,Eje Cafetero,E-commerce,Hogar,960532.73,686251.5,33,3,3,0.07596666666666667,0.2855511545140164
2025-02-24,Eje Cafetero,Marketplace,Alimentos,307225.41000000003,286653.0,19,2,2,0.13085000000000002,0.06696194172220335
2025-02-24,Eje Cafetero,Marketplace,Bebidas,73438.12,60669.0,9,1,1,0.1131,0.17387591076677883
2025-02-24,Eje Cafetero,Marketplace,Cuidado personal,442219.73,312440.0,20,4,4,0.12505,0.29347340517800957
2025-02-24,Eje Cafetero,Marketplace,Hogar,1045389.5800000001,851720.0,40,9,9,0.17603333333333332,0.18526067573774752
2025-02-24,Eje Cafetero,Tienda,Alimentos,3490320.04,2961000.0,210,12,12,0.10009166666666668,0.15165372628694532
2025-02-24,Eje Cafetero,Tienda,Bebidas,777010.5,579600.0,92,12,12,0.09028333333333333,0.2540641342684558
2025-02-24,Eje Cafetero,Tienda,Cuidado personal,1899938.46,1211800.0,83,11,11,0.0975909090909091,0.3621898679813029
2025-02-24,Eje Cafetero,Tienda,Hogar,1816619.8499999999,1233800.0,62,9,9,0.09785555555555556,0.32082653396086136
2025-02-24,Valle,E-commerce,Alimentos,2210235.28,1989157.5,135,18,18,0.1372,0.10002454580310555
2025-02-24,Valle,E-commerce,Bebidas,372992.97000000003,289674.0,44,6,6,0.09795,0.22337946476578371
2025-02-24,Valle,E-commerce,Cuidado personal,1463379.79,1067990.0,70,10,10,0.17797000000000002,0.2701894564226557
2025-02-24,Valle,E-commerce,Hogar,2561466.02,1871595.0,90,14,14,0.11982142857142856,0.2693266335034185
2025-02-24,Valle,Marketplace,Alimentos,846905.54,784524.0,52,6,6,0.14393333333333333,0.07365820277902543
2025-02-24,Valle,Marketplace,Bebidas,202503.41999999998,161784.0,24,3,3,0.08503333333333334,0.20108015953508335
2025-02-24,Valle,Marketplace,Cuidado personal,766886.7000000001,593636.0,38,7,7,0.20961428571428573,0.22591433649846848
2025-02-24,Valle,Marketplace,Hogar,671740.4,574911.0,27,5,5,0.21349999999999997,0.14414705442757353
2025-02-24,Valle,Tienda,Alimentos,7676516.36,6415500.0,455,32,32,0.07590625,0.16426935094814288
2025-02-24,Valle,Tienda,Bebidas,1704048.71,1272600.0,202,17,17,0.0782764705882353,0.2531903621463966
2025-02-24,Valle,Tienda,Cuidado personal,5744277.77,3796000.0,260,25,25,0.12131600000000001,0.33916844693253745
2025-02-24,Valle,Tienda,Hogar,7473981.49,5134200.0,258,27,27,0.09140740740740741,0.31305690188429947
2025-03-03,Antioquia,E-commerce,Alimentos,2207984.94,1886016.0,128,20,20,0.094975,0.14582026089362726
2025-03-03,Antioquia,E-commerce,Bebidas,804773.99,664933.5,101,16,16,0.15744375,0.17376367991217012
2025-03-03,Antioquia,E-commerce,Cuidado personal,2510386.69,1800326.0,118,27,27,0.1439074074074074,0.2828491295100039
2025-03-03,Antioquia,E-commerce,Hogar,4589797.73,3452053.0,166,23,23,0.12828260869565217,0.2478855925531168
2025-03-03,Antioquia,Marketplace,Alimentos,660346.51,588393.0,39,6,6,0.10210000000000001,0.10896326233328621
2025-03-03,Antioquia,Marketplace,Bebidas,346940.59,310086.0,46,9,9,0.17477777777777778,0.10622738031315397
2025-03-03,Antioquia,Marketplace,Cuidado personal,1197188.76,890454.0,57,10,10,0.16172999999999998,0.2562125290919036
2025-03-03,Antioquia,Marketplace,Hogar,2094345.1600000001,1767319.0,83,13,13,0.19847692307692308,0.1561472130983415
2025-03-03,Antioquia,Tienda,Alimentos,8193516.54,6866700.0,487,39,39,0.08851025641025642,0.16193493154283667
2025-03-03,Antioquia,Tienda,Bebidas,2040306.11,1512000.0,240,27,27,0.06907407407407408,0.25893472916179233
2025-03-03,Antioquia,Tienda,Cuidado personal,4139683.42,2715600.0,186,26,26,0.11890384615384615,0.3440078082106095
2025-03-03,Antioquia,Tienda,Hogar,7804029.45,5353100.0,269,24,24,0.07924166666666667,0.31405948243826787
2025-03-03,Bogotá,E-commerce,Alimentos,3927791.34,3492076.5,237,42,42,0.12564285714285714,0.11093125939831618
2025-03-03,Bogotá,E-commerce,Bebidas,1059620.01,869022.0,132,25,25,0.141332,0.17987392480442116
2025-03-03,Bogotá,E-commerce,Cuidado personal,6151874.82,4332988.0,284,61,61,0.1316344262295082,0.29566382171606026
2025-03-03,Bogotá,E-commerce,Hogar,6368827.37,4720578.5,227,33,33,0.1356272727272727,0.25879942636912767
2025-03-03,Bogotá,Marketplace,Alimentos,1710352.46,1569048.0,104,20,20,0.1335,0.08261715833705993
2025-03-03,Bogotá,Marketplace,Bebidas,276806.84,229194.0,34,8,8,0.1234625,0.1720074547290812
2025-03-03,Bogotá,Marketplace,Cuidado personal,2213204.66,1718420.0,110,23,23,0.1877913043478261,0.22356028294283464
2025-03-03,Bogotá,Marketplace,Hogar,3224164.66,2661625.0,125,21,21,0.20861904761904762,0.17447609515079796
2025-03-03,Bogotá,Tienda,Alimentos,12560727.24,10377600.0,736,61,61,0.07520983606557377,0.17380579948012628
2025-03-03,Bogotá,Tienda,Bebidas,4316317.45,3257100.0,517,41,41,0.08594390243902439,0.24539841248238128
2025-03-03,Bogotá,Tienda,Cuidado personal,10397187.44,6774400.0,464,49,49,0.11132244897959184,0.34843917750895137
2025-03-03,Bogotá,Tienda,Hogar,16804503.93,11701200.0,588,52,52,0.08897307692307692,0.30368667538524596
2025-03-03,Caribe,E-commerce,Alimentos,1533047.4,1355574.0,92,17,17,0.11577058823529411,0.11576510941540354
2025-03-03,Caribe,E-commerce,Bebidas,608715.53,474012.0,72,10,10,0.08864999999999999,0.2212914298407994
2025-03-03,Caribe,E-commerce,Cuidado personal,2146643.29,1540957.0,101,21,21,0.1361047619047619,0.28215507104582804
2025-03-03,Caribe,E-commerce,Hogar,3239182.78,2329096.0,112,15,15,0.09226,0.28096184803748553
2025-03-03,Caribe,Marketplace,Alimentos,706814.96,633654.0,42,6,6,0.09726666666666667,0.10350793933393822
2025-03-03,Caribe,Marketplace,Bebidas,371312.76,330309.0,49,9,9,0.19856666666666667,0.1104291702768308
2025-03-03,Caribe,Marketplace,Cuidado personal,1202609.13,999808.0,64,10,10,0.22610999999999998,0.168634284358044
2025-03-03,Caribe,Marketplace,Hogar,1240134.78,915599.0,43,4,4,0.121225,0.2616939587808351
2025-03-03,Caribe,Tienda,Alimentos,3684992.0700000003,3073800.0,218,21,21,0.08926666666666667,0.16585980604294767
2025-03-03,Caribe,Tienda,Bebidas,2414014.9,1852200.0,294,19,19,0.08752105263157894,0.23273050220195407
2025-03-03,Caribe,Tienda,Cuidado personal,2005348.03,1299400.0,89,14,14,0.09638571428571428,0.35203267434830254
2025-03-03,Caribe,Tienda,Hogar,4282938.4,2925300.0,147,16,16,0.07213125,0.3169876083204933
2025-03-03,Eje Cafetero,E-commerce,Alimentos,1262419.62,1178760.0,80,14,14,0.1596142857142857,0.06626926473148453
2025-03-03,Eje Cafetero,E-commerce,Bebidas,201046.77,164587.5,25,4,4,0.15207500000000002,0.1813472059262628
2025-03-03,Eje Cafetero,E-commerce,Cuidado personal,781945.37,549252.0,36,6,6,0.12191666666666667,0.29758264314551797
2025-03-03,Eje Cafetero,E-commerce,Hogar,3394023.85,2474664.5,119,19,19,0.11810526315789475,0.27087592504690267
2025-03-03,Eje Cafetero,Marketplace,Alimentos,417214.53,422436.0,28,5,5,0.197,-0.012515072281878514
2025-03-03,Eje Cafetero,Marketplace,Bebidas,105912.98999999999,94374.0,14,4,4,0.163775,0.10894782594656229
2025-03-03,Eje Cafetero,Marketplace,Cuidado personal,151120.21000000002,109354.0,7,2,2,0.12235,0.2763773951875796
2025-03-03,Eje Cafetero,Marketplace,Hogar,548145.56,425860.0,20,3,3,0.17120000000000002,0.22308957496618242
2025-03-03,Eje Cafetero,Tienda,Alimentos,4095130.59,3440400.0,244,20,20,0.083955,0.15988027136394686
2025-03-03,Eje Cafetero,Tienda,Bebidas,504385.45999999996,365400.0,58,9,9,0.06506666666666666,0.27555405740680944
2025-03-03,Eje Cafetero,Tienda,Cuidado personal,1892174.2,1241000.0,85,11,11,0.11946363636363637,0.3441407244639526
2025-03-03,Eje Cafetero,Tienda,Hogar,6601564.91,4676500.0,235,17,17,0.1184529411764706,0.2916073592011383
2025-03-03,Valle,E-commerce,Alimentos,1707303.3499999999,1502919.0,102,15,15,0.12482,0.11971179579774144
2025-03-03,Valle,E-commerce,Bebidas,972082.23,763686.0,116,14,14,0.11712857142857143,0.21438127718886496
2025-03-03,Valle,E-commerce,Cuidado personal,2816501.88,1952896.0,128,28,28,0.1308357142857143,0.3066235766190932
2025-03-03,Valle,E-commerce,Hogar,4477912.01,3410462.0,164,26,26,0.14668846153846155,0.2383811936492249
2025-03-03,Valle,Marketplace,Alimentos,1370830.21,1282395.0,85,6,6,0.10876666666666668,0.06451215428058006
2025-03-03,Valle,Marketplace,Bebidas,172175.74,148302.0,22,5,5,0.20112000000000002,0.13865913978357225
2025-03-03,Valle,Marketplace,Cuidado personal,394760.52,343684.0,22,5,5,0.24982,0.12938608957146985
2025-03-03,Valle,Marketplace,Hogar,1194934.17,915599.0,43,5,5,0.15821999999999997,0.2337661580135414
2025-03-03,Valle,Tienda,Alimentos,8427713.61,7148700.0,507,38,38,0.10109736842105263,0.15176282313181255
2025-03-03,Valle,Tienda,Bebidas,2193020.32,1663200.0,264,24,24,0.08221250000000001,0.24159389457914365
2025-03-03,Valle,Tienda,Cuidado personal,3562235.17,2394400.0,164,27,27,0.13684074074074074,0.32783775193595655
2025-03-03,Valle,Tienda,Hogar,6480670.01,4477500.0,225,32,32,0.105784375,0.30909921457334005
2025-03-10,Antioquia,E-commerce,Alimentos,2959511.7,2608006.5,177,30,30,0.11077000000000001,0.118771350016964
2025-03-10,Antioquia,E-commerce,Bebidas,1014204.54,796603.5,121,21,21,0.10449523809523809,0.21455340754045532
2025-03-10,Antioquia,E-commerce,Cuidado personal,4260773.67,3005629.0,197,38,38,0.1429105263157895,0.29458139934478145
2025-03-10,Antioquia,E-commerce,Hogar,4883922.7700000005,3680803.5,177,30,30,0.13335,0.24634281225540353
2025-03-10,Antioquia,Marketplace,Alimentos,1124129.74,1025916.0,68,12,12,0.14445,0.0873686875324551
2025-03-10,Antioquia,Marketplace,Bebidas,323484.85,269640.0,40,7,7,0.15968571428571426,0.16645246292059732
2025-03-10,Antioquia,Marketplace,Cuidado personal,1606736.43,1202894.0,77,17,17,0.16946470588235293,0.25134329592564225
2025-03-10,Antioquia,Marketplace,Hogar,938959.26,766548.0,36,7,7,0.19635714285714287,0.18361953211899737
2025-03-10,Antioquia,Tienda,Alimentos,5136045.95,4258200.0,302,28,28,0.09014642857142856,0.17091863245499198
2025-03-10,Antioquia,Tienda,Bebidas,1901411.6300000001,1392300.0,221,25,25,0.07401200000000001,0.26775455770195333
2025-03-10,Antioquia,Tienda,Cuidado personal,5771456.0600000005,3752200.0,257,32,32,0.113375,0.3498694331218733
2025-03-10,Antioquia,Tienda,Hogar,6074638.69,4139200.0,208,25,25,0.07958,0.31860968014214525
2025-03-10,Bogotá,E-commerce,Alimentos,7460423.77,6586321.5,447,63,63,0.1092888888888889,0.11716523041425027
2025-03-10,Bogotá,E-commerce,Bebidas,1855991.17,1507621.5,229,26,26,0.12299615384615385,0.18770006863771876
2025-03-10,Bogotá,E-commerce,Cuidado personal,6288806.83,4439787.0,291,61,61,0.1372655737704918,0.29401759029701346
2025-03-10,Bogotá,E-commerce,Hogar,6899809.36,5178079.5,249,41,41,0.14039756097560976,0.24953296100923
2025-03-10,Bogotá,Marketplace,Alimentos,1825964.9000000001,1644483.0,109,16,16,0.11378125,0.09938958848551806
2025-03-10,Bogotá,Marketplace,Bebidas,843078.7,701064.0,104,14,14,0.12782857142857143,0.1684477380344207
2025-03-10,Bogotá,Marketplace,Cuidado personal,2517969.41,1812152.0,116,22,22,0.15393636363636365,0.2803121464450198
2025-03-10,Bogotá,Marketplace,Hogar,2207605.31,1788612.0,84,19,19,0.18021578947368422,0.18979538964779896
2025-03-10,Bogotá,Tienda,Alimentos,11594377.92,9602100.0,681,60,60,0.06944,0.17183137670226986
2025-03-10,Bogotá,Tienda,Bebidas,4610802.45,3433500.0,545,54,54,0.08203703703703703,0.255335695416749
2025-03-10,Bogotá,Tienda,Cuidado personal,6270903.53,4015000.0,275,32,32,0.089628125,0.35974138642187026
2025-03-10,Bogotá,Tienda,Hogar,11498829.82,7979900.0,401,45,45,0.10271999999999999,0.3060250369024072
2025-03-10,Caribe,E-commerce,Alimentos,665762.18,589380.0,40,8,8,0.1305625,0.11472892617601085
2025-03-10,Caribe,E-commerce,Bebidas,259012.3,217255.5,33,6,6,0.15463333333333332,0.16121550984258273
2025-03-10,Caribe,E-commerce,Cuidado personal,1938623.3,1418901.0,93,18,18,0.17355555555555557,0.2680883387711269
2025-03-10,Caribe,E-commerce,Hogar,1488298.0899999999,1081366.0,52,9,9,0.11536666666666667,0.27342109267908815
2025-03-10,Caribe,Marketplace,Alimentos,2528467.83,2519529.0,167,7,7,0.1895571428571429,0.0035352753529002082
2025-03-10,Caribe,Marketplace,Bebidas,202878.07,182007.0,27,4,4,0.21032499999999998,0.10287494355599897
2025-03-10,Caribe,Marketplace,Cuidado personal,811334.98,609258.0,39,10,10,0.17426,0.24906725949372968
2025-03-10,Caribe,Marketplace,Hogar,1246621.31,1000771.0,47,7,7,0.17567142857142856,0.19721330610015006
2025-03-10,Caribe,Tienda,Alimentos,4595650.71,3792900.0,269,29,29,0.07708275862068965,0.17467617986137157
2025-03-10,Caribe,Tienda,Bebidas,1557357.19,1178100.0,187,21,21,0.10383809523809524,0.2435261431579482
2025-03-10,Caribe,Tienda,Cuidado personal,2476571.67,1591400.0,109,14,14,0.09727857142857144,0.3574181521667814
2025-03-10,Caribe,Tienda,Hogar,5952127.35,4099400.0,206,20,20,0.084285,0.311271456582662
2025-03-10,Eje Cafetero,E-commerce,Alimentos,1570381.92,1370308.5,93,13,13,0.10345384615384615,0.12740430684530546
2025-03-10,Eje Cafetero,E-commerce,Bebidas,316925.58,250173.0,38,7,7,0.11781428571428572,0.21062540928378207
2025-03-10,Eje Cafetero,E-commerce,Cuidado personal,1474015.77,1052733.0,69,15,15,0.15382,0.2858061484647481
2025-03-10,Eje Cafetero,E-commerce,Hogar,1123568.08,811024.5,39,5,5,0.10764,0.27817057600995576
2025-03-10,Eje Cafetero,Marketplace,Alimentos,39758.07,45261.0,3,1,1,0.2875,-0.13841039064521996
2025-03-10,Eje Cafetero,Marketplace,Bebidas,119313.06,101115.0,15,3,3,0.1731,0.15252362147111137
2025-03-10,Eje Cafetero,Marketplace,Cuidado personal,524961.25,406172.0,26,5,5,0.24490000000000003,0.22628193985746567
2025-03-10,Eje Cafetero,Marketplace,Hogar,733272.12,574911.0,27,4,4,0.15375,0.21596500900647905
2025-03-10,Eje Cafetero,Tienda,Alimentos,3357287.52,2763600.0,196,19,19,0.07867368421052631,0.17683547103526004
2025-03-10,Eje Cafetero,Tienda,Bebidas,2178668.5,1669500.0,265,13,13,0.0894153846153846,0.23370627518596795
2025-03-10,Eje Cafetero,Tienda,Cuidado personal,3718051.02,2496600.0,171,15,15,0.11782,0.32851916593656644
2025-03-10,Eje Cafetero,Tienda,Hogar,1397021.04,975100.0,49,5,5,0.11494,0.30201480716425005
2025-03-10,Valle,E-commerce,Alimentos,2753296.11,2416458.0,164,23,23,0.1036,0.12233995056928326
2025-03-10,Valle,E-commerce,Bebidas,954064.58,757102.5,115,14,14,0.10757857142857143,0.2064452282674617
2025-03-10,Valle,E-commerce,Cuidado personal,2476075.22,1769812.0,116,23,23,0.13964782608695653,0.28523496148069366
2025-03-10,Valle,E-commerce,Hogar,3303699.25,2433073.5,117,17,17,0.11370000000000001,0.2635305710712015
2025-03-10,Valle,Marketplace,Alimentos,686549.88,724176.0,48,10,10,0.21786,-0.05480464143406448
2025-03-10,Valle,Marketplace,Bebidas,862144.5,728028.0,108,9,9,0.1316,0.15556150970052005
2025-03-10,Valle,Marketplace,Cuidado personal,961551.28,734234.0,47,10,10,0.17567,0.2364068196134064
2025-03-10,Valle,Marketplace,Hogar,3282364.39,2533867.0,119,15,15,0.14509333333333335,0.22803604385922555
2025-03-10,Valle,Tienda,Alimentos,7517970.72,6274500.0,445,42,42,0.09413333333333333,0.16539978224336577
2025-03-10,Valle,Tienda,Bebidas,2084171.82,1562400.0,248,23,23,0.06563913043478262,0.2503497144491667
2025-03-10,Valle,Tienda,Cuidado personal,5290764.26,3431000.0,235,28,28,0.10071428571428571,0.35151145819526647
2025-03-10,Valle,Tienda,Hogar,9305402.94,6447600.0,324,28,28,0.09502142857142858,0.3071122183990025
2025-03-17,Antioquia,E-commerce,Alimentos,3324103.63,2946900.0,200,32,32,0.112565625,0.11347529198420324
2025-03-17,Antioquia,E-commerce,Bebidas,572358.64,480595.5,73,14,14,0.13025714285714285,0.16032454755990058
2025-03-17,Antioquia,E-commerce,Cuidado personal,3852443.33,2715746.0,178,33,33,0.12923636363636365,0.29505880622519115
2025-03-17,Antioquia,E-commerce,Hogar,4570290.2,3431257.5,165,23,23,0.12715217391304348,0.24922546493874725
2025-03-17,Antioquia,Marketplace,Alimentos,1111257.6300000001,1025916.0,68,8,8,0.1392625,0.07679733996517091
2025-03-17,Antioquia,Marketplace,Bebidas,268027.86,235935.0,35,6,6,0.19553333333333334,0.11973703032214632
2025-03-17,Antioquia,Marketplace,Cuidado personal,1657008.16,1265382.0,81,15,15,0.16431333333333334,0.2363453418358543
2025-03-17,Antioquia,Marketplace,Hogar,2222961.67,1703440.0,80,13,13,0.1530923076923077,0.2337069851501308
2025-03-17,Antioquia,Tienda,Alimentos,6987968.9399999995,5766900.0,409,45,45,0.08643333333333333,0.17473874747932117
2025-03-17,Antioquia,Tienda,Bebidas,1027938.01,774900.0,123,14,14,0.09612142857142857,0.24616076800195374
2025-03-17,Antioquia,Tienda,Cuidado personal,5904627.15,3883600.0,266,25,25,0.107416,0.3422785382816255
2025-03-17,Antioquia,Tienda,Hogar,8685311.38,5950100.0,299,34,34,0.08588235294117647,0.31492381335900943
2025-03-17,Bogotá,E-commerce,Alimentos,4778606.18,4243536.0,288,49,49,0.11805510204081633,0.11197201858555328
2025-03-17,Bogotá,E-commerce,Bebidas,1644220.46,1290366.0,196,33,33,0.11134848484848485,0.21521107941936202
2025-03-17,Bogotá,E-commerce,Cuidado personal,6387723.7,4607614.0,302,64,64,0.1480703125,0.2786766904147717
2025-03-17,Bogotá,E-commerce,Hogar,7369039.9399999995,5469216.5,263,38,38,0.1268078947368421,0.2578115270739053
2025-03-17,Bogotá,Marketplace,Alimentos,1421718.8,1342743.0,89,17,17,0.15299411764705884,0.05554952216992562
2025-03-17,Bogotá,Marketplace,Bebidas,482430.52,404460.0,60,10,10,0.14582,0.16162020595214419
2025-03-17,Bogotá,Marketplace,Cuidado personal,1439224.4,1187272.0,76,17,17,0.21771176470588238,0.1750612343704011
2025-03-17,Bogotá,Marketplace,Hogar,2673890.09,2171886.0,102,17,17,0.1888470588235294,0.1877429786203366
2025-03-17,Bogotá,Tienda,Alimentos,9009454.19,7557600.0,536,51,51,0.0995843137254902,0.16114785195439232
2025-03-17,Bogotá,Tienda,Bebidas,6124260.76,4680900.0,743,48,48,0.07964583333333333,0.23567918097595827
2025-03-17,Bogotá,Tienda,Cuidado personal,9167709.95,6029800.0,413,46,46,0.1062,0.3422784934420836
2025-03-17,Bogotá,Tienda,Hogar,14237894.38,9810700.0,493,48,48,0.07628333333333333,0.310944460033282
2025-03-17,Caribe,E-commerce,Alimentos,1861956.32,1635529.5,111,16,16,0.11775000000000001,0.12160694510814306
2025-03-17,Caribe,E-commerce,Bebidas,289841.68,230422.5,35,6,6,0.1042,0.20500564308073288
2025-03-17,Caribe,E-commerce,Cuidado personal,1664779.95,1220560.0,80,17,17,0.15275882352941178,0.266834034131658
2025-03-17,Caribe,E-commerce,Hogar,2720617.76,1996368.0,96,14,14,0.10942142857142857,0.2662078336208464
2025-03-17,Caribe,Marketplace,Alimentos,1229591.77,1101351.0,73,10,10,0.11689000000000001,0.10429540366881279
2025-03-17,Caribe,Marketplace,Bebidas,166174.03999999998,134820.0,20,4,4,0.1109,0.18868193852661932
2025-03-17,Caribe,Marketplace,Cuidado personal,2284368.64,1671554.0,107,13,13,0.1470923076923077,0.26826433758082063
2025-03-17,Caribe,Marketplace,Hogar,1254536.43,1022064.0,48,6,6,0.18663333333333335,0.1853054438602472
2025-03-17,Caribe,Tienda,Alimentos,7729869.55,6443700.0,457,30,30,0.08151333333333333,0.1663895544006949
2025-03-17,Caribe,Tienda,Bebidas,1121423.06,844200.0,134,10,10,0.06822,0.2472064913664251
2025-03-17,Caribe,Tienda,Cuidado personal,3173580.74,2117000.0,145,16,16,0.13384375,0.33293015888418837
2025-03-17,Caribe,Tienda,Hogar,8067540.29,5691400.0,286,24,24,0.09937083333333334,0.2945309480443884
2025-03-17,Eje Cafetero,E-commerce,Alimentos,1172714.01,1001946.0,68,10,10,0.0982,0.1456177793936307
2025-03-17,Eje Cafetero,E-commerce,Bebidas,162783.71000000002,131670.0,20,3,3,0.11413333333333335,0.1911352800596572
2025-03-17,Eje Cafetero,E-commerce,Cuidado personal,2562817.48,1785069.0,117,20,20,0.129125,0.3034740031506262
2025-03-17,Eje Cafetero,E-commerce,Hogar,1723487.26,1289321.0,62,10,10,0.13533,0.2519114994792593
2025-03-17,Eje Cafetero,Marketplace,Alimentos,857772.61,799611.0,53,9,9,0.15071111111111113,0.06780539425244644
2025-03-17,Eje Cafetero,Marketplace,Bebidas,285814.68,229194.0,34,6,6,0.09298333333333335,0.19810277064844953
2025-03-17,Eje Cafetero,Marketplace,Cuidado personal,864969.6000000001,624880.0,40,5,5,0.14632,0.27756998627466223
2025-03-17,Eje Cafetero,Marketplace,Hogar,248234.23,212930.0,10,3,3,0.2007,0.1422214414184539
2025-03-17,Eje Cafetero,Tienda,Alimentos,3064980.96,2509800.0,178,25,25,0.089772,0.1811368381224789
2025-03-17,Eje Cafetero,Tienda,Bebidas,1135353.37,844200.0,134,16,16,0.09219374999999999,0.2564429522061489
2025-03-17,Eje Cafetero,Tienda,Cuidado personal,1820106.17,1226400.0,84,7,7,0.12605714285714287,0.32619315278734534
2025-03-17,Eje Cafetero,Tienda,Hogar,4881034.6899999995,3562100.0,179,14,14,0.1268357142857143,0.27021620901448656
2025-03-17,Valle,E-commerce,Alimentos,4121962.5700000003,3786766.5,257,24,24,0.1391,0.08131953270017206
2025-03-17,Valle,E-commerce,Bebidas,997650.38,803187.0,122,19,19,0.12047368421052633,0.19492137115208638
2025-03-17,Valle,E-commerce,Cuidado personal,2429532.14,1785069.0,117,24,24,0.15933333333333333,0.2652622409843897
2025-03-17,Valle,E-commerce,Hogar,2218985.17,1746822.0,84,19,19,0.17164736842105266,0.2127833824144034
2025-03-17,Valle,Marketplace,Alimentos,744888.21,694002.0,46,8,8,0.14273750000000002,0.0683138883350026
2025-03-17,Valle,Marketplace,Bebidas,692068.27,579726.0,86,7,7,0.11992857142857143,0.16232830613661858
2025-03-17,Valle,Marketplace,Cuidado personal,1366941.4,1062296.0,68,11,11,0.20586363636363636,0.22286646669710927
2025-03-17,Valle,Marketplace,Hogar,2116887.91,1660854.0,78,11,11,0.18418181818181817,0.21542657400315546
2025-03-17,Valle,Tienda,Alimentos,5051104.68,4145400.0,294,29,29,0.07274137931034483,0.1793082379753808
2025-03-17,Valle,Tienda,Bebidas,2206186.37,1675800.0,266,21,21,0.0942952380952381,0.24040868768489404
2025-03-17,Valle,Tienda,Cuidado personal,6317949.97,4175600.0,286,27,27,0.11705185185185185,0.3390894166893822
2025-03-17,Valle,Tienda,Hogar,6318892.17,4437700.0,223,26,26,0.1156076923076923,0.2977091742333055
2025-03-24,Antioquia,E-commerce,Alimentos,1804935.12,1723936.5,117,21,21,0.1674,0.04487619477424768
2025-03-24,Antioquia,E-commerce,Bebidas,698680.11,566181.0,86,14,14,0.12785714285714286,0.189642023729572
2025-03-24,Antioquia,E-commerce,Cuidado personal,3962558.33,2715746.0,178,30,30,0.11726,0.31464832216110245
2025-03-24,Antioquia,E-commerce,Hogar,5657406.68,4179895.5,201,32,32,0.13645,0.2611640392095694
2025-03-24,Antioquia,Marketplace,Alimentos,943613.34,905220.0,60,9,9,0.15285555555555555,0.040687576544858904
2025-03-24,Antioquia,Marketplace,Bebidas,441283.12,390978.0,58,9,9,0.18165555555555557,0.11399738109175804
2025-03-24,Antioquia,Marketplace,Cuidado personal,1043486.1900000001,781100.0,50,9,9,0.1836888888888889,0.2514515213660854
2025-03-24,Antioquia,Marketplace,Hogar,783087.21,681376.0,32,8,8,0.21965,0.12988490771034297
2025-03-24,Antioquia,Tienda,Alimentos,5954046.06,4935000.0,350,34,34,0.07726176470588235,0.1711518603871868
2025-03-24,Antioquia,Tienda,Bebidas,1682341.3399999999,1253700.0,199,26,26,0.07224615384615385,0.25478856746158296
2025-03-24,Antioquia,Tienda,Cuidado personal,3167077.86,2044000.0,140,20,20,0.10813000000000002,0.35461012000506986
2025-03-24,Antioquia,Tienda,Hogar,6091963.38,4218800.0,212,19,19,0.07897368421052631,0.30748106368295336
2025-03-24,Bogotá,E-commerce,Alimentos,4983748.29,4346677.5,295,48,48,0.10533333333333333,0.1278296480739801
2025-03-24,Bogotá,E-commerce,Bebidas,1484950.41,1198197.0,182,27,27,0.12391111111111111,0.19310638797695603
2025-03-24,Bogotá,E-commerce,Cuidado personal,5742727.82,4073619.0,267,59,59,0.14049830508474578,0.290647384364457
2025-03-24,Bogotá,E-commerce,Hogar,7986030.85,5947513.0,286,42,42,0.13970476190476191,0.2552604526940939
2025-03-24,Bogotá,Marketplace,Alimentos,1851046.8599999999,1780266.0,118,20,20,0.16971,0.03823828641485601
2025-03-24,Bogotá,Marketplace,Bebidas,852443.33,714546.0,106,19,19,0.15379473684210526,0.16176715231028901
2025-03-24,Bogotá,Marketplace,Cuidado personal,2697063.77,1968372.0,126,17,17,0.1729058823529412,0.2701796591187015
2025-03-24,Bogotá,Marketplace,Hogar,3150198.66,2555160.0,120,16,16,0.18159375,0.1888892492894401
2025-03-24,Bogotá,Tienda,Alimentos,8607928.29,7120500.0,505,55,55,0.08651272727272727,0.17279747691764277
2025-03-24,Bogotá,Tienda,Bebidas,4681562.23,3578400.0,568,36,36,0.08855277777777777,0.23563976634355244
2025-03-24,Bogotá,Tienda,Cuidado personal,8388501.2,5416600.0,371,38,38,0.08640789473684211,0.354282741236301
2025-03-24,Bogotá,Tienda,Hogar,15800258.69,11004700.0,553,56,56,0.10563928571428571,0.3035114034579139
2025-03-24,Caribe,E-commerce,Alimentos,1724349.9,1488184.5,101,14,14,0.08092857142857143,0.13695909397506847
2025-03-24,Caribe,E-commerce,Bebidas,604961.86,480595.5,73,12,12,0.13321666666666668,0.20557719126293347
2025-03-24,Caribe,E-commerce,Cuidado personal,2362187.12,1663013.0,109,23,23,0.1431913043478261,0.29598591664491003
2025-03-24,Caribe,E-commerce,Hogar,4192568.33,3140120.5,151,19,19,0.1460421052631579,0.2510269951879353
2025-03-24,Caribe,Marketplace,Alimentos,584228.08,588393.0,39,7,7,0.20642857142857143,-0.007128928140530394
2025-03-24,Caribe,Marketplace,Bebidas,267593.52,242676.0,36,6,6,0.20095,0.093117053058684
2025-03-24,Caribe,Marketplace,Cuidado personal,396535.85,296818.0,19,2,2,0.1627,0.25147247090017205
2025-03-24,Caribe,Marketplace,Hogar,684401.41,553618.0,26,5,5,0.19018,0.19109167235643193
2025-03-24,Caribe,Tienda,Alimentos,4699537.82,3933900.0,279,24,24,0.07935416666666667,0.162917684530944
2025-03-24,Caribe,Tienda,Bebidas,2009967.86,1549800.0,246,17,17,0.07735882352941176,0.2289428946391213
2025-03-24,Caribe,Tienda,Cuidado personal,3699978.13,2379800.0,163,19,19,0.10991052631578949,0.35680700901872625
2025-03-24,Caribe,Tienda,Hogar,8613840.39,5910300.0,297,31,31,0.08495483870967742,0.31386005168363706
2025-03-24,Eje Cafetero,E-commerce,Alimentos,989604.7,928273.5,63,14,14,0.15982857142857143,0.06197545343105177
2025-03-24,Eje Cafetero,E-commerce,Bebidas,347589.81,269923.5,41,6,6,0.09125,0.2234424248512924
2025-03-24,Eje Cafetero,E-commerce,Cuidado personal,1651678.32,1129018.0,74,12,12,0.127325,0.316441957051298
2025-03-24,Eje Cafetero,E-commerce,Hogar,2208720.83,1684435.5,81,13,13,0.13804615384615385,0.23737057344635087
2025-03-24,Eje Cafetero,Marketplace,Alimentos,320490.5,331914.0,22,5,5,0.21724000000000002,-0.0356438022343876
2025-03-24,Eje Cafetero,Marketplace,Bebidas,95677.78,94374.0,14,3,3,0.23716666666666666,0.013626779383886194
2025-03-24,Eje Cafetero,Marketplace,Cuidado personal,322907.4,265574.0,17,4,4,0.218575,0.17755368876650093
2025-03-24,Eje Cafetero,Marketplace,Hogar,301930.08,234223.0,11,3,3,0.12383333333333334,0.22424754764414334
2025-03-24,Eje Cafetero,Tienda,Alimentos,4868190.699999999,4145400.0,294,24,24,0.10176666666666667,0.14847214181646567
2025-03-24,Eje Cafetero,Tienda,Bebidas,1347490.5,1014300.0,161,15,15,0.09742666666666668,0.2472674204382146
2025-03-24,Eje Cafetero,Tienda,Cuidado personal,2236975.62,1445400.0,99,12,12,0.10886666666666667,0.3538597438983265
2025-03-24,Eje Cafetero,Tienda,Hogar,5092568.74,3661600.0,184,11,11,0.10739090909090909,0.28099154141216365
2025-03-24,Valle,E-commerce,Alimentos,2818564.4,2504865.0,170,25,25,0.12792,0.11129758113740452
2025-03-24,Valle,E-commerce,Bebidas,342783.17,269923.5,41,9,9,0.10084444444444444,0.21255323007836116
2025-03-24,Valle,E-commerce,Cuidado personal,2599245.0100000002,1861354.0,122,23,23,0.14381304347826088,0.28388666984494865
2025-03-24,Valle,E-commerce,Hogar,3919663.08,2932165.5,141,24,24,0.13812916666666666,0.251934301455318
2025-03-24,Valle,Marketplace,Alimentos,519758.49,497871.0,33,8,8,0.16825,0.04211088499968513
2025-03-24,Valle,Marketplace,Bebidas,479842.85,397719.0,59,8,8,0.1287375,0.17114738710809171
2025-03-24,Valle,Marketplace,Cuidado personal,1188197.21,937320.0,60,12,12,0.20236666666666667,0.21114105292336108
2025-03-24,Valle,Marketplace,Hogar,1532165.79,1277580.0,60,10,10,0.20089,0.16616073251446245
2025-03-24,Valle,Tienda,Alimentos,10037225.55,8445900.0,599,43,43,0.08060930232558139,0.1585423722992855
2025-03-24,Valle,Tienda,Bebidas,1977844.48,1505700.0,239,19,19,0.08062105263157895,0.23871668615724528
2025-03-24,Valle,Tienda,Cuidado personal,3169470.71,1985600.0,136,17,17,0.058252941176470584,0.37352315838249217
2025-03-24,Valle,Tienda,Hogar,8559438.5,5771000.0,290,30,30,0.06759333333333334,0.3257735305884843
2025-03-31,Antioquia,E-commerce,Alimentos,4276435.53,3757297.5,255,39,39,0.11453333333333333,0.12139503246527376
2025-03-31,Antioquia,E-commerce,Bebidas,761362.27,618849.0,94,13,13,0.14723076923076922,0.18718194427995494
2025-03-31,Antioquia,E-commerce,Cuidado personal,3892250.33,2792031.0,183,40,40,0.1494175,0.2826692110525173
2025-03-31,Antioquia,E-commerce,Hogar,2958112.96,2204323.0,106,22,22,0.12167272727272728,0.2548212222429802
2025-03-31,Antioquia,Marketplace,Alimentos,883114.94,799611.0,53,7,7,0.12457142857142857,0.09455614011014235
2025-03-31,Antioquia,Marketplace,Bebidas,278888.07,222453.0,33,7,7,0.10188571428571429,0.20235741887417416
2025-03-31,Antioquia,Marketplace,Cuidado personal,930569.81,687368.0,44,7,7,0.15837142857142858,0.26134719543502066
2025-03-31,Antioquia,Marketplace,Hogar,2485403.03,1958956.0,92,11,11,0.16335454545454545,0.21181555813907568
2025-03-31,Antioquia,Tienda,Alimentos,6282836.33,5118300.0,363,42,42,0.06992142857142858,0.18535200804761376
2025-03-31,Antioquia,Tienda,Bebidas,2352583.5700000003,1764000.0,280,22,22,0.06692727272727272,0.25018604121255517
2025-03-31,Antioquia,Tienda,Cuidado personal,6199844.1899999995,3956600.0,271,34,34,0.09357647058823529,0.36182267186943606
2025-03-31,Antioquia,Tienda,Hogar,8580993.54,5989900.0,301,35,35,0.10826571428571428,0.30195728826990814
2025-03-31,Bogotá,E-commerce,Alimentos,4340857.31,3963580.5,269,50,50,0.137842,0.08691297203685316
2025-03-31,Bogotá,E-commerce,Bebidas,1565918.92,1303533.0,198,34,34,0.13706764705882354,0.16756034852685728
2025-03-31,Bogotá,E-commerce,Cuidado personal,7191156.51,4989039.0,327,62,62,0.12122096774193548,0.3062257798085387
2025-03-31,Bogotá,E-commerce,Hogar,7239504.98,5261261.5,253,38,38,0.10138684210526316,0.27325673308674214
2025-03-31,Bogotá,Marketplace,Alimentos,1034353.33,1010829.0,67,14,14,0.18637142857142858,0.02274303114584642
2025-03-31,Bogotá,Marketplace,Bebidas,674397.22,566244.0,84,12,12,0.13551666666666665,0.1603702043730251
2025-03-31,Bogotá,Marketplace,Cuidado personal,2077821.18,1562200.0,100,20,20,0.16449,0.2481547425558536
2025-03-31,Bogotá,Marketplace,Hogar,3561204.27,2831969.0,133,20,20,0.16307,0.20477209806333294
2025-03-31,Bogotá,Tienda,Alimentos,11439094.98,9489300.0,673,62,62,0.07797580645161291,0.17045010845779343
2025-03-31,Bogotá,Tienda,Bebidas,4259425.83,3175200.0,504,43,43,0.07050697674418605,0.25454741396447794
2025-03-31,Bogotá,Tienda,Cuidado personal,9347325.61,6073600.0,416,49,49,0.09925714285714285,0.3502312582860799
2025-03-31,Bogotá,Tienda,Hogar,13927966.69,9751000.0,490,53,53,0.10243962264150942,0.2998978087016088
2025-03-31,Caribe,E-commerce,Alimentos,1719176.21,1517653.5,103,15,15,0.12596666666666667,0.11722050876913889
2025-03-31,Caribe,E-commerce,Bebidas,436820.78,348925.5,53,10,10,0.12143000000000001,0.2012158853798119
2025-03-31,Caribe,E-commerce,Cuidado personal,2379177.1,1617242.0,106,18,18,0.11553888888888889,0.3202515273032848
2025-03-31,Caribe,E-commerce,Hogar,2842964.99,2204323.0,106,16,16,0.163275,0.22463941421944847
2025-03-31,Caribe,Marketplace,Alimentos,686429.86,724176.0,48,9,9,0.23083333333333333,-0.054989070551214096
2025-03-31,Caribe,Marketplace,Bebidas,351618.52,303345.0,45,9,9,0.1596111111111111,0.1372894692805146
2025-03-31,Caribe,Marketplace,Cuidado personal,789364.15,546770.0,35,6,6,0.10078333333333334,0.30732856312260953
2025-03-31,Caribe,Marketplace,Hogar,1138180.25,958185.0,45,7,7,0.20785714285714288,0.15814300942227735
2025-03-31,Caribe,Tienda,Alimentos,3972603.68,3299400.0,234,23,23,0.08323478260869564,0.16946157589019809
2025-03-31,Caribe,Tienda,Bebidas,1412847.75,1071000.0,170,18,18,0.10483333333333333,0.24195653777981385
2025-03-31,Caribe,Tienda,Cuidado personal,4087007.02,2628000.0,180,21,21,0.08794761904761905,0.3569866684496177
2025-03-31,Caribe,Tienda,Hogar,2959103.17,2069600.0,104,13,13,0.11815384615384615,0.30059890409295864
2025-03-31,Eje Cafetero,E-commerce,Alimentos,658690.89,618849.0,42,9,9,0.1451888888888889,0.06048647492300981
2025-03-31,Eje Cafetero,E-commerce,Bebidas,166997.05,131670.0,20,5,5,0.09903999999999999,0.21154295839357637
2025-03-31,Eje Cafetero,E-commerce,Cuidado personal,1091331.1199999999,747593.0,49,9,9,0.11985555555555555,0.31497142682048684
2025-03-31,Eje Cafetero,E-commerce,Hogar,862749.97,644660.5,31,6,6,0.13933333333333334,0.2527840945621823
2025-03-31,Eje Cafetero,Marketplace,Alimentos,669406.99,663828.0,44,9,9,0.1871,0.008334227283763486
2025-03-31,Eje Cafetero,Marketplace,Bebidas,677041.5499999999,586467.0,87,5,5,0.19622,0.1337798987373817
2025-03-31,Eje Cafetero,Marketplace,Cuidado personal,546323.34,421794.0,27,5,5,0.18594,0.2279407282873911
2025-03-31,Eje Cafetero,Marketplace,Hogar,422478.19,383274.0,18,4,4,0.2577,0.09279577248709572
2025-03-31,Eje Cafetero,Tienda,Alimentos,4030380.5100000002,3412200.0,242,16,16,0.09710625,0.1533801854356427
2025-03-31,Eje Cafetero,Tienda,Bebidas,1224450.71,919800.0,146,15,15,0.08304666666666667,0.24880602176301567
2025-03-31,Eje Cafetero,Tienda,Cuidado personal,2442974.23,1533000.0,105,15,15,0.08352666666666668,0.3724862173433569
2025-03-31,Eje Cafetero,Tienda,Hogar,5267503.93,3641700.0,183,24,24,0.10238333333333334,0.30864788173019925
2025-03-31,Valle,E-commerce,Alimentos,2808293.78,2549068.5,173,23,23,0.14730000000000001,0.09230703776297927
2025-03-31,Valle,E-commerce,Bebidas,506952.10000000003,421344.0,64,14,14,0.14991428571428572,0.1688682224612543
2025-03-31,Valle,E-commerce,Cuidado personal,3432765.58,2471634.0,162,28,28,0.15923214285714285,0.2799875370458591
2025-03-31,Valle,E-commerce,Hogar,4325640.33,3160916.0,152,20,20,0.12465999999999999,0.26926055823970924
2025-03-31,Valle,Marketplace,Alimentos,2025092.33,1870788.0,124,9,9,0.12426666666666668,0.07619619496558958
2025-03-31,Valle,Marketplace,Bebidas,341027.46,283122.0,42,6,6,0.12973333333333334,0.16979705974410395
2025-03-31,Valle,Marketplace,Cuidado personal,1460561.39,1171650.0,75,15,15,0.2035266666666667,0.19780845363850122
2025-03-31,Valle,Marketplace,Hogar,1483177.82,1171115.0,55,10,10,0.1728,0.2104014878000266
2025-03-31,Valle,Tienda,Alimentos,7430404.77,6204000.0,440,33,33,0.08200909090909092,0.1650522155874423
2025-03-31,Valle,Tienda,Bebidas,1748680.78,1304100.0,207,23,23,0.09174347826086957,0.2542378146341838
2025-03-31,Valle,Tienda,Cuidado personal,4619237.34,2978400.0,204,25,25,0.090056,0.3552182360908955
2025-03-31,Valle,Tienda,Hogar,11856384.76,8218700.0,413,39,39,0.09098717948717949,0.3068123069244929
2025-04-07,Antioquia,E-commerce,Alimentos,2708469.4,2372254.5,161,26,26,0.11852307692307693,0.12413464962904876
2025-04-07,Antioquia,E-commerce,Bebidas,942921.83,743935.5,113,17,17,0.11071176470588234,0.21103162920726945
2025-04-07,Antioquia,E-commerce,Cuidado personal,4117895.7199999997,2898830.0,190,29,29,0.14145172413793103,0.29604094005566506
2025-04-07,Antioquia,E-commerce,Hogar,4476816.11,3368871.0,162,25,25,0.133884,0.24748506143130375
2025-04-07,Antioquia,Marketplace,Alimentos,1763268.1199999999,1659570.0,110,11,11,0.15058181818181818,0.05881018253763919
2025-04-07,Antioquia,Marketplace,Bebidas,413769.08,337050.0,50,9,9,0.12882222222222223,0.18541520792225463
2025-04-07,Antioquia,Marketplace,Cuidado personal,2573539.91,1890262.0,121,16,16,0.1787,0.2655011905372006
2025-04-07,Antioquia,Marketplace,Hogar,2776355.12,2257058.0,106,16,16,0.18234375,0.1870427584206159
2025-04-07,Antioquia,Tienda,Alimentos,7219191.22,6034800.0,428,39,39,0.0867,0.1640614833305385
2025-04-07,Antioquia,Tienda,Bebidas,1391740.65,1020600.0,162,21,21,0.0808952380952381,0.26667371539374085
2025-04-07,Antioquia,Tienda,Cuidado personal,5218187.53,3504000.0,240,31,31,0.14106774193548388,0.32850247718099934
2025-04-07,Antioquia,Tienda,Hogar,7555419.57,5174000.0,260,29,29,0.09056896551724138,0.3151935571461586
2025-04-07,Bogotá,E-commerce,Alimentos,7484376.42,6586321.5,447,55,55,0.11458727272727272,0.1199906137270418
2025-04-07,Bogotá,E-commerce,Bebidas,1461629.88,1171863.0,178,32,32,0.12299375,0.19824914909375
2025-04-07,Bogotá,E-commerce,Cuidado personal,6182482.97,4363502.0,286,54,54,0.14200925925925925,0.29421528192256385
2025-04-07,Bogotá,E-commerce,Hogar,7900554.22,6072286.0,292,46,46,0.1575608695652174,0.23141012251669602
2025-04-07,Bogotá,Marketplace,Alimentos,1503033.52,1463439.0,97,16,16,0.15420625,0.026343071843134953
2025-04-07,Bogotá,Marketplace,Bebidas,347862.99,289863.0,43,8,8,0.12315,0.16673228158017037
2025-04-07,Bogotá,Marketplace,Cuidado personal,2096140.24,1546578.0,99,23,23,0.15336956521739128,0.2621781832688828
2025-04-07,Bogotá,Marketplace,Hogar,2431576.02,1958956.0,92,12,12,0.17232499999999998,0.19436777469124739
2025-04-07,Bogotá,Tienda,Alimentos,11768350.71,9841800.0,698,54,54,0.07514814814814814,0.16370609250818297
2025-04-07,Bogotá,Tienda,Bebidas,4686325.85,3559500.0,565,45,45,0.08287555555555556,0.24044974380089248
2025-04-07,Bogotá,Tienda,Cuidado personal,8520071.88,5548000.0,380,48,48,0.10943958333333333,0.3488317847384171
2025-04-07,Bogotá,Tienda,Hogar,10919661.14,7641600.0,384,41,41,0.08990000000000001,0.300198064571077
2025-04-07,Caribe,E-commerce,Alimentos,1375391.76,1178760.0,80,11,11,0.08012727272727273,0.14296418352833523
2025-04-07,Caribe,E-commerce,Bebidas,343913.6,276507.0,42,9,9,0.13593333333333335,0.19599864617159654
2025-04-07,Caribe,E-commerce,Cuidado personal,2360537.65,1678270.0,110,20,20,0.141565,0.28903061554642007
2025-04-07,Caribe,E-commerce,Hogar,3435601.14,2599437.5,125,17,17,0.14332941176470587,0.24338204754466933
2025-04-07,Caribe,Marketplace,Alimentos,643740.5900000001,573306.0,38,6,6,0.11281666666666668,0.10941455470440364
2025-04-07,Caribe,Marketplace,Bebidas,243566.92,222453.0,33,4,4,0.21695,0.08668632012918671
2025-04-07,Caribe,Marketplace,Cuidado personal,791983.59,593636.0,38,8,8,0.1679375,0.2504440653877689
2025-04-07,Caribe,Marketplace,Hogar,655634.53,511032.0,24,3,3,0.19493333333333332,0.22055356053318306
2025-04-07,Caribe,Tienda,Alimentos,3009423.21,2481600.0,176,18,18,0.07145555555555555,0.1753901572388019
2025-04-07,Caribe,Tienda,Bebidas,1335506.13,1008000.0,160,16,16,0.0948,0.24522997135176003
2025-04-07,Caribe,Tienda,Cuidado personal,4476427.93,2890800.0,198,12,12,0.08001666666666667,0.35421723633111185
2025-04-07,Caribe,Tienda,Hogar,6108250.37,4238700.0,213,24,24,0.10422083333333333,0.30606970192022437
2025-04-07,Eje Cafetero,E-commerce,Alimentos,1299257.16,1149291.0,78,11,11,0.13291818181818182,0.11542453997328744
2025-04-07,Eje Cafetero,E-commerce,Bebidas,473656.78,362092.5,55,7,7,0.07299999999999998,0.2355382308683516
2025-04-07,Eje Cafetero,E-commerce,Cuidado personal,1829250.74,1357873.0,89,13,13,0.1642846153846154,0.2576889705125936
2025-04-07,Eje Cafetero,E-commerce,Hogar,1519571.52,1143752.5,55,9,9,0.14676666666666666,0.24731907320821597
2025-04-07,Eje Cafetero,Marketplace,Alimentos,968983.24,890133.0,59,9,9,0.13325555555555557,0.08137420416064162
2025-04-07,Eje Cafetero,Marketplace,Bebidas,15739.3,13482.0,2,1,1,0.1446,0.14341806814788455
2025-04-07,Eje Cafetero,Marketplace,Cuidado personal,485775.95999999996,359306.0,23,4,4,0.17435,0.26034627156107104
2025-04-07,Eje Cafetero,Marketplace,Hogar,1423738.52,1085943.0,51,7,7,0.1375,0.23725952150258603
2025-04-07,Eje Cafetero,Tienda,Alimentos,2837968.14,2425200.0,172,14,14,0.1269,0.14544495203529667
2025-04-07,Eje Cafetero,Tienda,Bebidas,589386.27,447300.0,71,10,10,0.10496000000000001,0.24107495751470426
2025-04-07,Eje Cafetero,Tienda,Cuidado personal,2942366.2600000002,1912600.0,131,20,20,0.115945,0.3499789519745241
2025-04-07,Eje Cafetero,Tienda,Hogar,3443633.02,2407900.0,121,12,12,0.10228333333333332,0.3007675364897041
2025-04-07,Valle,E-commerce,Alimentos,2191440.35,1886016.0,128,20,20,0.093395,0.13937150970137063
2025-04-07,Valle,E-commerce,Bebidas,658953.45,566181.0,86,13,13,0.1626153846153846,0.1407875624598368
2025-04-07,Valle,E-commerce,Cuidado personal,2022250.65,1388387.0,91,20,20,0.12014,0.31344465138384303
2025-04-07,Valle,E-commerce,Hogar,2356230.38,1767617.5,85,11,11,0.16205454545454545,0.2498112599668628
2025-04-07,Valle,Marketplace,Alimentos,1558507.74,1553961.0,103,14,14,0.20117857142857143,0.002917367609608401
2025-04-07,Valle,Marketplace,Bebidas,371870.82,316827.0,47,7,7,0.13897142857142858,0.1480186587374616
2025-04-07,Valle,Marketplace,Cuidado personal,1674930.64,1249760.0,80,12,12,0.16564166666666666,0.25384372931406873
2025-04-07,Valle,Marketplace,Hogar,2819424.76,2150593.0,101,12,12,0.12956666666666666,0.23722277305956546
2025-04-07,Valle,Tienda,Alimentos,5180893.47,4328700.0,307,29,29,0.0948896551724138,0.16448774230441757
2025-04-07,Valle,Tienda,Bebidas,3264116.71,2482200.0,394,33,33,0.09633030303030303,0.2395492500634268
2025-04-07,Valle,Tienda,Cuidado personal,5388918.93,3460200.0,237,35,35,0.10768857142857143,0.35790461037794824
2025-04-07,Valle,Tienda,Hogar,4867956.91,3383000.0,170,21,21,0.10409523809523809,0.30504725852226167
2025-04-14,Antioquia,E-commerce,Alimentos,3814368.24,3359466.0,228,31,31,0.1115225806451613,0.11926017924268376
2025-04-14,Antioquia,E-commerce,Bebidas,379309.08,309424.5,47,10,10,0.14051,0.1842417798171349
2025-04-14,Antioquia,E-commerce,Cuidado personal,4315263.22,3097171.0,203,39,39,0.15223076923076923,0.282275299998965
2025-04-14,Antioquia,E-commerce,Hogar,3894165.52,2869779.0,138,20,20,0.119205,0.2630567485482743
2025-04-14,Antioquia,Marketplace,Alimentos,1276450.14,1191873.0,79,11,11,0.13945454545454547,0.06625965037694297
2025-04-14,Antioquia,Marketplace,Bebidas,328467.8,283122.0,42,7,7,0.16807142857142857,0.13805249707886127
2025-04-14,Antioquia,Marketplace,Cuidado personal,2406370.91,1921506.0,123,21,21,0.2256761904761905,0.2014921756180971
2025-04-14,Antioquia,Marketplace,Hogar,2589448.8,2065421.0,97,16,16,0.1721125,0.20237040407981802
2025-04-14,Antioquia,Tienda,Alimentos,5314611.6899999995,4399200.0,312,33,33,0.09116666666666667,0.17224432251982638
2025-04-14,Antioquia,Tienda,Bebidas,3296748.18,2501100.0,397,26,26,0.09073846153846153,0.24134332880711565
2025-04-14,Antioquia,Tienda,Cuidado personal,5490906.57,3474800.0,238,29,29,0.07640344827586207,0.3671718948953087
2025-04-14,Antioquia,Tienda,Hogar,7145109.85,4915300.0,247,31,31,0.10475161290322581,0.3120749571121009
2025-04-14,Bogotá,E-commerce,Alimentos,4418011.02,3845704.5,261,49,49,0.10048571428571429,0.12953940526839147
2025-04-14,Bogotá,E-commerce,Bebidas,1666202.23,1336450.5,203,29,29,0.1214551724137931,0.19790618693386336
2025-04-14,Bogotá,E-commerce,Cuidado personal,8316865.0,5736632.0,376,69,69,0.12400289855072465,0.3102410583795697
2025-04-14,Bogotá,E-commerce,Hogar,6700928.0,4824556.0,232,33,33,0.1026151515151515,0.2800167379801723
2025-04-14,Bogotá,Marketplace,Alimentos,3738347.47,3439836.0,228,28,28,0.13875714285714286,0.07985118354982668
2025-04-14,Bogotá,Marketplace,Bebidas,338704.85,316827.0,47,8,8,0.208,0.06459266821836174
2025-04-14,Bogotá,Marketplace,Cuidado personal,1534152.67,1156028.0,74,16,16,0.160375,0.2464713436896733
2025-04-14,Bogotá,Marketplace,Hogar,3280241.0300000003,2682918.0,126,22,22,0.19406363636363635,0.18209729850248235
2025-04-14,Bogotá,Tienda,Alimentos,13669619.25,11491500.0,815,64,64,0.0858296875,0.15934015499370988
2025-04-14,Bogotá,Tienda,Bebidas,3297805.08,2457000.0,390,41,41,0.08421951219512194,0.25495899836505803
2025-04-14,Bogotá,Tienda,Cuidado personal,7691482.95,4993200.0,342,39,39,0.09563589743589744,0.3508143965917522
2025-04-14,Bogotá,Tienda,Hogar,10792682.41,7422700.0,373,45,45,0.09083555555555556,0.3122469727152844
2025-04-14,Caribe,E-commerce,Alimentos,1993238.67,1723936.5,117,15,15,0.08796,0.13510783934369483
2025-04-14,Caribe,E-commerce,Bebidas,604684.89,467428.5,71,9,9,0.0838,0.22698829137271812
2025-04-14,Caribe,E-commerce,Cuidado personal,2541281.62,1785069.0,117,22,22,0.13510454545454545,0.2975713569281629
2025-04-14,Caribe,E-commerce,Hogar,1905510.66,1372503.0,66,12,12,0.11606666666666667,0.27971906491459875
2025-04-14,Caribe,Marketplace,Alimentos,801241.47,754350.0,50,8,8,0.1628375,0.05852351850934522
2025-04-14,Caribe,Marketplace,Bebidas,248354.26,202230.0,30,3,3,0.15616666666666668,0.18571962486167948
2025-04-14,Caribe,Marketplace,Cuidado personal,643690.01,546770.0,35,6,6,0.26545,0.1505693866524354
2025-04-14,Caribe,Marketplace,Hogar,556076.89,447153.0,21,3,3,0.17813333333333334,0.19587918857768036
2025-04-14,Caribe,Tienda,Alimentos,5041646.03,4159500.0,295,27,27,0.08237407407407407,0.17497182958717158
2025-04-14,Caribe,Tienda,Bebidas,2064296.22,1549800.0,246,25,25,0.08131599999999999,0.24923565475501377
2025-04-14,Caribe,Tienda,Cuidado personal,5289876.98,3431000.0,235,20,20,0.09572499999999999,0.35140268611690856
2025-04-14,Caribe,Tienda,Hogar,7503701.11,5273500.0,265,24,24,0.10212083333333333,0.29721347869624837
2025-04-14,Eje Cafetero,E-commerce,Alimentos,1782171.84,1547122.5,105,14,14,0.09632142857142857,0.1318892683210616
2025-04-14,Eje Cafetero,E-commerce,Bebidas,444557.81,368676.0,56,11,11,0.1403090909090909,0.1706905340387564
2025-04-14,Eje Cafetero,E-commerce,Cuidado personal,3560397.25,2563176.0,168,18,18,0.15465,0.2800870745532679
2025-04-14,Eje Cafetero,E-commerce,Hogar,2010462.35,1538867.0,74,13,13,0.16746923076923076,0.2345705951668282
2025-04-14,Eje Cafetero,Marketplace,Alimentos,640665.41,573306.0,38,5,5,0.10694,0.1051397639838243
2025-04-14,Eje Cafetero,Marketplace,Bebidas,245556.06,208971.0,31,6,6,0.14851666666666666,0.14898862605956456
2025-04-14,Eje Cafetero,Marketplace,Cuidado personal,1233294.22,1015430.0,65,10,10,0.23772,0.17665226712892562
2025-04-14,Eje Cafetero,Marketplace,Hogar,769653.71,617497.0,29,5,5,0.18161999999999998,0.19769502572786918
2025-04-14,Eje Cafetero,Tienda,Alimentos,1936039.04,1607400.0,114,11,11,0.06936363636363636,0.16974814722744436
2025-04-14,Eje Cafetero,Tienda,Bebidas,2371274.14,1801800.0,286,13,13,0.08377692307692307,0.24015533691098243
2025-04-14,Eje Cafetero,Tienda,Cuidado personal,2214231.41,1401600.0,96,14,14,0.08770714285714286,0.36700383091395133
2025-04-14,Eje Cafetero,Tienda,Hogar,3359065.52,2308400.0,116,15,15,0.10462,0.31278506291237806
2025-04-14,Valle,E-commerce,Alimentos,4202656.21,3683625.0,250,26,26,0.10877307692307693,0.12350075382444856
2025-04-14,Valle,E-commerce,Bebidas,593322.86,480595.5,73,12,12,0.11625833333333334,0.189993286285986
2025-04-14,Valle,E-commerce,Cuidado personal,4101461.35,2822545.0,185,21,21,0.11106190476190476,0.31181967617468836
2025-04-14,Valle,E-commerce,Hogar,2733862.34,2121141.0,102,18,18,0.1618888888888889,0.2241229673619923
2025-04-14,Valle,Marketplace,Alimentos,1071707.72,1041003.0,69,9,9,0.16472222222222221,0.028650274162436727
2025-04-14,Valle,Marketplace,Bebidas,403558.18,357273.0,53,9,9,0.17134444444444444,0.11469270676163718
2025-04-14,Valle,Marketplace,Cuidado personal,801735.45,624880.0,40,8,8,0.19295,0.22059078215887792
2025-04-14,Valle,Marketplace,Hogar,1833133.82,1469217.0,69,9,9,0.1963111111111111,0.19852168784928098
2025-04-14,Valle,Tienda,Alimentos,5138217.58,4286400.0,304,35,35,0.09632571428571428,0.16578075309920995
2025-04-14,Valle,Tienda,Bebidas,1325848.72,989100.0,157,20,20,0.08314,0.2539872874787706
2025-04-14,Valle,Tienda,Cuidado personal,5379737.78,3504000.0,240,27,27,0.11209999999999999,0.34866713893999496
2025-04-14,Valle,Tienda,Hogar,5190206.88,3601900.0,181,25,25,0.09650399999999999,0.30601995579798547
2025-04-21,Antioquia,E-commerce,Alimentos,2046171.96,1753405.5,119,21,21,0.0934952380952381,0.14308008599629132
2025-04-21,Antioquia,E-commerce,Bebidas,533618.92,460845.0,70,18,18,0.15286666666666665,0.13637807295138643
2025-04-21,Antioquia,E-commerce,Cuidado personal,5369192.35,3829507.0,251,43,43,0.14148372093023256,0.28676293372130723
2025-04-21,Antioquia,E-commerce,Hogar,3224289.88,2391482.5,115,18,18,0.1356,0.2582917203461867
2025-04-21,Antioquia,Marketplace,Alimentos,638153.59,633654.0,42,8,8,0.2025375,0.0070509514801914185
2025-04-21,Antioquia,Marketplace,Bebidas,776143.1,660618.0,98,10,10,0.15506999999999999,0.14884510343517837
2025-04-21,Antioquia,Marketplace,Cuidado personal,963322.6699999999,702990.0,45,8,8,0.14935,0.2702445173432905
2025-04-21,Antioquia,Marketplace,Hogar,2224107.67,1767319.0,83,12,12,0.16225,0.20538064598284486
2025-04-21,Antioquia,Tienda,Alimentos,6460055.88,5329800.0,378,36,36,0.07325833333333333,0.17496069708920226
2025-04-21,Antioquia,Tienda,Bebidas,1962802.84,1493100.0,237,23,23,0.09485652173913044,0.23930209923682405
2025-04-21,Antioquia,Tienda,Cuidado personal,5323279.49,3431000.0,235,28,28,0.09383214285714285,0.3554725040371683
2025-04-21,Antioquia,Tienda,Hogar,7599542.84,5333200.0,268,36,36,0.11476666666666666,0.2982209440377337
2025-04-21,Bogotá,E-commerce,Alimentos,5827671.99,5112871.5,347,47,47,0.11692340425531915,0.12265626672650123
2025-04-21,Bogotá,E-commerce,Bebidas,1287100.26,1046776.5,159,28,28,0.12528214285714284,0.18671720258995209
2025-04-21,Bogotá,E-commerce,Cuidado personal,5404940.66,3829507.0,251,49,49,0.13130816326530612,0.2914802879630505
2025-04-21,Bogotá,E-commerce,Hogar,5758668.28,4367055.0,210,37,37,0.14394054054054053,0.2416553988416225
2025-04-21,Bogotá,Marketplace,Alimentos,2074350.87,1991484.0,132,21,21,0.17574761904761904,0.0399483381516841
2025-04-21,Bogotá,Marketplace,Bebidas,647565.29,539280.0,80,12,12,0.12995,0.16721910774433266
2025-04-21,Bogotá,Marketplace,Cuidado personal,4993766.59,3780524.0,242,33,33,0.18436969696969696,0.24295140113867433
2025-04-21,Bogotá,Marketplace,Hogar,3821098.04,3087485.0,145,19,19,0.18995263157894737,0.19199011182659947
2025-04-21,Bogotá,Tienda,Alimentos,10954909.45,9066300.0,643,59,59,0.07049830508474576,0.17239845373619217
2025-04-21,Bogotá,Tienda,Bebidas,4923376.73,3704400.0,588,44,44,0.08951818181818182,0.24758957050195107
2025-04-21,Bogotá,Tienda,Cuidado personal,11401741.24,7402200.0,507,51,51,0.09324509803921568,0.3507833721018563
2025-04-21,Bogotá,Tienda,Hogar,13923627.23,9512200.0,478,50,50,0.07685,0.3168303170667404
2025-04-21,Caribe,E-commerce,Alimentos,2175692.23,1944954.0,132,21,21,0.11717619047619048,0.1060527894609432
2025-04-21,Caribe,E-commerce,Bebidas,467791.83,368676.0,56,12,12,0.10779166666666666,0.21188020748459846
2025-04-21,Caribe,E-commerce,Cuidado personal,3595952.49,2517405.0,165,21,21,0.1424047619047619,0.29993374300671033
2025-04-21,Caribe,E-commerce,Hogar,3159175.6599999997,2412278.0,116,16,16,0.150575,0.23642169362624166
2025-04-21,Caribe,Marketplace,Alimentos,69344.99,60348.0,4,1,1,0.0679,0.12974246589407548
2025-04-21,Caribe,Marketplace,Bebidas,359158.94,303345.0,45,6,6,0.15816666666666665,0.1554017839567073
2025-04-21,Caribe,Marketplace,Cuidado personal,719920.3200000001,562392.0,36,5,5,0.20158,0.21881354869938946
2025-04-21,Caribe,Marketplace,Hogar,2319142.75,1767319.0,83,10,10,0.13113999999999998,0.2379429856139731
2025-04-21,Caribe,Tienda,Alimentos,6670617.12,5527200.0,392,31,31,0.07675161290322581,0.17141099532931972
2025-04-21,Caribe,Tienda,Bebidas,1085936.03,793800.0,126,15,15,0.07573999999999999,0.26901771552786585
2025-04-21,Caribe,Tienda,Cuidado personal,4177456.74,2774000.0,190,28,28,0.13767500000000002,0.3359596106792958
2025-04-21,Caribe,Tienda,Hogar,7633813.91,5293400.0,266,20,20,0.08946499999999999,0.3065851404805858
2025-04-21,Eje Cafetero,E-commerce,Alimentos,553966.36,471504.0,32,6,6,0.08231666666666666,0.14885806423335884
2025-04-21,Eje Cafetero,E-commerce,Bebidas,492246.58999999997,401593.5,61,12,12,0.138675,0.1841619461497945
2025-04-21,Eje Cafetero,E-commerce,Cuidado personal,1340418.96,1037476.0,68,14,14,0.1929857142857143,0.22600617347280733
2025-04-21,Eje Cafetero,E-commerce,Hogar,2684723.72,2037959.0,98,15,15,0.15031999999999998,0.24090550367692962
2025-04-21,Eje Cafetero,Marketplace,Alimentos,493664.91,497871.0,33,7,7,0.18649999999999997,-0.008520131601008517
2025-04-21,Eje Cafetero,Marketplace,Bebidas,169515.76,155043.0,23,5,5,0.20818000000000003,0.08537707644410177
2025-04-21,Eje Cafetero,Marketplace,Cuidado personal,1775639.7,1281004.0,82,12,12,0.14448333333333332,0.2785676058042631
2025-04-21,Eje Cafetero,Marketplace,Hogar,85260.69,85172.0,4,1,1,0.3233,0.0010402214666571702
2025-04-21,Eje Cafetero,Tienda,Alimentos,2674685.1,2199600.0,156,18,18,0.08619444444444445,0.17762281623358206
2025-04-21,Eje Cafetero,Tienda,Bebidas,1503965.98,1134000.0,180,12,12,0.08398333333333334,0.24599358291335818
2025-04-21,Eje Cafetero,Tienda,Cuidado personal,3304277.87,2117000.0,145,17,17,0.09910000000000001,0.3593153834849852
2025-04-21,Eje Cafetero,Tienda,Hogar,1241430.29,895500.0,45,6,6,0.1471,0.278654623450504
2025-04-21,Valle,E-commerce,Alimentos,1792150.78,1650264.0,112,21,21,0.14646666666666666,0.07917122910830082
2025-04-21,Valle,E-commerce,Bebidas,1649073.7,1323283.5,201,16,16,0.11055,0.19755951477487027
2025-04-21,Valle,E-commerce,Cuidado personal,2435896.61,1739298.0,114,19,19,0.14669473684210527,0.2859721579069811
2025-04-21,Valle,E-commerce,Hogar,3022053.41,2308300.5,111,21,21,0.15287142857142857,0.2361814346623345
2025-04-21,Valle,Marketplace,Alimentos,1923601.1600000001,1765179.0,117,16,16,0.1504625,0.08235707239852161
2025-04-21,Valle,Marketplace,Bebidas,275838.76,222453.0,33,6,6,0.11535,0.19353973313975167
2025-04-21,Valle,Marketplace,Cuidado personal,961311.47,734234.0,47,9,9,0.1821111111111111,0.23621633267311373
2025-04-21,Valle,Marketplace,Hogar,593441.12,511032.0,24,4,4,0.189625,0.13886654837804296
2025-04-21,Valle,Tienda,Alimentos,10227163.86,8488200.0,602,50,50,0.080706,0.17003383184279983
2025-04-21,Valle,Tienda,Bebidas,3467026.2,2683800.0,426,20,20,0.08963499999999999,0.22590720543155982
2025-04-21,Valle,Tienda,Cuidado personal,4815126.46,3124400.0,214,25,25,0.09716,0.3511281529249805
2025-04-21,Valle,Tienda,Hogar,8573847.540000001,5930200.0,298,22,22,0.08094545454545454,0.30833852919199456
2025-04-28,Antioquia,E-commerce,Alimentos,3269927.88,2814289.5,191,31,31,0.09622258064516129,0.1393420273232448
2025-04-28,Antioquia,E-commerce,Bebidas,1038225.09,849271.5,129,17,17,0.13357058823529414,0.1819967479306438
2025-04-28,Antioquia,E-commerce,Cuidado personal,3734605.25,2593690.0,170,31,31,0.12805483870967743,0.30549821831905793
2025-04-28,Antioquia,E-commerce,Hogar,2370238.54,1871595.0,90,16,16,0.16578125,0.21037694374845498
2025-04-28,Antioquia,Marketplace,Alimentos,1028551.4299999999,950481.0,63,13,13,0.13607692307692307,0.07590328273618747
2025-04-28,Antioquia,Marketplace,Bebidas,312308.16000000003,269640.0,40,5,5,0.15960000000000002,0.13662198259565178
2025-04-28,Antioquia,Marketplace,Cuidado personal,1736976.73,1327870.0,85,18,18,0.19285,0.23552804302680555
2025-04-28,Antioquia,Marketplace,Hogar,1162043.94,873013.0,41,6,6,0.11116666666666668,0.24872634334292038
2025-04-28,Antioquia,Tienda,Alimentos,8053163.5,6753900.0,479,41,41,0.09360243902439024,0.16133579058714007
2025-04-28,Antioquia,Tienda,Bebidas,2134677.04,1587600.0,252,21,21,0.06645714285714285,0.2562809407459594
2025-04-28,Antioquia,Tienda,Cuidado personal,5121969.0600000005,3285000.0,225,26,26,0.09156538461538462,0.35864509107362713
2025-04-28,Antioquia,Tienda,Hogar,6506752.81,4577000.0,230,30,30,0.10828666666666667,0.2965769357388574
2025-04-28,Bogotá,E-commerce,Alimentos,5424959.01,4715040.0,320,49,49,0.10082857142857142,0.13086163576376955
2025-04-28,Bogotá,E-commerce,Bebidas,1859604.4,1501038.0,228,26,26,0.11673846153846154,0.1928186446536693
2025-04-28,Bogotá,E-commerce,Cuidado personal,6143112.18,4256703.0,279,51,51,0.11856666666666667,0.3070771173838469
2025-04-28,Bogotá,E-commerce,Hogar,5444717.25,4200691.0,202,38,38,0.15991578947368423,0.22848316870816388
2025-04-28,Bogotá,Marketplace,Alimentos,1721200.74,1584135.0,105,18,18,0.13095,0.07963379100104268
2025-04-28,Bogotá,Marketplace,Bebidas,986335.21,862848.0,128,17,17,0.16241176470588237,0.1251980145776201
2025-04-28,Bogotá,Marketplace,Cuidado personal,2816318.11,2140214.0,137,28,28,0.18753928571428571,0.24006666988339606
2025-04-28,Bogotá,Marketplace,Hogar,2851167.41,2214472.0,104,14,14,0.14412142857142857,0.2233104263772432
2025-04-28,Bogotá,Tienda,Alimentos,18422004.07,15538200.0,1102,75,75,0.08611733333333334,0.15654127851899885
2025-04-28,Bogotá,Tienda,Bebidas,3144884.19,2356200.0,374,35,35,0.07673428571428571,0.2507832220047505
2025-04-28,Bogotá,Tienda,Cuidado personal,8637622.19,5723200.0,392,54,54,0.12713333333333332,0.33741024160261396
2025-04-28,Bogotá,Tienda,Hogar,16366961.77,11402700.0,573,55,55,0.09941818181818182,0.30330991418940667
2025-04-28,Caribe,E-commerce,Alimentos,1701637.43,1532388.0,104,17,17,0.13538235294117645,0.09946268636086593
2025-04-28,Caribe,E-commerce,Bebidas,391467.69,309424.5,47,9,9,0.11947777777777777,0.2095784456694242
2025-04-28,Caribe,E-commerce,Cuidado personal,1899232.78,1312102.0,86,16,16,0.14044375,0.3091410311483777
2025-04-28,Caribe,E-commerce,Hogar,2366046.89,1746822.0,84,12,12,0.11364999999999999,0.2617128564176512
2025-04-28,Caribe,Marketplace,Alimentos,1214329.07,1161699.0,77,11,11,0.19956363636363636,0.043340863115465124
2025-04-28,Caribe,Marketplace,Bebidas,583339.86,498834.0,74,6,6,0.15518333333333334,0.14486556773267642
2025-04-28,Caribe,Marketplace,Cuidado personal,724167.99,546770.0,35,8,8,0.1882125,0.2449680080446527
2025-04-28,Caribe,Marketplace,Hogar,1064052.57,915599.0,43,9,9,0.22396666666666665,0.13951713870678406
2025-04-28,Caribe,Tienda,Alimentos,4667344.83,3849300.0,273,27,27,0.0884,0.17526985037443657
2025-04-28,Caribe,Tienda,Bebidas,2346472.59,1789200.0,284,23,23,0.08826521739130434,0.23749375653265137
2025-04-28,Caribe,Tienda,Cuidado personal,3289273.58,2073200.0,142,19,19,0.08252105263157895,0.3697088583309632
2025-04-28,Caribe,Tienda,Hogar,5552867.03,3880500.0,195,19,19,0.10434736842105263,0.3011718128607881
2025-04-28,Eje Cafetero,E-commerce,Alimentos,958643.12,839866.5,57,8,8,0.1084625,0.12390076924559788
2025-04-28,Eje Cafetero,E-commerce,Bebidas,135589.98,105336.0,16,3,3,0.09956666666666665,0.22312843471176858
2025-04-28,Eje Cafetero,E-commerce,Cuidado personal,1226052.24,900163.0,59,14,14,0.15717857142857142,0.2658037148563914
2025-04-28,Eje Cafetero,E-commerce,Hogar,1554764.92,1206139.0,58,9,9,0.16664444444444446,0.22423063159927736
2025-04-28,Eje Cafetero,Marketplace,Alimentos,548763.65,512958.0,34,5,5,0.15272,0.06524785306023827
2025-04-28,Eje Cafetero,Marketplace,Bebidas,23917.86,20223.0,3,1,1,0.1334,0.1544812119478917
2025-04-28,Eje Cafetero,Marketplace,Cuidado personal,413161.89,312440.0,20,4,4,0.171675,0.24378310884384813
2025-04-28,Eje Cafetero,Marketplace,Hogar,209824.4,149051.0,7,1,1,0.0484,0.2896393365118642
2025-04-28,Eje Cafetero,Tienda,Alimentos,2100164.9299999997,1720200.0,122,16,16,0.08329375,0.1809214717246039
2025-04-28,Eje Cafetero,Tienda,Bebidas,743078.33,554400.0,88,12,12,0.09296666666666666,0.2539144560977844
2025-04-28,Eje Cafetero,Tienda,Cuidado personal,2002598.53,1284800.0,88,14,14,0.08994285714285714,0.3584335648144114
2025-04-28,Eje Cafetero,Tienda,Hogar,5550861.61,3900400.0,196,20,20,0.11778,0.297334310591829
2025-04-28,Valle,E-commerce,Alimentos,1477323.32,1296636.0,88,15,15,0.10560666666666667,0.12230722791270908
2025-04-28,Valle,E-commerce,Bebidas,761010.3,618849.0,94,16,16,0.1325125,0.1868060130066571
2025-04-28,Valle,E-commerce,Cuidado personal,3174464.52,2349578.0,154,28,28,0.16111071428571427,0.25985060308691055
2025-04-28,Valle,E-commerce,Hogar,4974015.05,3701599.0,178,27,27,0.1356074074074074,0.2558126658663809
2025-04-28,Valle,Marketplace,Alimentos,1121389.7,1071177.0,71,14,14,0.17504285714285714,0.04477720813736737
2025-04-28,Valle,Marketplace,Bebidas,246862.64,202230.0,30,3,3,0.1205,0.18079949238167434
2025-04-28,Valle,Marketplace,Cuidado personal,2213560.1799999997,1702798.0,109,14,14,0.20367142857142856,0.230742396170137
2025-04-28,Valle,Marketplace,Hogar,3572960.55,2810676.0,132,17,17,0.15031176470588234,0.21334815745446722
2025-04-28,Valle,Tienda,Alimentos,7547914.22,6288600.0,446,42,42,0.07911428571428572,0.16684267776429496
2025-04-28,Valle,Tienda,Bebidas,3582093.96,2696400.0,428,32,32,0.08266875,0.24725592625158274
2025-04-28,Valle,Tienda,Cuidado personal,2994444.95,1971000.0,135,20,20,0.127075,0.3417811871946419
2025-04-28,Valle,Tienda,Hogar,6762919.0200000005,4696400.0,236,24,24,0.10044583333333333,0.30556613407445476
2025-05-05,Antioquia,E-commerce,Alimentos,3996788.38,3536280.0,240,37,37,0.12421621621621622,0.11521960539727147
2025-05-05,Antioquia,E-commerce,Bebidas,861854.77,697851.0,106,19,19,0.13273157894736842,0.19029165435842516
2025-05-05,Antioquia,E-commerce,Cuidado personal,6785118.91,4775441.0,313,46,46,0.13838260869565217,0.2961890479234063
2025-05-05,Antioquia,E-commerce,Hogar,2932121.93,2266709.5,109,18,18,0.1446611111111111,0.2269388674433468
2025-05-05,Antioquia,Marketplace,Alimentos,372916.11,407349.0,27,5,5,0.23126000000000002,-0.09233414453454429
2025-05-05,Antioquia,Marketplace,Bebidas,438558.91000000003,357273.0,53,8,8,0.1303375,0.1853477563595733
2025-05-05,Antioquia,Marketplace,Cuidado personal,1134695.68,906076.0,58,9,9,0.2259888888888889,0.20148105261139265
2025-05-05,Antioquia,Marketplace,Hogar,1338391.95,1043357.0,49,11,11,0.15797272727272726,0.2204398718925349
2025-05-05,Antioquia,Tienda,Alimentos,7451993.63,6133500.0,435,41,41,0.07460731707317073,0.17693166358758683
2025-05-05,Antioquia,Tienda,Bebidas,2523706.97,1896300.0,301,29,29,0.0789448275862069,0.24860531648807077
2025-05-05,Antioquia,Tienda,Cuidado personal,11681881.85,7577400.0,519,32,32,0.100959375,0.35135450800677287
2025-05-05,Antioquia,Tienda,Hogar,8186812.18,5591900.0,281,33,33,0.09291818181818182,0.31696246633570624
2025-05-05,Bogotá,E-commerce,Alimentos,5009801.14,4346677.5,295,48,48,0.10507708333333333,0.13236526190738176
2025-05-05,Bogotá,E-commerce,Bebidas,1473173.22,1204780.5,183,30,30,0.14887333333333333,0.18218680353149508
2025-05-05,Bogotá,E-commerce,Cuidado personal,10016770.03,6957192.0,456,61,61,0.12568524590163935,0.305445569863003
2025-05-05,Bogotá,E-commerce,Hogar,7172800.27,5427625.5,261,45,45,0.13906444444444446,0.24330452602997124
2025-05-05,Bogotá,Marketplace,Alimentos,2820022.63,2715660.0,180,32,32,0.17954375,0.03700772784224072
2025-05-05,Bogotá,Marketplace,Bebidas,128294.89,114597.0,17,5,5,0.16912,0.10676878868675127
2025-05-05,Bogotá,Marketplace,Cuidado personal,2913296.62,2187080.0,140,21,21,0.1785142857142857,0.24927658070052616
2025-05-05,Bogotá,Marketplace,Hogar,2909860.32,2278351.0,107,18,18,0.15473888888888887,0.2170239291760918
2025-05-05,Bogotá,Tienda,Alimentos,15229161.32,12690000.0,900,76,76,0.085525,0.1667302136110014
2025-05-05,Bogotá,Tienda,Bebidas,2718877.6,2047500.0,325,34,34,0.09068529411764706,0.2469318957204988
2025-05-05,Bogotá,Tienda,Cuidado personal,9798629.88,6409400.0,439,49,49,0.12104285714285713,0.3458881416592501
2025-05-05,Bogotá,Tienda,Hogar,18952292.52,13094200.0,658,63,63,0.0866888888888889,0.3090967762247266
2025-05-05,Caribe,E-commerce,Alimentos,2738695.6,2416458.0,164,25,25,0.122504,0.11766097699941537
2025-05-05,Caribe,E-commerce,Bebidas,520644.05,434511.0,66,12,12,0.12619166666666667,0.16543557925995694
2025-05-05,Caribe,E-commerce,Cuidado personal,2983109.89,2059695.0,135,18,18,0.11984444444444445,0.3095477283942765
2025-05-05,Caribe,E-commerce,Hogar,2805238.33,2100345.5,101,16,16,0.137575,0.25127734155835524
2025-05-05,Caribe,Marketplace,Alimentos,1044535.87,950481.0,63,10,10,0.13233,0.09004465303810007
2025-05-05,Caribe,Marketplace,Bebidas,266821.25,222453.0,33,5,5,0.1263,0.1662845444281518
2025-05-05,Caribe,Marketplace,Cuidado personal,2982580.06,2202702.0,141,8,8,0.1876125,0.2614776617262036
2025-05-05,Caribe,Marketplace,Hogar,1009874.0599999999,787841.0,37,7,7,0.1524,0.21986212815487108
2025-05-05,Caribe,Tienda,Alimentos,3283451.96,2707200.0,192,27,27,0.08375185185185184,0.1755018702938477
2025-05-05,Caribe,Tienda,Bebidas,1546119.8299999998,1140300.0,181,16,16,0.05865,0.26247631142535693
2025-05-05,Caribe,Tienda,Cuidado personal,4188341.62,2744800.0,188,22,22,0.13505454545454545,0.34465708649620613
2025-05-05,Caribe,Tienda,Hogar,9378306.25,6527200.0,328,31,31,0.08899677419354839,0.30401078552963656
2025-05-05,Eje Cafetero,E-commerce,Alimentos,669623.18,633583.5,43,9,9,0.17213333333333336,0.05382083696684462
2025-05-05,Eje Cafetero,E-commerce,Bebidas,237042.02000000002,190921.5,29,4,4,0.12969999999999998,0.19456685358992476
2025-05-05,Eje Cafetero,E-commerce,Cuidado personal,1817823.7000000002,1281588.0,84,10,10,0.12217,0.2949877372596694
2025-05-05,Eje Cafetero,E-commerce,Hogar,1800454.9000000001,1351707.5,65,10,10,0.12591999999999998,0.24924112234080403
2025-05-05,Eje Cafetero,Marketplace,Alimentos,616993.15,573306.0,38,8,8,0.16005,0.07080653974845591
2025-05-05,Eje Cafetero,Marketplace,Bebidas,99890.67,94374.0,14,4,4,0.225325,0.05522707976630849
2025-05-05,Eje Cafetero,Marketplace,Cuidado personal,773563.21,593636.0,38,5,5,0.18204,0.2325953557176019
2025-05-05,Eje Cafetero,Marketplace,Hogar,381475.98,340688.0,16,5,5,0.22536,0.10692148952602464
2025-05-05,Eje Cafetero,Tienda,Alimentos,3505926.5,2904600.0,206,19,19,0.07393157894736842,0.17151714389905207
2025-05-05,Eje Cafetero,Tienda,Bebidas,1048827.32,768600.0,122,15,15,0.07128666666666668,0.26718156044981745
2025-05-05,Eje Cafetero,Tienda,Cuidado personal,4499130.12,2905400.0,199,10,10,0.07213,0.3542307240493858
2025-05-05,Eje Cafetero,Tienda,Hogar,4943038.8,3502400.0,176,17,17,0.11435294117647059,0.2914480056276313
2025-05-05,Valle,E-commerce,Alimentos,2642462.35,2372254.5,161,24,24,0.1283125,0.10225608323236851
2025-05-05,Valle,E-commerce,Bebidas,618986.4,493762.5,75,12,12,0.11909166666666667,0.2023047679238187
2025-05-05,Valle,E-commerce,Cuidado personal,4405791.11,3097171.0,203,27,27,0.15611111111111112,0.2970227315202877
2025-05-05,Valle,E-commerce,Hogar,1866916.3299999998,1372503.0,66,13,13,0.11708461538461538,0.26482886354098145
2025-05-05,Valle,Marketplace,Alimentos,2132383.3,1991484.0,132,13,13,0.1453076923076923,0.06607597236388028
2025-05-05,Valle,Marketplace,Bebidas,453949.0,397719.0,59,10,10,0.15939,0.1238685402985798
2025-05-05,Valle,Marketplace,Cuidado personal,2122174.04,1812152.0,116,15,15,0.25084,0.1460870004799418
2025-05-05,Valle,Marketplace,Hogar,986299.17,787841.0,37,6,6,0.1664,0.2012149822654723
2025-05-05,Valle,Tienda,Alimentos,5133107.21,4272300.0,303,31,31,0.08604838709677419,0.16769710329116622
2025-05-05,Valle,Tienda,Bebidas,1864595.48,1404900.0,223,23,23,0.08868260869565217,0.24653898656881867
2025-05-05,Valle,Tienda,Cuidado personal,7697315.63,5007800.0,343,25,25,0.10143200000000001,0.3494095551334433
2025-05-05,Valle,Tienda,Hogar,8379837.02,5850600.0,294,32,32,0.102634375,0.30182413022634175
2025-05-12,Antioquia,E-commerce,Alimentos,2456718.35,2180706.0,148,31,31,0.11617096774193549,0.1123500176566842
2025-05-12,Antioquia,E-commerce,Bebidas,721501.66,585931.5,89,22,22,0.1339090909090909,0.18789999734719948
2025-05-12,Antioquia,E-commerce,Cuidado personal,4707735.61,3280255.0,215,32,32,0.1367625,0.3032202163111705
2025-05-12,Antioquia,E-commerce,Hogar,4786525.33,3556030.5,171,28,28,0.133825,0.25707475572891203
2025-05-12,Antioquia,Marketplace,Alimentos,1535638.37,1433265.0,95,14,14,0.1494785714285714,0.06666502478705329
2025-05-12,Antioquia,Marketplace,Bebidas,726190.03,593208.0,88,11,11,0.13438181818181819,0.18312290792535396
2025-05-12,Antioquia,Marketplace,Cuidado personal,677125.44,515526.0,33,5,5,0.18474,0.23865510059701783
2025-05-12,Antioquia,Marketplace,Hogar,1253944.4100000001,1064650.0,50,7,7,0.2164857142857143,0.15095917210556417
2025-05-12,Antioquia,Tienda,Alimentos,9293873.88,7755000.0,550,44,44,0.08419545454545455,0.16557938055427976
2025-05-12,Antioquia,Tienda,Bebidas,3462959.75,2664900.0,423,34,34,0.10832352941176471,0.23045597050326674
2025-05-12,Antioquia,Tienda,Cuidado personal,8517821.78,5562600.0,381,34,34,0.12531470588235294,0.34694571644348254
2025-05-12,Antioquia,Tienda,Hogar,6452338.73,4457600.0,224,27,27,0.10174814814814814,0.3091497228323598
2025-05-12,Bogotá,E-commerce,Alimentos,6694318.52,5967472.5,405,67,67,0.11851940298507463,0.10857655156808996
2025-05-12,Bogotá,E-commerce,Bebidas,1211132.19,980941.5,149,30,30,0.13016666666666665,0.1900623993818544
2025-05-12,Bogotá,E-commerce,Cuidado personal,8665750.0,6285884.0,412,63,63,0.15607460317460317,0.27462897037186623
2025-05-12,Bogotá,E-commerce,Hogar,7989141.2,6072286.0,292,39,39,0.14284358974358974,0.23993257247725203
2025-05-12,Bogotá,Marketplace,Alimentos,1771376.4,1659570.0,110,19,19,0.14533157894736842,0.06311837506698176
2025-05-12,Bogotá,Marketplace,Bebidas,1258160.1199999999,1044855.0,155,17,17,0.11832941176470589,0.169537339969097
2025-05-12,Bogotá,Marketplace,Cuidado personal,3260818.42,2546386.0,163,25,25,0.206124,0.21909604521922443
2025-05-12,Bogotá,Marketplace,Hogar,2643034.2,2171886.0,102,16,16,0.192375,0.1782603494120508
2025-05-12,Bogotá,Tienda,Alimentos,15013690.11,12577200.0,892,67,67,0.08476268656716418,0.16228456110048214
2025-05-12,Bogotá,Tienda,Bebidas,3408277.2199999997,2513700.0,399,43,43,0.06609069767441861,0.26247196523526917
2025-05-12,Bogotá,Tienda,Cuidado personal,9974643.26,6380200.0,437,43,43,0.09539767441860465,0.36035807660553865
2025-05-12,Bogotá,Tienda,Hogar,14217746.39,9751000.0,490,60,60,0.088515,0.31416697607868926
2025-05-12,Caribe,E-commerce,Alimentos,1695346.12,1443981.0,98,16,16,0.089825,0.14826772954185904
2025-05-12,Caribe,E-commerce,Bebidas,922435.97,763686.0,116,16,16,0.13770625,0.1720986335777864
2025-05-12,Caribe,E-commerce,Cuidado personal,3224780.82,2349578.0,154,19,19,0.1750157894736842,0.2713991644244522
2025-05-12,Caribe,E-commerce,Hogar,1945662.87,1497276.0,72,16,16,0.13970625,0.2304545545446936
2025-05-12,Caribe,Marketplace,Alimentos,842506.6699999999,799611.0,53,9,9,0.1553888888888889,0.05091433875532395
2025-05-12,Caribe,Marketplace,Bebidas,327714.16000000003,283122.0,42,7,7,0.1809285714285714,0.13607028759453063
2025-05-12,Caribe,Marketplace,Cuidado personal,658886.25,515526.0,33,6,6,0.21695,0.21757966568584486
2025-05-12,Caribe,Marketplace,Hogar,858949.3400000001,638790.0,30,4,4,0.134325,0.2563123687830065
2025-05-12,Caribe,Tienda,Alimentos,4789814.21,3948000.0,280,30,30,0.08488,0.1757509108062043
2025-05-12,Caribe,Tienda,Bebidas,2088743.46,1581300.0,251,19,19,0.07222105263157895,0.24294197431023912
2025-05-12,Caribe,Tienda,Cuidado personal,3941082.4099999997,2730200.0,187,18,18,0.1542777777777778,0.30724615322114
2025-05-12,Caribe,Tienda,Hogar,4206324.93,2945200.0,148,18,18,0.10343333333333332,0.29981633634755833
2025-05-12,Eje Cafetero,E-commerce,Alimentos,1877628.81,1620795.0,110,15,15,0.10314,0.13678625329571933
2025-05-12,Eje Cafetero,E-commerce,Bebidas,584585.4500000001,493762.5,75,12,12,0.14728333333333335,0.15536300125157076
2025-05-12,Eje Cafetero,E-commerce,Cuidado personal,2202703.91,1632499.0,107,15,15,0.16374666666666665,0.2588658908768179
2025-05-12,Eje Cafetero,E-commerce,Hogar,2443907.12,1830004.0,88,16,16,0.13958125,0.2511974022973508
2025-05-12,Eje Cafetero,Marketplace,Alimentos,645475.39,618567.0,41,6,6,0.149,0.04168770865144837
2025-05-12,Eje Cafetero,Marketplace,Bebidas,343428.36,310086.0,46,7,7,0.20808571428571426,0.09708679853929357
2025-05-12,Eje Cafetero,Marketplace,Cuidado personal,812483.27,593636.0,38,6,6,0.15866666666666665,0.26935603240175027
2025-05-12,Eje Cafetero,Marketplace,Hogar,1345241.69,1107236.0,52,6,6,0.1995333333333333,0.17692411093801289
2025-05-12,Eje Cafetero,Tienda,Alimentos,3092098.63,2608500.0,185,16,16,0.08965625,0.15639819031257743
2025-05-12,Eje Cafetero,Tienda,Bebidas,1105774.81,844200.0,134,12,12,0.07813333333333333,0.23655341723691467
2025-05-12,Eje Cafetero,Tienda,Cuidado personal,4043892.7,2642600.0,181,18,18,0.11243888888888888,0.3465207422541157
2025-05-12,Eje Cafetero,Tienda,Hogar,2594926.2199999997,1791000.0,90,13,13,0.11097692307692308,0.30980696630365073
2025-05-12,Valle,E-commerce,Alimentos,1574518.86,1414512.0,96,17,17,0.1209764705882353,0.10162270142639009
2025-05-12,Valle,E-commerce,Bebidas,846505.46,711018.0,108,15,15,0.15815333333333334,0.160055033785606
2025-05-12,Valle,E-commerce,Cuidado personal,3636402.13,2578433.0,169,23,23,0.1489826086956522,0.2909384309485046
2025-05-12,Valle,E-commerce,Hogar,3688284.9,2828188.0,136,21,21,0.1599190476190476,0.23319697998384017
2025-05-12,Valle,Marketplace,Alimentos,1716861.46,1659570.0,110,7,7,0.14374285714285714,0.03336987947763704
2025-05-12,Valle,Marketplace,Bebidas,244396.86000000002,215712.0,32,4,4,0.212925,0.11737000221688615
2025-05-12,Valle,Marketplace,Cuidado personal,2737454.89,2015238.0,129,19,19,0.17473157894736843,0.26382786895896576
2025-05-12,Valle,Marketplace,Hogar,3589152.2800000003,2874555.0,135,15,15,0.1616,0.19909918115817593
2025-05-12,Valle,Tienda,Alimentos,8610221.66,7148700.0,507,45,45,0.08309555555555556,0.16974262890230868
2025-05-12,Valle,Tienda,Bebidas,1600745.2,1215900.0,193,18,18,0.09073888888888888,0.24041627611939737
2025-05-12,Valle,Tienda,Cuidado personal,8136785.78,5256000.0,360,23,23,0.08359565217391304,0.3540446876555229
2025-05-12,Valle,Tienda,Hogar,5769189.63,3999900.0,201,24,24,0.09849999999999999,0.306679056067013
2025-05-19,Antioquia,E-commerce,Alimentos,3322955.21,2932165.5,199,35,35,0.12089142857142858,0.11760306272680696
2025-05-19,Antioquia,E-commerce,Bebidas,689168.84,559597.5,85,13,13,0.11881538461538461,0.18801102499062491
2025-05-19,Antioquia,E-commerce,Cuidado personal,5225515.61,3676937.0,241,42,42,0.1260642857142857,0.2963494371802288
2025-05-19,Antioquia,E-commerce,Hogar,4575191.7,3556030.5,171,29,29,0.16194137931034483,0.22275814147853087
2025-05-19,Antioquia,Marketplace,Alimentos,1626632.84,1478526.0,98,14,14,0.14394285714285715,0.09105118030200354
2025-05-19,Antioquia,Marketplace,Bebidas,618724.74,505575.0,75,11,11,0.13501818181818181,0.18287573242990088
2025-05-19,Antioquia,Marketplace,Cuidado personal,1800504.33,1359114.0,87,18,18,0.17881111111111112,0.24514816357037034
2025-05-19,Antioquia,Marketplace,Hogar,1635529.83,1362752.0,64,10,10,0.19416,0.16678254654639962
2025-05-19,Antioquia,Tienda,Alimentos,6450659.55,5400300.0,383,30,30,0.09000000000000001,0.16282979156759247
2025-05-19,Antioquia,Tienda,Bebidas,2153640.07,1644300.0,261,17,17,0.07972352941176471,0.2365019471429132
2025-05-19,Antioquia,Tienda,Cuidado personal,4979690.75,3255800.0,223,30,30,0.11204,0.3461842986936488
2025-05-19,Antioquia,Tienda,Hogar,10288380.12,7104300.0,357,41,41,0.10129268292682926,0.3094831336772187
2025-05-19,Bogotá,E-commerce,Alimentos,4926195.87,4390881.0,298,51,51,0.12426078431372549,0.10866698850933024
2025-05-19,Bogotá,E-commerce,Bebidas,1844774.79,1468120.5,223,38,38,0.12597368421052632,0.20417358912412287
2025-05-19,Bogotá,E-commerce,Cuidado personal,5804328.94,4180418.0,274,55,55,0.14192727272727274,0.2797758288316445
2025-05-19,Bogotá,E-commerce,Hogar,9440558.61,6841719.5,329,51,51,0.10841372549019607,0.2752844632781746
2025-05-19,Bogotá,Marketplace,Alimentos,1943580.42,1825527.0,121,19,19,0.13657894736842105,0.060740177656245335
2025-05-19,Bogotá,Marketplace,Bebidas,777115.23,653877.0,97,15,15,0.13995333333333332,0.15858424239092572
2025-05-19,Bogotá,Marketplace,Cuidado personal,1427962.41,1077918.0,69,14,14,0.15152142857142858,0.24513559148941458
2025-05-19,Bogotá,Marketplace,Hogar,3786937.81,2959727.0,139,23,23,0.14908260869565218,0.21843791778561056
2025-05-19,Bogotá,Tienda,Alimentos,11509223.1,9672600.0,686,64,64,0.095109375,0.15957837327873153
2025-05-19,Bogotá,Tienda,Bebidas,4526585.12,3383100.0,537,49,49,0.07927142857142858,0.2526154020494814
2025-05-19,Bogotá,Tienda,Cuidado personal,8905067.91,5781600.0,396,48,48,0.10535416666666668,0.35075172267832827
2025-05-19,Bogotá,Tienda,Hogar,15855142.38,11024600.0,554,54,54,0.10693703703703704,0.30466723440423626
2025-05-19,Caribe,E-commerce,Alimentos,1641917.79,1458715.5,99,16,16,0.13830625,0.11157823559485279
2025-05-19,Caribe,E-commerce,Bebidas,837862.0599999999,704434.5,107,10,10,0.14317,0.15924764513146705
2025-05-19,Caribe,E-commerce,Cuidado personal,3262925.1,2227522.0,146,23,23,0.11661304347826087,0.31732358796712806
2025-05-19,Caribe,E-commerce,Hogar,2209868.11,1622049.0,78,10,10,0.12764,0.2659973721237146
2025-05-19,Caribe,Marketplace,Alimentos,909227.13,875046.0,58,10,10,0.17014,0.03759360986071764
2025-05-19,Caribe,Marketplace,Bebidas,272048.68,222453.0,33,4,4,0.1303,0.18230443169215155
2025-05-19,Caribe,Marketplace,Cuidado personal,1045359.12,781100.0,50,8,8,0.18645,0.2527926670788504
2025-05-19,Caribe,Marketplace,Hogar,1030320.66,809134.0,38,6,6,0.15656666666666666,0.21467749661547117
2025-05-19,Caribe,Tienda,Alimentos,5268333.79,4399200.0,312,30,30,0.09422333333333334,0.16497318215670614
2025-05-19,Caribe,Tienda,Bebidas,1678019.97,1272600.0,202,16,16,0.07555624999999999,0.24160616515189623
2025-05-19,Caribe,Tienda,Cuidado personal,2289907.0,1489200.0,102,15,15,0.11237333333333334,0.3496679122776602
2025-05-19,Caribe,Tienda,Hogar,7748911.06,5432700.0,273,30,30,0.10215666666666667,0.29890794229866924
2025-05-19,Eje Cafetero,E-commerce,Alimentos,2019451.34,1768140.0,120,17,17,0.14088823529411765,0.12444535553899509
2025-05-19,Eje Cafetero,E-commerce,Bebidas,485321.66,401593.5,61,11,11,0.15810000000000002,0.17252096269513292
2025-05-19,Eje Cafetero,E-commerce,Cuidado personal,1750857.0,1174789.0,77,13,13,0.10645384615384616,0.329020588203377
2025-05-19,Eje Cafetero,E-commerce,Hogar,2320618.26,1746822.0,84,12,12,0.12855833333333333,0.2472600814577749
2025-05-19,Eje Cafetero,Marketplace,Alimentos,159871.08,150870.0,10,2,2,0.18715,0.05630211542950725
2025-05-19,Eje Cafetero,Marketplace,Bebidas,123927.56,128079.0,19,4,4,0.292775,-0.03349892469439407
2025-05-19,Eje Cafetero,Marketplace,Cuidado personal,385992.06999999995,296818.0,19,4,4,0.17765,0.2310256529363413
2025-05-19,Eje Cafetero,Marketplace,Hogar,1056526.36,894306.0,42,8,8,0.2083625,0.15354123298920822
2025-05-19,Eje Cafetero,Tienda,Alimentos,3567261.6900000004,2989200.0,212,20,20,0.08839,0.16204633700422474
2025-05-19,Eje Cafetero,Tienda,Bebidas,1050541.85,787500.0,125,14,14,0.08799285714285714,0.25038683608844337
2025-05-19,Eje Cafetero,Tienda,Cuidado personal,3825731.19,2540400.0,174,15,15,0.1329,0.3359700737364143
2025-05-19,Eje Cafetero,Tienda,Hogar,1999367.3199999998,1412900.0,71,9,9,0.11516666666666667,0.29332645088947434
2025-05-19,Valle,E-commerce,Alimentos,3357155.0,2976369.0,202,27,27,0.10553333333333334,0.11342520675989044
2025-05-19,Valle,E-commerce,Bebidas,853229.01,664933.5,101,16,16,0.09315625,0.2206857804799675
2025-05-19,Valle,E-commerce,Cuidado personal,2414189.02,1785069.0,117,22,22,0.16868636363636363,0.26059269377341465
2025-05-19,Valle,E-commerce,Hogar,2639031.57,1933981.5,93,14,14,0.12737142857142855,0.2671624235249296
2025-05-19,Valle,Marketplace,Alimentos,2189615.81,2051832.0,136,15,15,0.16216666666666668,0.06292602079814177
2025-05-19,Valle,Marketplace,Bebidas,329964.63,276381.0,41,8,8,0.13455,0.16239204183793882
2025-05-19,Valle,Marketplace,Cuidado personal,1343166.37,984186.0,63,10,10,0.17401,0.2672642630264783
2025-05-19,Valle,Marketplace,Hogar,1612712.8,1234994.0,58,7,7,0.13271428571428573,0.23421330816001462
2025-05-19,Valle,Tienda,Alimentos,12720818.16,10814700.0,767,45,45,0.10127333333333333,0.14984241862631892
2025-05-19,Valle,Tienda,Bebidas,2009914.04,1505700.0,239,26,26,0.08130384615384616,0.25086348468912634
2025-05-19,Valle,Tienda,Cuidado personal,8533589.88,5548000.0,380,27,27,0.10922592592592593,0.3498632957505102
2025-05-19,Valle,Tienda,Hogar,8488755.91,5890400.0,296,31,31,0.0977967741935484,0.30609384196558903
2025-05-26,Antioquia,E-commerce,Alimentos,2380639.57,2077564.5,141,22,22,0.11014090909090908,0.12730825523495767
2025-05-26,Antioquia,E-commerce,Bebidas,543598.64,434511.0,66,12,12,0.119425,0.20067680816861502
2025-05-26,Antioquia,E-commerce,Cuidado personal,2835272.15,1968153.0,129,27,27,0.11795925925925925,0.3058327751711595
2025-05-26,Antioquia,E-commerce,Hogar,4556907.64,3452053.0,166,28,28,0.14375000000000002,0.2424571062844714
2025-05-26,Antioquia,Marketplace,Alimentos,762693.38,724176.0,48,9,9,0.15313333333333334,0.0505017888053519
2025-05-26,Antioquia,Marketplace,Bebidas,286070.27,242676.0,36,5,5,0.16799999999999998,0.1516909464237581
2025-05-26,Antioquia,Marketplace,Cuidado personal,2083969.39,1593444.0,102,17,17,0.19473529411764706,0.23538032389237729
2025-05-26,Antioquia,Marketplace,Hogar,1814861.3599999999,1447924.0,68,10,10,0.17365999999999998,0.20218478837413778
2025-05-26,Antioquia,Tienda,Alimentos,5595290.63,4568400.0,324,33,33,0.07199393939393939,0.18352766601508955
2025-05-26,Antioquia,Tienda,Bebidas,3373251.87,2589300.0,411,34,34,0.10409117647058823,0.2324024117416409
2025-05-26,Antioquia,Tienda,Cuidado personal,6460702.32,4102600.0,281,36,36,0.08759444444444445,0.36499163762740894
2025-05-26,Antioquia,Tienda,Hogar,4983250.19,3462600.0,174,20,20,0.10807,0.30515228656420323
2025-05-26,Bogotá,E-commerce,Alimentos,7883036.81,7102029.0,482,56,56,0.1213875,0.09907448472259507
2025-05-26,Bogotá,E-commerce,Bebidas,2009459.51,1619541.0,246,38,38,0.13023684210526315,0.19404148630991824
2025-05-26,Bogotá,E-commerce,Cuidado personal,6705858.05,4653385.0,305,63,63,0.1284920634920635,0.3060716517851134
2025-05-26,Bogotá,E-commerce,Hogar,7098752.08,5219670.5,251,40,40,0.11819249999999999,0.2647059030690927
2025-05-26,Bogotá,Marketplace,Alimentos,3008575.59,2776008.0,184,27,27,0.14930740740740742,0.07730156116835338
2025-05-26,Bogotá,Marketplace,Bebidas,565695.12,498834.0,74,15,15,0.17518666666666668,0.11819285271543441
2025-05-26,Bogotá,Marketplace,Cuidado personal,2013847.79,1515334.0,97,21,21,0.16226666666666667,0.24754293371893812
2025-05-26,Bogotá,Marketplace,Hogar,3368667.1999999997,2597746.0,122,19,19,0.13805263157894734,0.2288505079991279
2025-05-26,Bogotá,Tienda,Alimentos,13309698.48,11209500.0,795,71,71,0.0942507042253521,0.1577945949080584
2025-05-26,Bogotá,Tienda,Bebidas,3875825.16,2961000.0,470,43,43,0.10518372093023255,0.23603365018663539
2025-05-26,Bogotá,Tienda,Cuidado personal,7558116.99,4920200.0,337,46,46,0.11776086956521739,0.3490177505177781
2025-05-26,Bogotá,Tienda,Hogar,17591868.97,12178800.0,612,53,53,0.0985490566037736,0.3077028926961135
2025-05-26,Caribe,E-commerce,Alimentos,2350177.92,2077564.5,141,23,23,0.11938695652173914,0.1159969284368053
2025-05-26,Caribe,E-commerce,Bebidas,433625.04,342342.0,52,8,8,0.109,0.2105114593935811
2025-05-26,Caribe,E-commerce,Cuidado personal,1858066.69,1312102.0,86,11,11,0.17284545454545455,0.2938348192442974
2025-05-26,Caribe,E-commerce,Hogar,2577208.79,1850799.5,89,13,13,0.11361538461538462,0.28185892148846814
2025-05-26,Caribe,Marketplace,Alimentos,470478.78,422436.0,28,5,5,0.12940000000000002,0.10211465860373134
2025-05-26,Caribe,Marketplace,Bebidas,299244.52,262899.0,39,6,6,0.18130000000000002,0.12145759594862428
2025-05-26,Caribe,Marketplace,Cuidado personal,1265629.15,968564.0,62,13,13,0.18410769230769228,0.2347173735687108
2025-05-26,Caribe,Marketplace,Hogar,755260.76,596204.0,28,5,5,0.19166,0.21059846932865942
2025-05-26,Caribe,Tienda,Alimentos,4378870.88,3623700.0,257,25,25,0.077156,0.17245790083675633
2025-05-26,Caribe,Tienda,Bebidas,1587021.33,1209600.0,192,14,14,0.07822142857142857,0.2378174274444062
2025-05-26,Caribe,Tienda,Cuidado personal,3842083.38,2482000.0,170,22,22,0.0972090909090909,0.3539963206108244
2025-05-26,Caribe,Tienda,Hogar,10290636.03,7144100.0,359,32,32,0.090828125,0.3057669147783472
2025-05-26,Eje Cafetero,E-commerce,Alimentos,1065691.23,928273.5,63,8,8,0.097575,0.12894704031673412
2025-05-26,Eje Cafetero,E-commerce,Bebidas,402433.83999999997,309424.5,47,7,7,0.07485714285714286,0.231117094924224
2025-05-26,Eje Cafetero,E-commerce,Cuidado personal,2458298.19,1708784.0,112,18,18,0.12015555555555554,0.304891486740264
2025-05-26,Eje Cafetero,E-commerce,Hogar,2317406.92,1830004.0,88,14,14,0.17374285714285714,0.21032254447570214
2025-05-26,Eje Cafetero,Marketplace,Alimentos,502238.25,467697.0,31,7,7,0.13287142857142858,0.0687746303671614
2025-05-26,Eje Cafetero,Marketplace,Bebidas,249197.99,208971.0,31,5,5,0.14904,0.16142582048916201
2025-05-26,Eje Cafetero,Marketplace,Cuidado personal,845806.4299999999,624880.0,40,6,6,0.16688333333333336,0.2612021168957062
2025-05-26,Eje Cafetero,Marketplace,Hogar,1446461.73,1107236.0,52,8,8,0.1437875,0.2345210543524024
2025-05-26,Eje Cafetero,Tienda,Alimentos,2833010.49,2439300.0,173,14,14,0.1306,0.13897247870762391
2025-05-26,Eje Cafetero,Tienda,Bebidas,1513905.36,1209600.0,192,9,9,0.15385555555555555,0.2010068581829977
2025-05-26,Eje Cafetero,Tienda,Cuidado personal,1844229.32,1197200.0,82,11,11,0.09556363636363638,0.3508399486892444
2025-05-26,Eje Cafetero,Tienda,Hogar,3570287.15,2547200.0,128,13,13,0.11550769230769231,0.2865559847196044
2025-05-26,Valle,E-commerce,Alimentos,4560912.78,4051987.5,275,32,32,0.1207,0.11158408514885046
2025-05-26,Valle,E-commerce,Bebidas,449582.16,355509.0,54,10,10,0.10354999999999999,0.2092457583281329
2025-05-26,Valle,E-commerce,Cuidado personal,2269114.1,1586728.0,104,18,18,0.11845555555555556,0.30072798013991453
2025-05-26,Valle,E-commerce,Hogar,2891493.7600000002,2121141.0,102,14,14,0.11827857142857143,0.2664203432346332
2025-05-26,Valle,Marketplace,Alimentos,1852731.46,1795353.0,119,11,11,0.19777272727272727,0.030969658171616496
2025-05-26,Valle,Marketplace,Bebidas,234090.77000000002,202230.0,30,6,6,0.15218333333333334,0.13610434106393865
2025-05-26,Valle,Marketplace,Cuidado personal,553724.59,421794.0,27,7,7,0.17677142857142858,0.2382603055428692
2025-05-26,Valle,Marketplace,Hogar,1122520.08,915599.0,43,7,7,0.20485714285714288,0.18433619468081147
2025-05-26,Valle,Tienda,Alimentos,7186401.609999999,5922000.0,420,41,41,0.0793,0.17594363335338276
2025-05-26,Valle,Tienda,Bebidas,1247198.76,919800.0,146,17,17,0.08361176470588236,0.2625072847250105
2025-05-26,Valle,Tienda,Cuidado personal,6460332.94,4175600.0,286,33,33,0.10571212121212122,0.3536556027714572
2025-05-26,Valle,Tienda,Hogar,5853777.069999999,4039700.0,203,16,16,0.07945625,0.3098985575137387
2025-06-02,Antioquia,E-commerce,Alimentos,2420619.6,2121768.0,144,25,25,0.121896,0.12346078665148381
2025-06-02,Antioquia,E-commerce,Bebidas,730017.51,559597.5,85,15,15,0.08210666666666668,0.2334464689757921
2025-06-02,Antioquia,E-commerce,Cuidado personal,4012847.01,2776774.0,182,34,34,0.11874117647058824,0.3080289397825809
2025-06-02,Antioquia,E-commerce,Hogar,4035815.3000000003,3036143.0,146,23,23,0.1521478260869565,0.24770021066127584
2025-06-02,Antioquia,Marketplace,Alimentos,846436.02,814698.0,54,7,7,0.15355714285714286,0.03749606497133713
2025-06-02,Antioquia,Marketplace,Bebidas,334455.17,303345.0,45,11,11,0.20317272727272728,0.09301745881219294
2025-06-02,Antioquia,Marketplace,Cuidado personal,1373969.19,1015430.0,65,15,15,0.16582,0.2609514045944509
2025-06-02,Antioquia,Marketplace,Hogar,2027607.2,1746026.0,82,16,16,0.22340000000000002,0.13887364377084474
2025-06-02,Antioquia,Tienda,Alimentos,7421060.31,6034800.0,428,41,41,0.06406585365853659,0.18680084140159744
2025-06-02,Antioquia,Tienda,Bebidas,2873274.94,2173500.0,345,28,28,0.07773571428571428,0.2435461118802644
2025-06-02,Antioquia,Tienda,Cuidado personal,5106101.95,3226600.0,221,27,27,0.08114444444444445,0.36808938959787124
2025-06-02,Antioquia,Tienda,Hogar,11297161.52,7761000.0,390,40,40,0.09688250000000001,0.31301327450614336
2025-06-02,Bogotá,E-commerce,Alimentos,7510774.85,6586321.5,447,66,66,0.11000757575757576,0.12308361899571515
2025-06-02,Bogotá,E-commerce,Bebidas,1511078.91,1198197.0,182,31,31,0.10960967741935483,0.20705861747484777
2025-06-02,Bogotá,E-commerce,Cuidado personal,8257844.15,5767146.0,378,71,71,0.13068732394366198,0.3016160277134802
2025-06-02,Bogotá,E-commerce,Hogar,6931045.61,5302852.5,255,49,49,0.1425469387755102,0.2349130566462973
2025-06-02,Bogotá,Marketplace,Alimentos,2854144.18,2640225.0,175,26,26,0.1446769230769231,0.07495037619297851
2025-06-02,Bogotá,Marketplace,Bebidas,475581.48,397719.0,59,10,10,0.12890000000000001,0.16372058895144526
2025-06-02,Bogotá,Marketplace,Cuidado personal,1685627.27,1187272.0,76,13,13,0.1247,0.2956497434928186
2025-06-02,Bogotá,Marketplace,Hogar,2276694.29,1895077.0,89,17,17,0.19434705882352943,0.16761903066045816
2025-06-02,Bogotá,Tienda,Alimentos,15506975.51,12957900.0,919,72,72,0.07928472222222221,0.1643825069792736
2025-06-02,Bogotá,Tienda,Bebidas,4946574.12,3754800.0,596,51,51,0.08405686274509805,0.2409291948505161
2025-06-02,Bogotá,Tienda,Cuidado personal,6302698.97,4073400.0,279,35,35,0.10576285714285714,0.3537054491434802
2025-06-02,Bogotá,Tienda,Hogar,12822659.39,8835600.0,444,51,51,0.08712941176470589,0.3109385712225489
2025-06-02,Caribe,E-commerce,Alimentos,1574914.06,1429246.5,97,14,14,0.14077857142857145,0.09249238653695177
2025-06-02,Caribe,E-commerce,Bebidas,445193.94,355509.0,54,10,10,0.12445999999999999,0.2014513944192502
2025-06-02,Caribe,E-commerce,Cuidado personal,4015981.79,2776774.0,182,23,23,0.13226086956521738,0.30856907595689076
2025-06-02,Caribe,E-commerce,Hogar,3318289.06,2453869.0,118,20,20,0.121075,0.2605017357951329
2025-06-02,Caribe,Marketplace,Alimentos,1217777.8900000001,1131525.0,75,11,11,0.14830909090909092,0.07082809657514813
2025-06-02,Caribe,Marketplace,Bebidas,261467.22,235935.0,35,9,9,0.17628888888888888,0.09764979334694422
2025-06-02,Caribe,Marketplace,Cuidado personal,207519.08000000002,156220.0,10,3,3,0.17983333333333332,0.24720175127993055
2025-06-02,Caribe,Marketplace,Hogar,713664.86,617497.0,29,4,4,0.23135,0.13475213001239825
2025-06-02,Caribe,Tienda,Alimentos,6205529.4,5160600.0,366,26,26,0.07624615384615384,0.1683868261102752
2025-06-02,Caribe,Tienda,Bebidas,552036.17,403200.0,64,11,11,0.07153636363636363,0.26961307625911546
2025-06-02,Caribe,Tienda,Cuidado personal,5627365.11,3766800.0,258,20,20,0.10937999999999999,0.3306281134475741
2025-06-02,Caribe,Tienda,Hogar,5768150.37,3940200.0,198,22,22,0.08791818181818181,0.31690407717300895
2025-06-02,Eje Cafetero,E-commerce,Alimentos,989035.27,869335.5,59,12,12,0.11925833333333334,0.12102679614246721
2025-06-02,Eje Cafetero,E-commerce,Bebidas,296916.15,237006.0,36,4,4,0.117825,0.2017746424369305
2025-06-02,Eje Cafetero,E-commerce,Cuidado personal,804841.52,579766.0,38,10,10,0.13874,0.27965197421723476
2025-06-02,Eje Cafetero,E-commerce,Hogar,2292108.63,1726026.5,83,13,13,0.14125384615384615,0.24697002689615105
2025-06-02,Eje Cafetero,Marketplace,Alimentos,574521.55,573306.0,38,9,9,0.1739,0.002115760496712519
2025-06-02,Eje Cafetero,Marketplace,Bebidas,381555.4,323568.0,48,6,6,0.14361666666666667,0.15197635782379182
2025-06-02,Eje Cafetero,Marketplace,Cuidado personal,1001230.48,812344.0,52,11,11,0.24959090909090909,0.18865434460205405
2025-06-02,Eje Cafetero,Marketplace,Hogar,468523.31,383274.0,18,4,4,0.2046,0.18195318819889666
2025-06-02,Eje Cafetero,Tienda,Alimentos,3083236.65,2608500.0,185,17,17,0.09904117647058823,0.1539734713519314
2025-06-02,Eje Cafetero,Tienda,Bebidas,1286436.34,976500.0,155,11,11,0.05539090909090909,0.24092629410639943
2025-06-02,Eje Cafetero,Tienda,Cuidado personal,3512727.2600000002,2306800.0,158,13,13,0.10405384615384615,0.3433022750533727
2025-06-02,Eje Cafetero,Tienda,Hogar,3671842.44,2567100.0,129,14,14,0.11814285714285713,0.30086869413710465
2025-06-02,Valle,E-commerce,Alimentos,2152785.73,1871281.5,127,20,20,0.09442,0.13076277219656227
2025-06-02,Valle,E-commerce,Bebidas,558433.49,454261.5,69,11,11,0.1426272727272727,0.18654323543525297
2025-06-02,Valle,E-commerce,Cuidado personal,2889629.56,2013924.0,132,22,22,0.13465454545454547,0.30305114957364987
2025-06-02,Valle,E-commerce,Hogar,3300631.89,2391482.5,115,21,21,0.10670476190476191,0.2754470720453471
2025-06-02,Valle,Marketplace,Alimentos,821470.31,769437.0,51,7,7,0.1421714285714286,0.06334168060194416
2025-06-02,Valle,Marketplace,Bebidas,306637.94,296604.0,44,8,8,0.21982500000000002,0.03272243480372977
2025-06-02,Valle,Marketplace,Cuidado personal,1029964.38,859210.0,55,10,10,0.23569,0.16578668477836098
2025-06-02,Valle,Marketplace,Hogar,1174833.7,1000771.0,47,8,8,0.23302499999999998,0.14815943737398746
2025-06-02,Valle,Tienda,Alimentos,8176320.67,6782100.0,481,41,41,0.08197317073170732,0.1705193235773616
2025-06-02,Valle,Tienda,Bebidas,2024622.47,1505700.0,239,22,22,0.06890454545454545,0.2563057941365236
2025-06-02,Valle,Tienda,Cuidado personal,6321359.6899999995,4277800.0,293,23,23,0.13064347826086956,0.32327850181232126
2025-06-02,Valle,Tienda,Hogar,8667827.09,5910300.0,297,29,29,0.060837931034482755,0.31813360619310643
2025-06-09,Antioquia,E-commerce,Alimentos,3421713.06,2961634.5,201,28,28,0.10128214285714286,0.1344585451592484
2025-06-09,Antioquia,E-commerce,Bebidas,888168.55,724185.0,110,17,17,0.1376058823529412,0.18463111534404145
2025-06-09,Antioquia,E-commerce,Cuidado personal,4002034.52,2944601.0,193,38,38,0.14895263157894736,0.2642239877531091
2025-06-09,Antioquia,E-commerce,Hogar,3959756.62,2973756.5,143,24,24,0.13507916666666667,0.24900523305394465
2025-06-09,Antioquia,Marketplace,Alimentos,1896295.39,1750092.0,116,18,18,0.12532222222222222,0.07709948079344321
2025-06-09,Antioquia,Marketplace,Bebidas,296361.01,256158.0,38,7,7,0.18152857142857143,0.13565553039517583
2025-06-09,Antioquia,Marketplace,Cuidado personal,1727007.36,1327870.0,85,15,15,0.18649333333333334,0.23111503126425592
2025-06-09,Antioquia,Marketplace,Hogar,2038458.69,1703440.0,80,13,13,0.18927692307692306,0.16434902097525458
2025-06-09,Antioquia,Tienda,Alimentos,7781203.12,6387300.0,453,43,43,0.07704883720930232,0.17913722319074998
2025-06-09,Antioquia,Tienda,Bebidas,2673258.47,2034900.0,323,31,31,0.10175483870967741,0.23879414473528263
2025-06-09,Antioquia,Tienda,Cuidado personal,7434053.53,4861800.0,333,34,34,0.10292058823529411,0.34600955180369813
2025-06-09,Antioquia,Tienda,Hogar,9213381.98,6268500.0,315,36,36,0.07436111111111111,0.31963094403256254
2025-06-09,Bogotá,E-commerce,Alimentos,4928312.37,4302474.0,292,52,52,0.10690192307692309,0.12698837310103378
2025-06-09,Bogotá,E-commerce,Bebidas,1385290.42,1125778.5,171,29,29,0.12995172413793105,0.18733394546971596
2025-06-09,Bogotá,E-commerce,Cuidado personal,7343546.04,5202637.0,341,60,60,0.14569833333333332,0.2915361364031157
2025-06-09,Bogotá,E-commerce,Hogar,6271905.42,4907738.0,236,35,35,0.15982285714285713,0.21750446294198103
2025-06-09,Bogotá,Marketplace,Alimentos,3300225.2,3123009.0,207,30,30,0.17413666666666666,0.0536982142915581
2025-06-09,Bogotá,Marketplace,Bebidas,1269946.3399999999,1092042.0,162,17,17,0.13103529411764706,0.14008807647730995
2025-06-09,Bogotá,Marketplace,Cuidado personal,1962224.18,1499712.0,96,19,19,0.17006315789473686,0.23570812382915388
2025-06-09,Bogotá,Marketplace,Hogar,2914215.76,2533867.0,119,21,21,0.23366666666666666,0.1305149622826828
2025-06-09,Bogotá,Tienda,Alimentos,16196992.64,13719300.0,973,63,63,0.0874111111111111,0.15297238784199388
2025-06-09,Bogotá,Tienda,Bebidas,3153542.12,2362500.0,375,44,44,0.09791136363636364,0.2508424146242258
2025-06-09,Bogotá,Tienda,Cuidado personal,11288618.75,7373000.0,505,57,57,0.10141052631578948,0.3468642919666323
2025-06-09,Bogotá,Tienda,Hogar,19177725.05,13492200.0,678,60,60,0.10508333333333333,0.2964650413527542
2025-06-09,Caribe,E-commerce,Alimentos,3014434.3,2608006.5,177,21,21,0.0971952380952381,0.13482722114726461
2025-06-09,Caribe,E-commerce,Bebidas,329395.11,283090.5,43,9,9,0.1543,0.14057467337629873
2025-06-09,Caribe,E-commerce,Cuidado personal,1703705.93,1205303.0,79,13,13,0.14464615384615384,0.29254046794331456
2025-06-09,Caribe,E-commerce,Hogar,3295122.39,2453869.0,118,16,16,0.1401375,0.25530262322062036
2025-06-09,Caribe,Marketplace,Alimentos,1025112.72,950481.0,63,8,8,0.14965,0.07280342790010447
2025-06-09,Caribe,Marketplace,Bebidas,180088.35,148302.0,22,4,4,0.115525,0.17650419918889815
2025-06-09,Caribe,Marketplace,Cuidado personal,537323.19,421794.0,27,7,7,0.19297142857142857,0.2150087547868536
2025-06-09,Caribe,Marketplace,Hogar,628255.22,489739.0,23,5,5,0.15954,0.2204776269109232
2025-06-09,Caribe,Tienda,Alimentos,4234178.399999999,3525000.0,250,22,22,0.09282272727272728,0.1674890221914125
2025-06-09,Caribe,Tienda,Bebidas,1670794.89,1234800.0,196,20,20,0.06217,0.26095057664438986
2025-06-09,Caribe,Tienda,Cuidado personal,2213071.8,1430800.0,98,12,12,0.12245833333333334,0.3534778220932551
2025-06-09,Caribe,Tienda,Hogar,6407197.93,4437700.0,223,26,26,0.1002,0.30738833910192626
2025-06-09,Eje Cafetero,E-commerce,Alimentos,1108304.06,1001946.0,68,12,12,0.15798333333333334,0.09596469402088093
2025-06-09,Eje Cafetero,E-commerce,Bebidas,230032.66999999998,177754.5,27,4,4,0.10495,0.22726410991969093
2025-06-09,Eje Cafetero,E-commerce,Cuidado personal,3137934.29,2166494.0,142,21,21,0.12113809523809523,0.30957955145708294
2025-06-09,Eje Cafetero,E-commerce,Hogar,287043.28,249546.0,12,4,4,0.22205,0.13063284393907437
2025-06-09,Eje Cafetero,Marketplace,Alimentos,475494.83999999997,452610.0,30,5,5,0.17622,0.04812847180423655
2025-06-09,Eje Cafetero,Marketplace,Bebidas,222267.26,195489.0,29,5,5,0.18195999999999998,0.12047775277384536
2025-06-09,Eje Cafetero,Marketplace,Cuidado personal,714862.42,562392.0,36,6,6,0.22973333333333334,0.2132863831336945
2025-06-09,Eje Cafetero,Marketplace,Hogar,900862.27,745255.0,35,6,6,0.18361666666666668,0.17273147647753082
2025-06-09,Eje Cafetero,Tienda,Alimentos,1758455.74,1438200.0,102,12,12,0.08986666666666666,0.18212328733391947
2025-06-09,Eje Cafetero,Tienda,Bebidas,1359418.91,1008000.0,160,16,16,0.07244375,0.2585067100471627
2025-06-09,Eje Cafetero,Tienda,Cuidado personal,2481610.52,1591400.0,109,12,12,0.11393333333333333,0.35872289903090837
2025-06-09,Eje Cafetero,Tienda,Hogar,5326412.39,3761100.0,189,20,20,0.12066000000000002,0.2938774310713857
2025-06-09,Valle,E-commerce,Alimentos,2438693.72,2180706.0,148,24,24,0.12135416666666667,0.10578930756421523
2025-06-09,Valle,E-commerce,Bebidas,882970.21,691267.5,105,18,18,0.10233333333333333,0.2171111865710622
2025-06-09,Valle,E-commerce,Cuidado personal,3856462.21,2792031.0,183,33,33,0.1599969696969697,0.27601235330139534
2025-06-09,Valle,E-commerce,Hogar,2192307.98,1622049.0,78,12,12,0.13154166666666667,0.26011809709327427
2025-06-09,Valle,Marketplace,Alimentos,621018.58,588393.0,39,8,8,0.1526,0.052535594023611916
2025-06-09,Valle,Marketplace,Bebidas,398574.37,330309.0,49,8,8,0.124475,0.17127385787500585
2025-06-09,Valle,Marketplace,Cuidado personal,1702930.47,1343492.0,86,15,15,0.19972,0.21107054946289144
2025-06-09,Valle,Marketplace,Hogar,954569.6100000001,830427.0,39,6,6,0.2289,0.1300508718269379
2025-06-09,Valle,Tienda,Alimentos,8215674.01,6951300.0,493,47,47,0.09969148936170213,0.15389778227093992
2025-06-09,Valle,Tienda,Bebidas,1721919.19,1310400.0,208,14,14,0.08222142857142857,0.23898867751163164
2025-06-09,Valle,Tienda,Cuidado personal,7526047.03,4949400.0,339,34,34,0.10414117647058824,0.34236392886319766
2025-06-09,Valle,Tienda,Hogar,5400172.71,3741200.0,188,22,22,0.11143636363636364,0.30720734300366476
2025-06-16,Antioquia,E-commerce,Alimentos,3449213.98,3094245.0,210,38,38,0.13664736842105263,0.1029130062844057
2025-06-16,Antioquia,E-commerce,Bebidas,905650.29,750519.0,114,18,18,0.15324444444444443,0.17129270725458504
2025-06-16,Antioquia,E-commerce,Cuidado personal,4457505.15,3142942.0,206,36,36,0.140275,0.294910068696163
2025-06-16,Antioquia,E-commerce,Hogar,4763533.92,3556030.5,171,30,30,0.14551999999999998,0.25348899373429884
2025-06-16,Antioquia,Marketplace,Alimentos,324163.69,316827.0,21,5,5,0.20017999999999997,0.022632670549869425
2025-06-16,Antioquia,Marketplace,Bebidas,222697.21,188748.0,28,6,6,0.17486666666666664,0.15244560091255743
2025-06-16,Antioquia,Marketplace,Cuidado personal,2194778.9,1671554.0,107,20,20,0.18336000000000002,0.23839526614730985
2025-06-16,Antioquia,Marketplace,Hogar,2675148.09,2044128.0,96,11,11,0.13312727272727273,0.23588230212705716
2025-06-16,Antioquia,Tienda,Alimentos,6598270.23,5456700.0,387,42,42,0.08891190476190476,0.17301053006433179
2025-06-16,Antioquia,Tienda,Bebidas,1344739.47,982800.0,156,17,17,0.060605882352941176,0.2691521131598822
2025-06-16,Antioquia,Tienda,Cuidado personal,6381660.87,4131800.0,283,25,25,0.097728,0.3525509919489031
2025-06-16,Antioquia,Tienda,Hogar,8405263.21,5711300.0,287,35,35,0.08226285714285714,0.3205090837363558
2025-06-16,Bogotá,E-commerce,Alimentos,6561324.69,5790658.5,393,69,69,0.11286086956521739,0.11745588374471991
2025-06-16,Bogotá,E-commerce,Bebidas,1734948.93,1369368.0,208,35,35,0.10911428571428572,0.21071567218984363
2025-06-16,Bogotá,E-commerce,Cuidado personal,5168011.68,3722708.0,244,52,52,0.1471096153846154,0.27966339271121765
2025-06-16,Bogotá,E-commerce,Hogar,8463746.45,6363423.0,306,48,48,0.12718541666666666,0.24815528943450327
2025-06-16,Bogotá,Marketplace,Alimentos,2539570.24,2368659.0,157,18,18,0.13548333333333332,0.06729927658941232
2025-06-16,Bogotá,Marketplace,Bebidas,654851.7,552762.0,82,15,15,0.14875333333333335,0.15589743448783894
2025-06-16,Bogotá,Marketplace,Cuidado personal,3080189.54,2343300.0,150,27,27,0.1885,0.23923512836810687
2025-06-16,Bogotá,Marketplace,Hogar,3463161.33,2725504.0,128,20,20,0.16014,0.21300114540144743
2025-06-16,Bogotá,Tienda,Alimentos,16963177.2,14283300.0,1013,76,76,0.08150657894736842,0.15798203180946546
2025-06-16,Bogotá,Tienda,Bebidas,4527371.85,3395700.0,539,49,49,0.07683061224489796,0.2499622048937729
2025-06-16,Bogotá,Tienda,Cuidado personal,8737572.81,5708600.0,391,47,47,0.11113617021276595,0.34666066605286466
2025-06-16,Bogotá,Tienda,Hogar,10128415.48,6945100.0,349,37,37,0.09547297297297297,0.314295507158638
2025-06-16,Caribe,E-commerce,Alimentos,1431873.97,1237698.0,84,15,15,0.10013999999999999,0.13560967939098717
2025-06-16,Caribe,E-commerce,Bebidas,612836.37,480595.5,73,12,12,0.11662499999999999,0.21578495741040957
2025-06-16,Caribe,E-commerce,Cuidado personal,2939315.63,2074952.0,136,16,16,0.13392500000000002,0.2940696879157547
2025-06-16,Caribe,E-commerce,Hogar,3837206.55,2828188.0,136,20,20,0.12848500000000002,0.2629565380054925
2025-06-16,Caribe,Marketplace,Alimentos,676553.36,603480.0,40,5,5,0.11132,0.10800827299120942
2025-06-16,Caribe,Marketplace,Bebidas,189189.51,182007.0,27,6,6,0.21661666666666668,0.037964631337118054
2025-06-16,Caribe,Marketplace,Cuidado personal,1190059.2,906076.0,58,10,10,0.17826999999999998,0.2386294732228447
2025-06-16,Caribe,Marketplace,Hogar,1219980.23,936892.0,44,6,6,0.12571666666666667,0.23204329302942883
2025-06-16,Caribe,Tienda,Alimentos,5119922.39,4230000.0,300,26,26,0.06789230769230768,0.17381560152906922
2025-06-16,Caribe,Tienda,Bebidas,1437335.55,1071000.0,170,16,16,0.0671125,0.2548712790134496
2025-06-16,Caribe,Tienda,Cuidado personal,2021904.71,1328600.0,91,10,10,0.0925,0.3428968272199138
2025-06-16,Caribe,Tienda,Hogar,3296826.42,2348200.0,118,13,13,0.1264,0.2877392677531382
2025-06-16,Eje Cafetero,E-commerce,Alimentos,1159278.56,1060884.0,72,13,13,0.1340923076923077,0.08487568337328696
2025-06-16,Eje Cafetero,E-commerce,Bebidas,221369.44,184338.0,28,5,5,0.10941999999999999,0.16728343352180863
2025-06-16,Eje Cafetero,E-commerce,Cuidado personal,2082486.53,1510443.0,99,20,20,0.15934500000000001,0.27469254747112337
2025-06-16,Eje Cafetero,E-commerce,Hogar,2209967.79,1663640.0,80,12,12,0.13517500000000002,0.24721074780913438
2025-06-16,Eje Cafetero,Marketplace,Alimentos,239471.15,241392.0,16,2,2,0.20475,-0.008021216751997082
2025-06-16,Eje Cafetero,Marketplace,Bebidas,254029.0,208971.0,31,6,6,0.12523333333333334,0.1773734494880506
2025-06-16,Eje Cafetero,Marketplace,Cuidado personal,292999.18,218708.0,14,3,3,0.18903333333333336,0.25355422496404256
2025-06-16,Eje Cafetero,Marketplace,Hogar,468539.94999999995,361981.0,17,2,2,0.149,0.22742767185594304
2025-06-16,Eje Cafetero,Tienda,Alimentos,2561080.5700000003,2199600.0,156,15,15,0.11888000000000001,0.14114377120123178
2025-06-16,Eje Cafetero,Tienda,Bebidas,1097990.12,825300.0,131,14,14,0.1119,0.24835389229185423
2025-06-16,Eje Cafetero,Tienda,Cuidado personal,1039687.09,686200.0,47,8,8,0.14151249999999999,0.33999372830531155
2025-06-16,Eje Cafetero,Tienda,Hogar,5196387.84,3562100.0,179,17,17,0.0729470588235294,0.31450459248245793
2025-06-16,Valle,E-commerce,Alimentos,1256962.71,1105087.5,75,16,16,0.12965625,0.12082714052829775
2025-06-16,Valle,E-commerce,Bebidas,704272.92,579348.0,88,15,15,0.14274666666666666,0.17738140492467044
2025-06-16,Valle,E-commerce,Cuidado personal,4175302.76,2868316.0,188,31,31,0.1254741935483871,0.31302802099074606
2025-06-16,Valle,E-commerce,Hogar,2286547.49,1746822.0,84,15,15,0.15885333333333335,0.23604385754524615
2025-06-16,Valle,Marketplace,Alimentos,874596.21,890133.0,59,10,10,0.22717,-0.01776452930204218
2025-06-16,Valle,Marketplace,Bebidas,344066.39,269640.0,40,6,6,0.07970000000000001,0.216314037532117
2025-06-16,Valle,Marketplace,Cuidado personal,1013618.02,781100.0,50,9,9,0.17466666666666664,0.2293941262015054
2025-06-16,Valle,Marketplace,Hogar,1874781.73,1575682.0,74,15,15,0.21825999999999998,0.15953842797475948
2025-06-16,Valle,Tienda,Alimentos,9779960.4,8178000.0,580,39,39,0.07230769230769231,0.16380029514229938
2025-06-16,Valle,Tienda,Bebidas,1522485.09,1140300.0,181,21,21,0.07845238095238095,0.25102714799000103
2025-06-16,Valle,Tienda,Cuidado personal,5238429.18,3314200.0,227,24,24,0.07589583333333333,0.3673294252686642
2025-06-16,Valle,Tienda,Hogar,10063376.42,7064500.0,355,36,36,0.10818611111111111,0.2979990308262761
2025-06-23,Antioquia,E-commerce,Alimentos,3514489.09,3035307.0,206,35,35,0.10038,0.13634473681066395
2025-06-23,Antioquia,E-commerce,Bebidas,780965.27,618849.0,94,16,16,0.09763125,0.2075844806773546
2025-06-23,Antioquia,E-commerce,Cuidado personal,4084703.37,2868316.0,188,28,28,0.13969642857142855,0.2977908699402082
2025-06-23,Antioquia,E-commerce,Hogar,3164120.36,2412278.0,116,20,20,0.130635,0.23761496860378595
2025-06-23,Antioquia,Marketplace,Alimentos,1462199.8599999999,1327656.0,88,11,11,0.12762727272727273,0.09201468532489114
2025-06-23,Antioquia,Marketplace,Bebidas,306532.18,269640.0,40,6,6,0.18383333333333332,0.12035336714076804
2025-06-23,Antioquia,Marketplace,Cuidado personal,1199760.35,968564.0,62,15,15,0.21661333333333335,0.19270210921706163
2025-06-23,Antioquia,Marketplace,Hogar,1133797.03,936892.0,44,8,8,0.191875,0.17366867683539444
2025-06-23,Antioquia,Tienda,Alimentos,7182894.61,6077100.0,431,34,34,0.09488529411764707,0.15394832724686186
2025-06-23,Antioquia,Tienda,Bebidas,2391915.55,1770300.0,281,25,25,0.07821600000000001,0.25988189675007545
2025-06-23,Antioquia,Tienda,Cuidado personal,8002229.06,5212200.0,357,39,39,0.09883589743589744,0.3486564854718117
2025-06-23,Antioquia,Tienda,Hogar,8648283.4,5890400.0,296,34,34,0.07453235294117647,0.3188937356053804
2025-06-23,Bogotá,E-commerce,Alimentos,7019354.99,6217959.0,422,59,59,0.11322881355932204,0.11416946302640268
2025-06-23,Bogotá,E-commerce,Bebidas,1582254.79,1283782.5,195,36,36,0.1250638888888889,0.18863731169364956
2025-06-23,Bogotá,E-commerce,Cuidado personal,8225305.47,5812917.0,381,68,68,0.1340014705882353,0.29328861752291857
2025-06-23,Bogotá,E-commerce,Hogar,8496888.31,6384218.5,307,45,45,0.13852888888888887,0.24864041198630282
2025-06-23,Bogotá,Marketplace,Alimentos,2220741.93,2127267.0,141,17,17,0.1494705882352941,0.042091757145324926
2025-06-23,Bogotá,Marketplace,Bebidas,572539.66,465129.0,69,13,13,0.11144615384615383,0.18760387708337975
2025-06-23,Bogotá,Marketplace,Cuidado personal,2878951.87,2280812.0,146,25,25,0.210472,0.20776306691087548
2025-06-23,Bogotá,Marketplace,Hogar,2893781.46,2427402.0,114,17,17,0.22553529411764706,0.161166095797711
2025-06-23,Bogotá,Tienda,Alimentos,14390250.5,11999100.0,851,76,76,0.08537368421052632,0.1661646195804583
2025-06-23,Bogotá,Tienda,Bebidas,4127727.32,3118500.0,495,35,35,0.08303428571428571,0.24449951311221785
2025-06-23,Bogotá,Tienda,Cuidado personal,9340079.52,6044400.0,414,47,47,0.09582340425531916,0.35285347549160906
2025-06-23,Bogotá,Tienda,Hogar,15432820.370000001,10626600.0,534,51,51,0.08691176470588236,0.311428517585992
2025-06-23,Caribe,E-commerce,Alimentos,1270806.08,1119822.0,76,11,11,0.11422727272727272,0.11880969282111088
2025-06-23,Caribe,E-commerce,Bebidas,414047.15,342342.0,52,9,9,0.14685555555555557,0.17318112200506638
2025-06-23,Caribe,E-commerce,Cuidado personal,1999005.69,1403644.0,92,19,19,0.12740526315789474,0.2978289121328114
2025-06-23,Caribe,E-commerce,Hogar,2788060.6,2058754.5,99,14,14,0.1365357142857143,0.2615818680555222
2025-06-23,Caribe,Marketplace,Alimentos,126386.31,120696.0,8,2,2,0.12525,0.045023151637230314
2025-06-23,Caribe,Marketplace,Bebidas,147482.66,121338.0,18,4,4,0.119725,0.17727277227031302
2025-06-23,Caribe,Marketplace,Cuidado personal,1101174.34,812344.0,52,8,8,0.144925,0.2622930171075364
2025-06-23,Caribe,Marketplace,Hogar,1094396.26,851720.0,40,6,6,0.13583333333333333,0.22174441641458095
2025-06-23,Caribe,Tienda,Alimentos,5300780.59,4399200.0,312,28,28,0.08948214285714286,0.17008449504603998
2025-06-23,Caribe,Tienda,Bebidas,2353874.29,1757700.0,279,27,27,0.07063333333333334,0.25327363170273637
2025-06-23,Caribe,Tienda,Cuidado personal,3286678.17,2102400.0,144,18,18,0.08925,0.360326782466809
2025-06-23,Caribe,Tienda,Hogar,6886315.72,4756100.0,239,25,25,0.103856,0.309340408807164
2025-06-23,Eje Cafetero,E-commerce,Alimentos,2424617.83,2224909.5,151,10,10,0.13533,0.08236693120416427
2025-06-23,Eje Cafetero,E-commerce,Bebidas,105267.54000000001,98752.5,15,4,4,0.234025,0.06189030350666509
2025-06-23,Eje Cafetero,E-commerce,Cuidado personal,2089975.85,1479929.0,97,17,17,0.1406705882352941,0.29189181779301426
2025-06-23,Eje Cafetero,E-commerce,Hogar,3960146.6799999997,2952961.0,142,10,10,0.11503999999999999,0.25433039768112825
2025-06-23,Eje Cafetero,Marketplace,Alimentos,463182.93,482784.0,32,3,3,0.2247,-0.0423182046022292
2025-06-23,Eje Cafetero,Marketplace,Bebidas,314143.37,256158.0,38,4,4,0.11257500000000001,0.18458250447876712
2025-06-23,Eje Cafetero,Marketplace,Cuidado personal,998599.46,796722.0,51,10,10,0.21599,0.20216059399831837
2025-06-23,Eje Cafetero,Marketplace,Hogar,1566128.89,1149822.0,54,7,7,0.09712857142857143,0.26581904762640574
2025-06-23,Eje Cafetero,Tienda,Alimentos,2051846.8399999999,1663800.0,118,14,14,0.06645,0.18912076302927167
2025-06-23,Eje Cafetero,Tienda,Bebidas,987785.45,749700.0,119,12,12,0.08375833333333334,0.24102951708794654
2025-06-23,Eje Cafetero,Tienda,Cuidado personal,2869118.2800000003,1868800.0,128,15,15,0.11716,0.34865006680728416
2025-06-23,Eje Cafetero,Tienda,Hogar,4452074.14,3024800.0,152,16,16,0.07788125,0.32058633686634874
2025-06-23,Valle,E-commerce,Alimentos,2937202.98,2549068.5,173,27,27,0.09751481481481482,0.13214424833519678
2025-06-23,Valle,E-commerce,Bebidas,925415.8200000001,724185.0,110,16,16,0.101575,0.21744908143022673
2025-06-23,Valle,E-commerce,Cuidado personal,2915367.9,2074952.0,136,26,26,0.13827307692307692,0.2882709588728064
2025-06-23,Valle,E-commerce,Hogar,4451045.99,3410462.0,164,25,25,0.152356,0.2337841469932779
2025-06-23,Valle,Marketplace,Alimentos,630538.7000000001,588393.0,39,7,7,0.16091428571428573,0.06684078233421686
2025-06-23,Valle,Marketplace,Bebidas,331460.02,289863.0,43,8,8,0.1874375,0.12549634191176365
2025-06-23,Valle,Marketplace,Cuidado personal,1407700.94,1093540.0,70,14,14,0.2084857142857143,0.2231730697004436
2025-06-23,Valle,Marketplace,Hogar,1929066.39,1511803.0,71,7,7,0.16901428571428573,0.2163032812986804
2025-06-23,Valle,Tienda,Alimentos,12933858.870000001,10913400.0,774,39,39,0.0714051282051282,0.1562146989779239
2025-06-23,Valle,Tienda,Bebidas,1651893.05,1247400.0,198,15,15,0.07614,0.24486636710530385
2025-06-23,Valle,Tienda,Cuidado personal,8945145.44,5840000.0,400,37,37,0.09462702702702702,0.3471319120329473
2025-06-23,Valle,Tienda,Hogar,6970309.88,4756100.0,239,29,29,0.09031724137931035,0.3176630477151756
2025-06-30,Antioquia,E-commerce,Alimentos,3076804.16,2740617.0,186,32,32,0.12274062499999999,0.10926504987564764
2025-06-30,Antioquia,E-commerce,Bebidas,1183203.63,980941.5,149,17,17,0.14811764705882352,0.17094448062164913
2025-06-30,Antioquia,E-commerce,Cuidado personal,3313386.67,2410606.0,158,32,32,0.152615625,0.27246462906787755
2025-06-30,Antioquia,E-commerce,Hogar,5095504.41,3888758.5,187,32,32,0.1509625,0.23682560408185382
2025-06-30,Antioquia,Marketplace,Alimentos,1493200.94,1418178.0,94,16,16,0.1609125,0.05024303025150784
2025-06-30,Antioquia,Marketplace,Bebidas,117748.31999999999,101115.0,15,4,4,0.1679,0.14126163328699717
2025-06-30,Antioquia,Marketplace,Cuidado personal,1013186.08,859210.0,55,14,14,0.22542857142857145,0.15197216290219853
2025-06-30,Antioquia,Marketplace,Hogar,1784449.3399999999,1469217.0,69,12,12,0.164525,0.17665524760708526
2025-06-30,Antioquia,Tienda,Alimentos,7492484.01,6302700.0,447,45,45,0.10538444444444445,0.15879700355877033
2025-06-30,Antioquia,Tienda,Bebidas,1961648.79,1442700.0,229,25,25,0.071528,0.26454724854187583
2025-06-30,Antioquia,Tienda,Cuidado personal,7383766.4,4847200.0,332,36,36,0.1134388888888889,0.3435328614946432
2025-06-30,Antioquia,Tienda,Hogar,8676033.76,5989900.0,301,33,33,0.09544242424242425,0.30960388517437026
2025-06-30,Bogotá,E-commerce,Alimentos,8170108.04,7175701.5,487,76,76,0.11440131578947368,0.12171277725233118
2025-06-30,Bogotá,E-commerce,Bebidas,1543292.48,1250865.0,190,34,34,0.1263764705882353,0.18948286458312813
2025-06-30,Bogotá,E-commerce,Cuidado personal,7385299.69,5172123.0,339,63,63,0.12653015873015874,0.29967324047753036
2025-06-30,Bogotá,E-commerce,Hogar,6376343.76,4970124.5,239,41,41,0.16566829268292682,0.22053692726252888
2025-06-30,Bogotá,Marketplace,Alimentos,1285003.31,1252221.0,83,14,14,0.17392857142857143,0.02551145957748549
2025-06-30,Bogotá,Marketplace,Bebidas,1033307.36,849366.0,126,19,19,0.12464736842105263,0.17801224216577727
2025-06-30,Bogotá,Marketplace,Cuidado personal,2161634.62,1749664.0,112,20,20,0.21393,0.19058291174111566
2025-06-30,Bogotá,Marketplace,Hogar,1604309.26,1320166.0,62,11,11,0.17236363636363636,0.17711252255690402
2025-06-30,Bogotá,Tienda,Alimentos,15509774.37,12859200.0,912,79,79,0.07890506329113925,0.170897029625841
2025-06-30,Bogotá,Tienda,Bebidas,5013339.9,3754800.0,596,47,47,0.0740191489361702,0.25103821506297636
2025-06-30,Bogotá,Tienda,Cuidado personal,8400112.66,5460400.0,374,42,42,0.10647857142857144,0.34996109921220986
2025-06-30,Bogotá,Tienda,Hogar,17742356.6,12377800.0,622,62,62,0.1094032258064516,0.30235874077742303
2025-06-30,Caribe,E-commerce,Alimentos,2161756.61,1886016.0,128,20,20,0.10596000000000001,0.12755395714969037
2025-06-30,Caribe,E-commerce,Bebidas,870418.37,678100.5,103,12,12,0.08906666666666667,0.22094877202557203
2025-06-30,Caribe,E-commerce,Cuidado personal,2551123.27,1830840.0,120,22,22,0.136,0.28233965738550926
2025-06-30,Caribe,E-commerce,Hogar,3029992.31,2162732.0,104,15,15,0.09674,0.2862252511789378
2025-06-30,Caribe,Marketplace,Alimentos,640114.59,648741.0,43,8,8,0.19161250000000002,-0.013476352726158035
2025-06-30,Caribe,Marketplace,Bebidas,239040.37,202230.0,30,4,4,0.136075,0.15399227335533322
2025-06-30,Caribe,Marketplace,Cuidado personal,394072.57999999996,296818.0,19,3,3,0.18353333333333333,0.24679357289969267
2025-06-30,Caribe,Marketplace,Hogar,820527.8500000001,745255.0,35,5,5,0.2524,0.09173710557173664
2025-06-30,Caribe,Tienda,Alimentos,4712072.04,3990300.0,283,19,19,0.07396315789473684,0.15317508600738627
2025-06-30,Caribe,Tienda,Bebidas,1827719.61,1373400.0,218,24,24,0.08702083333333333,0.2485718309932671
2025-06-30,Caribe,Tienda,Cuidado personal,2966356.4,1898000.0,130,14,14,0.09633571428571429,0.3601578016721119
2025-06-30,Caribe,Tienda,Hogar,6220615.92,4298400.0,216,21,21,0.09361904761904762,0.30900733057957386
2025-06-30,Eje Cafetero,E-commerce,Alimentos,838029.37,780928.5,53,11,11,0.14772727272727273,0.06813707495717006
2025-06-30,Eje Cafetero,E-commerce,Bebidas,337780.79,276507.0,42,8,8,0.1713625,0.1814010500715567
2025-06-30,Eje Cafetero,E-commerce,Cuidado personal,2119581.44,1418901.0,93,17,17,0.10281764705882353,0.3305749082233896
2025-06-30,Eje Cafetero,E-commerce,Hogar,1133054.83,852615.5,41,8,8,0.1371875,0.2475072896516403
2025-06-30,Eje Cafetero,Marketplace,Alimentos,1277166.97,1161699.0,77,3,3,0.08626666666666667,0.09040945523356275
2025-06-30,Eje Cafetero,Marketplace,Bebidas,325470.96,303345.0,45,8,8,0.2249125,0.06798136460469474
2025-06-30,Eje Cafetero,Marketplace,Cuidado personal,295834.26,234330.0,15,4,4,0.1891,0.20790107271551309
2025-06-30,Eje Cafetero,Marketplace,Hogar,855145.12,660083.0,31,3,3,0.14926666666666666,0.22810411407130524
2025-06-30,Eje Cafetero,Tienda,Alimentos,2843205.38,2340600.0,166,21,21,0.08415714285714285,0.17677420827052595
2025-06-30,Eje Cafetero,Tienda,Bebidas,619713.54,453600.0,72,9,9,0.07992222222222221,0.2680489117601013
2025-06-30,Eje Cafetero,Tienda,Cuidado personal,1951986.31,1270200.0,87,12,12,0.11411666666666666,0.34927822316540735
2025-06-30,Eje Cafetero,Tienda,Hogar,6623976.02,4656600.0,234,20,20,0.09827,0.2970083246164891
2025-06-30,Valle,E-commerce,Alimentos,3564552.75,3079510.5,209,30,30,0.09982333333333333,0.13607380336845906
2025-06-30,Valle,E-commerce,Bebidas,248510.88,204088.5,31,7,7,0.15271428571428572,0.17875426621160412
2025-06-30,Valle,E-commerce,Cuidado personal,3494015.63,2456377.0,161,27,27,0.13506666666666667,0.29697595542811006
2025-06-30,Valle,E-commerce,Hogar,5881292.48,4325464.0,208,21,21,0.0998904761904762,0.2645385321833204
2025-06-30,Valle,Marketplace,Alimentos,1209434.13,1161699.0,77,15,15,0.16892,0.03946897876943484
2025-06-30,Valle,Marketplace,Bebidas,273144.54,262899.0,39,7,7,0.24187142857142854,0.03750959107584571
2025-06-30,Valle,Marketplace,Cuidado personal,1401557.3599999999,1077918.0,69,11,11,0.19044545454545456,0.2309141025808604
2025-06-30,Valle,Marketplace,Hogar,2127433.0300000003,1724733.0,81,11,11,0.1835181818181818,0.18928916883461203
2025-06-30,Valle,Tienda,Alimentos,6791129.06,5625900.0,399,34,34,0.06977058823529411,0.17158105076565863
2025-06-30,Valle,Tienda,Bebidas,3318450.74,2576700.0,409,22,22,0.10935,0.2235232034813933
2025-06-30,Valle,Tienda,Cuidado personal,7207683.55,4642800.0,318,28,28,0.08849285714285715,0.3558540732549225
2025-06-30,Valle,Tienda,Hogar,7051122.98,4935200.0,248,22,22,0.07387272727272727,0.3000831195260191
2025-07-07,Antioquia,E-commerce,Alimentos,2158158.01,2003892.0,136,22,22,0.15560454545454544,0.07148040564462645
2025-07-07,Antioquia,E-commerce,Bebidas,738429.51,572764.5,87,13,13,0.10362307692307691,0.22434776475820964
2025-07-07,Antioquia,E-commerce,Cuidado personal,3612392.13,2486891.0,163,31,31,0.11823548387096774,0.3115667096750097
2025-07-07,Antioquia,E-commerce,Hogar,4895230.04,3722394.5,179,24,24,0.14603750000000001,0.2395874209008572
2025-07-07,Antioquia,Marketplace,Alimentos,909604.63,890133.0,59,11,11,0.17781818181818182,0.021406696225809672
2025-07-07,Antioquia,Marketplace,Bebidas,659633.13,546021.0,81,12,12,0.12253333333333333,0.17223533026608293
2025-07-07,Antioquia,Marketplace,Cuidado personal,2082186.73,1577822.0,101,16,16,0.1734125,0.24222838553965811
2025-07-07,Antioquia,Marketplace,Hogar,974328.1799999999,787841.0,37,9,9,0.17477777777777778,0.19140078653991097
2025-07-07,Antioquia,Tienda,Alimentos,7768841.96,6486000.0,460,35,35,0.07612571428571428,0.1651265357958189
2025-07-07,Antioquia,Tienda,Bebidas,2821937.58,2142000.0,340,28,28,0.09826785714285714,0.2409470658808832
2025-07-07,Antioquia,Tienda,Cuidado personal,5829216.98,3825200.0,262,27,27,0.10400370370370371,0.34378836589472783
2025-07-07,Antioquia,Tienda,Hogar,6973920.78,4855600.0,244,31,31,0.10547741935483872,0.3037489020630946
2025-07-07,Bogotá,E-commerce,Alimentos,4277133.4,3786766.5,257,48,48,0.11497291666666666,0.11464849331096391
2025-07-07,Bogotá,E-commerce,Bebidas,1667861.08,1408869.0,214,40,40,0.16386499999999998,0.155283964057726
2025-07-07,Bogotá,E-commerce,Cuidado personal,6067732.25,4317731.0,283,59,59,0.1397084745762712,0.2884110863659154
2025-07-07,Bogotá,E-commerce,Hogar,8114251.66,5989104.0,288,48,48,0.12175208333333333,0.26190309951515606
2025-07-07,Bogotá,Marketplace,Alimentos,1914165.54,1795353.0,119,23,23,0.15239130434782608,0.06207014885452385
2025-07-07,Bogotá,Marketplace,Bebidas,1325619.21,1125747.0,167,16,16,0.12160625,0.15077648882291014
2025-07-07,Bogotá,Marketplace,Cuidado personal,3175857.38,2374544.0,152,27,27,0.1591074074074074,0.252314031809577
2025-07-07,Bogotá,Marketplace,Hogar,3566678.58,2853262.0,134,24,24,0.1665375,0.20002267207380375
2025-07-07,Bogotá,Tienda,Alimentos,16703088.85,14085900.0,999,70,70,0.08094714285714286,0.15668891385918718
2025-07-07,Bogotá,Tienda,Bebidas,3888756.24,2910600.0,462,39,39,0.06728461538461539,0.2515344700546209
2025-07-07,Bogotá,Tienda,Cuidado personal,8655321.9,5679400.0,389,39,39,0.10406666666666667,0.3438256756227634
2025-07-07,Bogotá,Tienda,Hogar,12938950.0,8994800.0,452,50,50,0.10632200000000001,0.3048276714880265
2025-07-07,Caribe,E-commerce,Alimentos,1437449.37,1311370.5,89,14,14,0.16364285714285715,0.08771012922702112
2025-07-07,Caribe,E-commerce,Bebidas,287811.67,230422.5,35,6,6,0.11745,0.19939834267317927
2025-07-07,Caribe,E-commerce,Cuidado personal,1884357.1199999999,1388387.0,91,18,18,0.16045555555555555,0.26320388780657455
2025-07-07,Caribe,E-commerce,Hogar,1738294.96,1310116.5,63,10,10,0.14764,0.24632094659009998
2025-07-07,Caribe,Marketplace,Alimentos,722068.04,799611.0,53,8,8,0.2476625,-0.10739010135388344
2025-07-07,Caribe,Marketplace,Bebidas,105318.72,101115.0,15,2,2,0.19405,0.039914271650851825
2025-07-07,Caribe,Marketplace,Cuidado personal,802331.91,593636.0,38,5,5,0.14352,0.2601116911827675
2025-07-07,Caribe,Marketplace,Hogar,608222.4600000001,511032.0,24,4,4,0.205375,0.15979426343446781
2025-07-07,Caribe,Tienda,Alimentos,4828055.97,3990300.0,283,30,30,0.08562666666666667,0.17351828048505408
2025-07-07,Caribe,Tienda,Bebidas,1226402.47,919800.0,146,14,14,0.09642857142857143,0.25000151051554875
2025-07-07,Caribe,Tienda,Cuidado personal,5013255.34,3299600.0,226,24,24,0.11615833333333332,0.3418248670334035
2025-07-07,Caribe,Tienda,Hogar,3987928.31,2766100.0,139,15,15,0.11502666666666667,0.30638171376756773
2025-07-07,Eje Cafetero,E-commerce,Alimentos,1575673.42,1429246.5,97,10,10,0.12757000000000002,0.09292973920953743
2025-07-07,Eje Cafetero,E-commerce,Bebidas,310739.74,237006.0,36,6,6,0.08518333333333333,0.237284552017711
2025-07-07,Eje Cafetero,E-commerce,Cuidado personal,971284.24,732336.0,48,10,10,0.17260999999999999,0.24601268110764363
2025-07-07,Eje Cafetero,E-commerce,Hogar,1792144.19,1434889.5,69,11,11,0.19360909090909093,0.19934483619869892
2025-07-07,Eje Cafetero,Marketplace,Alimentos,667500.76,588393.0,39,5,5,0.08218,0.1185133631907775
2025-07-07,Eje Cafetero,Marketplace,Bebidas,584546.52,485352.0,72,12,12,0.13995,0.16969482599947736
2025-07-07,Eje Cafetero,Marketplace,Cuidado personal,791771.27,593636.0,38,7,7,0.18805714285714287,0.25024306577832767
2025-07-07,Eje Cafetero,Marketplace,Hogar,493328.10000000003,425860.0,20,4,4,0.207275,0.13676111293883325
2025-07-07,Eje Cafetero,Tienda,Alimentos,3456562.15,2876400.0,204,12,12,0.072,0.1678436911658018
2025-07-07,Eje Cafetero,Tienda,Bebidas,855455.75,630000.0,100,15,15,0.09380000000000001,0.26355045249272097
2025-07-07,Eje Cafetero,Tienda,Cuidado personal,1778327.24,1109600.0,76,10,10,0.07669000000000001,0.3760428479968625
2025-07-07,Eje Cafetero,Tienda,Hogar,5878139.85,4079500.0,205,24,24,0.10982916666666666,0.30598793085877324
2025-07-07,Valle,E-commerce,Alimentos,1836780.69,1591326.0,108,20,20,0.104805,0.1336330958488027
2025-07-07,Valle,E-commerce,Bebidas,622271.98,506929.5,77,13,13,0.14051538461538463,0.1853570202534268
2025-07-07,Valle,E-commerce,Cuidado personal,2491777.75,1708784.0,112,20,20,0.128345,0.3142309742512148
2025-07-07,Valle,E-commerce,Hogar,2876596.23,2162732.0,104,18,18,0.13267777777777778,0.24816281915241195
2025-07-07,Valle,Marketplace,Alimentos,1174359.49,1101351.0,73,5,5,0.14665999999999998,0.062168774231134274
2025-07-07,Valle,Marketplace,Bebidas,637994.16,525798.0,78,11,11,0.11363636363636363,0.17585765988829746
2025-07-07,Valle,Marketplace,Cuidado personal,748634.42,593636.0,38,10,10,0.20956999999999998,0.20704153570710793
2025-07-07,Valle,Marketplace,Hogar,1517037.54,1277580.0,60,11,11,0.21485454545454544,0.15784549405415507
2025-07-07,Valle,Tienda,Alimentos,9026535.27,7571700.0,537,45,45,0.0916711111111111,0.1611731662795574
2025-07-07,Valle,Tienda,Bebidas,2691930.3,2060100.0,327,23,23,0.1048304347826087,0.23471272640305726
2025-07-07,Valle,Tienda,Cuidado personal,6835713.75,4409200.0,302,29,29,0.09978275862068965,0.35497591601169665
2025-07-07,Valle,Tienda,Hogar,6875110.36,4676500.0,235,25,25,0.080648,0.31979273711615014
2025-07-14,Antioquia,E-commerce,Alimentos,2666781.5,2342785.5,159,28,28,0.11267142857142856,0.1214932681961383
2025-07-14,Antioquia,E-commerce,Bebidas,628908.1799999999,500346.0,76,16,16,0.10335625,0.2044212240966558
2025-07-14,Antioquia,E-commerce,Cuidado personal,3066094.29,2151237.0,141,27,27,0.12302222222222223,0.29837872011431193
2025-07-14,Antioquia,E-commerce,Hogar,4317591.77,3181711.5,153,20,20,0.12748500000000001,0.26308190549473826
2025-07-14,Antioquia,Marketplace,Alimentos,623411.78,603480.0,40,7,7,0.1705,0.03197209395048651
2025-07-14,Antioquia,Marketplace,Bebidas,122374.38,107856.0,16,3,3,0.1790333333333333,0.11863904846749788
2025-07-14,Antioquia,Marketplace,Cuidado personal,2769810.15,2108970.0,135,15,15,0.18724666666666667,0.23858680350348196
2025-07-14,Antioquia,Marketplace,Hogar,1084060.74,873013.0,41,9,9,0.1583,0.19468257839500763
2025-07-14,Antioquia,Tienda,Alimentos,5594585.29,4624800.0,328,35,35,0.09080285714285714,0.17334355269074825
2025-07-14,Antioquia,Tienda,Bebidas,2021189.75,1524600.0,242,28,28,0.09392500000000001,0.24569180107904268
2025-07-14,Antioquia,Tienda,Cuidado personal,4675683.11,2978400.0,204,27,27,0.08982962962962962,0.3630021688959157
2025-07-14,Antioquia,Tienda,Hogar,7018396.06,4855600.0,244,31,31,0.10106129032258064,0.3081610159230597
2025-07-14,Bogotá,E-commerce,Alimentos,7464061.11,6542118.0,444,56,56,0.1086,0.12351762618406541
2025-07-14,Bogotá,E-commerce,Bebidas,1875823.52,1520788.5,231,31,31,0.12084193548387097,0.18926888175493184
2025-07-14,Bogotá,E-commerce,Cuidado personal,6367399.04,4485558.0,294,51,51,0.1430392156862745,0.2955431296481145
2025-07-14,Bogotá,E-commerce,Hogar,8397423.33,6176263.5,297,48,48,0.12280416666666666,0.2645049252268672
2025-07-14,Bogotá,Marketplace,Alimentos,2050684.81,1946223.0,129,23,23,0.14591304347826087,0.05093996380652961
2025-07-14,Bogotá,Marketplace,Bebidas,222804.81,195489.0,29,8,8,0.1769875,0.12259973202553391
2025-07-14,Bogotá,Marketplace,Cuidado personal,810359.45,609258.0,39,9,9,0.17532222222222224,0.24816326878152647
2025-07-14,Bogotá,Marketplace,Hogar,2197690.74,1831198.0,86,14,14,0.22255,0.16676265378449026
2025-07-14,Bogotá,Tienda,Alimentos,12935841.78,10687800.0,758,77,77,0.07974285714285714,0.1737839576451591
2025-07-14,Bogotá,Tienda,Bebidas,4920231.84,3717000.0,590,47,47,0.08752127659574468,0.24454779350397438
2025-07-14,Bogotá,Tienda,Cuidado personal,10166250.89,6716000.0,460,45,45,0.11267555555555556,0.33938281942203774
2025-07-14,Bogotá,Tienda,Hogar,15515616.74,10726100.0,539,59,59,0.09383220338983052,0.30869006500092244
2025-07-14,Caribe,E-commerce,Alimentos,909621.05,825132.0,56,10,10,0.13616,0.09288378935381943
2025-07-14,Caribe,E-commerce,Bebidas,321668.11,289674.0,44,10,10,0.21227999999999997,0.09946310810854078
2025-07-14,Caribe,E-commerce,Cuidado personal,1654030.64,1174789.0,77,13,13,0.14966153846153846,0.28974169426510743
2025-07-14,Caribe,E-commerce,Hogar,3399561.54,2516255.5,121,16,16,0.13665625,0.25982940141157146
2025-07-14,Caribe,Marketplace,Alimentos,736151.95,648741.0,43,7,7,0.09075714285714286,0.11874036331765468
2025-07-14,Caribe,Marketplace,Bebidas,143799.89,121338.0,18,4,4,0.1325,0.15620241434120716
2025-07-14,Caribe,Marketplace,Cuidado personal,866236.11,671746.0,43,8,8,0.2184375,0.22452320765062542
2025-07-14,Caribe,Marketplace,Hogar,1242551.83,1022064.0,48,8,8,0.20705,0.17744759186423642
2025-07-14,Caribe,Tienda,Alimentos,5590001.63,4681200.0,332,26,26,0.09181153846153847,0.16257627280870757
2025-07-14,Caribe,Tienda,Bebidas,1927972.22,1467900.0,233,13,13,0.06604615384615385,0.23863010847739288
2025-07-14,Caribe,Tienda,Cuidado personal,2019743.55,1328600.0,91,12,12,0.1349,0.34219371563285844
2025-07-14,Caribe,Tienda,Hogar,5147594.6899999995,3522300.0,177,21,21,0.08870952380952381,0.3157386678398333
2025-07-14,Eje Cafetero,E-commerce,Alimentos,782008.5,692521.5,47,7,7,0.11741428571428572,0.11443226000740402
2025-07-14,Eje Cafetero,E-commerce,Bebidas,304606.53,243589.5,37,6,6,0.11920000000000001,0.20031425458935506
2025-07-14,Eje Cafetero,E-commerce,Cuidado personal,1680655.91,1220560.0,80,15,15,0.15218,0.2737597311040307
2025-07-14,Eje Cafetero,E-commerce,Hogar,693339.57,561478.5,27,4,4,0.164825,0.19018252484853845
2025-07-14,Eje Cafetero,Marketplace,Alimentos,295807.69,271566.0,18,3,3,0.14943333333333333,0.08195084448277867
2025-07-14,Eje Cafetero,Marketplace,Bebidas,225983.78,202230.0,30,4,4,0.162175,0.10511276517279249
2025-07-14,Eje Cafetero,Marketplace,Cuidado personal,418933.32,312440.0,20,5,5,0.15592,0.25420112203058953
2025-07-14,Eje Cafetero,Marketplace,Hogar,2599035.71,2086714.0,98,12,12,0.18039166666666664,0.19711991952584598
2025-07-14,Eje Cafetero,Tienda,Alimentos,3200986.09,2664900.0,189,18,18,0.0719888888888889,0.16747529508945785
2025-07-14,Eje Cafetero,Tienda,Bebidas,2207665.91,1682100.0,267,16,16,0.0985,0.23806406015482665
2025-07-14,Eje Cafetero,Tienda,Cuidado personal,2786694.05,1898000.0,130,16,16,0.13548125,0.3189062143366617
2025-07-14,Eje Cafetero,Tienda,Hogar,2515681.46,1731300.0,87,8,8,0.105175,0.3117968123038916
2025-07-14,Valle,E-commerce,Alimentos,1893779.27,1709202.0,116,23,23,0.12462173913043477,0.09746503878458868
2025-07-14,Valle,E-commerce,Bebidas,584163.27,467428.5,71,14,14,0.12072857142857142,0.1998324372567964
2025-07-14,Valle,E-commerce,Cuidado personal,3275989.18,2273293.0,149,26,26,0.13809615384615384,0.30607432592314
2025-07-14,Valle,E-commerce,Hogar,2884009.58,2204323.0,106,20,20,0.143825,0.23567417553446549
2025-07-14,Valle,Marketplace,Alimentos,543762.88,497871.0,33,5,5,0.14854,0.08439686063160473
2025-07-14,Valle,Marketplace,Bebidas,292692.64,256158.0,38,8,8,0.168525,0.12482254422249911
2025-07-14,Valle,Marketplace,Cuidado personal,1906654.81,1405980.0,90,7,7,0.14547142857142856,0.26259331651123574
2025-07-14,Valle,Marketplace,Hogar,1586756.26,1234994.0,58,8,8,0.165825,0.22168638553220518
2025-07-14,Valle,Tienda,Alimentos,6882398.19,5752800.0,408,34,34,0.08732941176470588,0.16412857245622406
2025-07-14,Valle,Tienda,Bebidas,3341971.05,2526300.0,401,33,33,0.08066060606060606,0.24406885571315762
2025-07-14,Valle,Tienda,Cuidado personal,4351002.93,2847000.0,195,24,24,0.13375833333333334,0.3456681032389008
2025-07-14,Valle,Tienda,Hogar,8590951.72,5930200.0,298,29,29,0.08457931034482759,0.3097155945837396
2025-07-21,Antioquia,E-commerce,Alimentos,2735036.2,2431192.5,165,23,23,0.12346086956521739,0.11109311825561949
2025-07-21,Antioquia,E-commerce,Bebidas,882101.8,697851.0,106,18,18,0.11109444444444444,0.20887702530478913
2025-07-21,Antioquia,E-commerce,Cuidado personal,3173727.66,2258036.0,148,30,30,0.14517,0.28852244366802415
2025-07-21,Antioquia,E-commerce,Hogar,3649364.7,2703415.0,130,16,16,0.1330125,0.2592094180118529
2025-07-21,Antioquia,Marketplace,Alimentos,1086129.91,995742.0,66,12,12,0.13419166666666668,0.08322016470387039
2025-07-21,Antioquia,Marketplace,Bebidas,457864.43,377496.0,56,10,10,0.13088,0.1755288787119803
2025-07-21,Antioquia,Marketplace,Cuidado personal,714596.85,515526.0,33,7,7,0.1608,0.2785778442768114
2025-07-21,Antioquia,Marketplace,Hogar,1898697.46,1511803.0,71,15,15,0.16584000000000002,0.20376835601813043
2025-07-21,Antioquia,Tienda,Alimentos,5918174.47,4864500.0,345,46,46,0.08789130434782609,0.1780404540861736
2025-07-21,Antioquia,Tienda,Bebidas,1850603.3699999999,1386000.0,220,24,24,0.08439999999999999,0.2510550761614575
2025-07-21,Antioquia,Tienda,Cuidado personal,6224685.52,3971200.0,272,36,36,0.08474722222222222,0.362023995069232
2025-07-21,Antioquia,Tienda,Hogar,6898580.4399999995,4855600.0,244,29,29,0.11977931034482758,0.2961450486471387
2025-07-21,Bogotá,E-commerce,Alimentos,4886945.27,4258270.5,289,52,52,0.10623846153846153,0.12864370997958804
2025-07-21,Bogotá,E-commerce,Bebidas,1565964.03,1277199.0,194,32,32,0.13385625,0.18440080644764237
2025-07-21,Bogotá,E-commerce,Cuidado personal,9465445.66,6682566.0,438,75,75,0.13743466666666668,0.2940040817898478
2025-07-21,Bogotá,E-commerce,Hogar,9867094.01,7361607.0,354,51,51,0.12385686274509804,0.25392349636689027
2025-07-21,Bogotá,Marketplace,Alimentos,3466650.15,3198444.0,212,20,20,0.11994,0.07736752726547844
2025-07-21,Bogotá,Marketplace,Bebidas,598371.74,519057.0,77,15,15,0.16794,0.13255094567133133
2025-07-21,Bogotá,Marketplace,Cuidado personal,3099150.94,2296434.0,147,26,26,0.16009615384615383,0.2590118892369921
2025-07-21,Bogotá,Marketplace,Hogar,3265149.36,2704211.0,127,15,15,0.20805333333333334,0.17179562040004195
2025-07-21,Bogotá,Tienda,Alimentos,14431600.55,12027300.0,853,69,69,0.07943333333333333,0.16659971578828106
2025-07-21,Bogotá,Tienda,Bebidas,3557253.33,2646000.0,420,35,35,0.06451714285714286,0.2561676792358221
2025-07-21,Bogotá,Tienda,Cuidado personal,8930641.17,5767000.0,395,51,51,0.09565686274509803,0.35424569297749536
2025-07-21,Bogotá,Tienda,Hogar,15219314.07,10746000.0,540,42,42,0.11122857142857143,0.29392350071924106
2025-07-21,Caribe,E-commerce,Alimentos,1625211.46,1399777.5,95,15,15,0.09311333333333334,0.13871054047329937
2025-07-21,Caribe,E-commerce,Bebidas,560996.54,447678.0,68,11,11,0.11663636363636364,0.20199507825841498
2025-07-21,Caribe,E-commerce,Cuidado personal,1364637.82,961191.0,63,15,15,0.13524666666666665,0.2956438800736155
2025-07-21,Caribe,E-commerce,Hogar,2833137.9299999997,2079550.0,100,15,15,0.13183333333333333,0.26599055486154877
2025-07-21,Caribe,Marketplace,Alimentos,934696.36,859959.0,57,8,8,0.142425,0.07995897191682654
2025-07-21,Caribe,Marketplace,Bebidas,305067.54000000004,276381.0,41,8,8,0.2119375,0.09403340650401558
2025-07-21,Caribe,Marketplace,Cuidado personal,649016.8,499904.0,32,5,5,0.18309999999999998,0.22975183385083411
2025-07-21,Caribe,Marketplace,Hogar,1204438.87,936892.0,44,7,7,0.16102857142857144,0.22213403823475084
2025-07-21,Caribe,Tienda,Alimentos,8384026.0600000005,6993600.0,496,38,38,0.07109210526315789,0.16584228747017998
2025-07-21,Caribe,Tienda,Bebidas,1395065.37,1045800.0,166,15,15,0.08443333333333333,0.25035770904412896
2025-07-21,Caribe,Tienda,Cuidado personal,4183743.41,2788600.0,191,23,23,0.14216521739130436,0.3334677281272372
2025-07-21,Caribe,Tienda,Hogar,2739287.19,1850700.0,93,10,10,0.07378,0.324386283133752
2025-07-21,Eje Cafetero,E-commerce,Alimentos,643824.79,574645.5,39,11,11,0.11175454545454545,0.10745049130525097
2025-07-21,Eje Cafetero,E-commerce,Bebidas,507838.27999999997,408177.0,62,13,13,0.1264076923076923,0.1962460962966399
2025-07-21,Eje Cafetero,E-commerce,Cuidado personal,1638005.82,1190046.0,78,17,17,0.14466470588235292,0.27347877188861275
2025-07-21,Eje Cafetero,E-commerce,Hogar,3327682.36,2537051.0,122,18,18,0.16979444444444447,0.23759219614939447
2025-07-21,Eje Cafetero,Marketplace,Alimentos,380682.63,347001.0,23,3,3,0.11506666666666666,0.08847692893158798
2025-07-21,Eje Cafetero,Marketplace,Bebidas,137544.02000000002,114597.0,17,3,3,0.15883333333333333,0.16683400703280313
2025-07-21,Eje Cafetero,Marketplace,Cuidado personal,550049.81,390550.0,25,4,4,0.164925,0.2899733935004905
2025-07-21,Eje Cafetero,Marketplace,Hogar,458282.89999999997,404567.0,19,4,4,0.2411,0.11721122476967823
2025-07-21,Eje Cafetero,Tienda,Alimentos,2676365.53,2157300.0,153,20,20,0.06281,0.19394418444777975
2025-07-21,Eje Cafetero,Tienda,Bebidas,1029963.47,768600.0,122,13,13,0.07114615384615385,0.253759941602589
2025-07-21,Eje Cafetero,Tienda,Cuidado personal,1701166.22,1095000.0,75,11,11,0.09627272727272727,0.35632392230313625
2025-07-21,Eje Cafetero,Tienda,Hogar,3835047.85,2567100.0,129,14,14,0.060157142857142853,0.3306211290166823
2025-07-21,Valle,E-commerce,Alimentos,1992886.05,1738671.0,118,16,16,0.11845,0.1275612572028391
2025-07-21,Valle,E-commerce,Bebidas,643194.19,520096.5,79,17,17,0.13964705882352943,0.19138495327515312
2025-07-21,Valle,E-commerce,Cuidado personal,4003547.98,2914087.0,191,28,28,0.1539142857142857,0.2721238724857245
2025-07-21,Valle,E-commerce,Hogar,3490370.2,2641028.5,127,20,20,0.15103,0.24333857193715444
2025-07-21,Valle,Marketplace,Alimentos,1186615.92,1131525.0,75,12,12,0.16106666666666666,0.04642691798707701
2025-07-21,Valle,Marketplace,Bebidas,477355.15,390978.0,58,4,4,0.095475,0.18094944613041258
2025-07-21,Valle,Marketplace,Cuidado personal,1960519.69,1499712.0,96,18,18,0.2056388888888889,0.23504364294346872
2025-07-21,Valle,Marketplace,Hogar,691816.25,574911.0,27,5,5,0.21852,0.1689830934153397
2025-07-21,Valle,Tienda,Alimentos,7388002.56,6189900.0,439,31,31,0.07399677419354839,0.16216867147376837
2025-07-21,Valle,Tienda,Bebidas,2531903.26,1890000.0,300,28,28,0.07641071428571429,0.2535259818734148
2025-07-21,Valle,Tienda,Cuidado personal,10333358.26,6789000.0,465,38,38,0.10011315789473685,0.3430015848497253
2025-07-21,Valle,Tienda,Hogar,6008370.01,4218800.0,212,26,26,0.12099615384615385,0.2978461724263882
2025-07-28,Antioquia,E-commerce,Alimentos,2700560.7800000003,2401723.5,163,27,27,0.12077777777777778,0.11065749092305201
2025-07-28,Antioquia,E-commerce,Bebidas,512791.98,427927.5,65,13,13,0.13173076923076923,0.1654949439731877
2025-07-28,Antioquia,E-commerce,Cuidado personal,2574519.37,1846097.0,121,25,25,0.148096,0.28293528434396675
2025-07-28,Antioquia,E-commerce,Hogar,3872273.26,2848983.5,137,20,20,0.120995,0.26426073040103576
2025-07-28,Antioquia,Marketplace,Alimentos,614346.37,573306.0,38,6,6,0.13328333333333334,0.06680330836820929
2025-07-28,Antioquia,Marketplace,Bebidas,646802.54,519057.0,77,10,10,0.10136,0.19750315142547217
2025-07-28,Antioquia,Marketplace,Cuidado personal,1456306.05,1171650.0,75,17,17,0.21081764705882353,0.19546444238146235
2025-07-28,Antioquia,Marketplace,Hogar,2276215.58,1916370.0,90,13,13,0.21784615384615383,0.15808941084569858
2025-07-28,Antioquia,Tienda,Alimentos,6251334.75,5118300.0,363,41,41,0.06996829268292683,0.18124685292208995
2025-07-28,Antioquia,Tienda,Bebidas,2157197.08,1663200.0,264,19,19,0.12131578947368422,0.22899951264536297
2025-07-28,Antioquia,Tienda,Cuidado personal,9756676.15,6424000.0,440,39,39,0.11391538461538463,0.3415790479014721
2025-07-28,Antioquia,Tienda,Hogar,8480920.54,5870500.0,295,31,31,0.11033870967741936,0.3077991979394255
2025-07-28,Bogotá,E-commerce,Alimentos,5152700.59,4538226.0,308,49,49,0.12303265306122449,0.11925291975872401
2025-07-28,Bogotá,E-commerce,Bebidas,1697466.96,1336450.5,203,29,29,0.10696896551724139,0.2126795210199555
2025-07-28,Bogotá,E-commerce,Cuidado personal,6681777.36,4760184.0,312,68,68,0.13808382352941176,0.28758715779778693
2025-07-28,Bogotá,E-commerce,Hogar,5485594.39,4117509.0,198,36,36,0.135325,0.24939601668215935
2025-07-28,Bogotá,Marketplace,Alimentos,1182743.97,1101351.0,73,14,14,0.13514285714285715,0.06881706613139611
2025-07-28,Bogotá,Marketplace,Bebidas,568473.73,498834.0,74,13,13,0.1672846153846154,0.12250298707734478
2025-07-28,Bogotá,Marketplace,Cuidado personal,3946267.58,2936936.0,188,29,29,0.16327586206896552,0.2557686622963362
2025-07-28,Bogotá,Marketplace,Hogar,4014594.23,3151364.0,148,19,19,0.17718421052631578,0.2150230335980929
2025-07-28,Bogotá,Tienda,Alimentos,14207352.66,11900400.0,844,65,65,0.07981384615384615,0.1623773770672347
2025-07-28,Bogotá,Tienda,Bebidas,4098292.2199999997,3093300.0,491,44,44,0.07438863636363637,0.24522219647870785
2025-07-28,Bogotá,Tienda,Cuidado personal,8200155.84,5431200.0,372,40,40,0.12110000000000001,0.3376711240648812
2025-07-28,Bogotá,Tienda,Hogar,13698570.77,9492300.0,477,48,48,0.09538333333333333,0.3070590969396437
2025-07-28,Caribe,E-commerce,Alimentos,1377081.2,1208229.0,82,15,15,0.1081,0.12261600840967109
2025-07-28,Caribe,E-commerce,Bebidas,318007.82,263340.0,40,7,7,0.14179999999999998,0.17190715624540304
2025-07-28,Caribe,E-commerce,Cuidado personal,2484053.89,1769812.0,116,20,20,0.14623000000000003,0.28753075481788365
2025-07-28,Caribe,E-commerce,Hogar,3639851.81,2786597.0,134,18,18,0.15262222222222224,0.23442020569513242
2025-07-28,Caribe,Marketplace,Alimentos,800970.14,784524.0,52,7,7,0.18915714285714286,0.020532775416571725
2025-07-28,Caribe,Marketplace,Bebidas,296381.82,249417.0,37,7,7,0.1498142857142857,0.15846052905674177
2025-07-28,Caribe,Marketplace,Cuidado personal,1016502.44,734234.0,47,9,9,0.15504444444444443,0.277685944364285
2025-07-28,Caribe,Marketplace,Hogar,855178.64,745255.0,35,8,8,0.2216,0.1285388044771558
2025-07-28,Caribe,Tienda,Alimentos,4734519.27,3919800.0,278,29,29,0.08778620689655171,0.1720806746235927
2025-07-28,Caribe,Tienda,Bebidas,2330233.97,1764000.0,280,22,22,0.0780090909090909,0.24299447063678337
2025-07-28,Caribe,Tienda,Cuidado personal,2501531.27,1591400.0,109,11,11,0.07802727272727274,0.3638296594229662
2025-07-28,Caribe,Tienda,Hogar,3823796.81,2587000.0,130,17,17,0.07116470588235294,0.32344731466000676
2025-07-28,Eje Cafetero,E-commerce,Alimentos,2101531.29,1886016.0,128,14,14,0.08932142857142857,0.10255154944659427
2025-07-28,Eje Cafetero,E-commerce,Bebidas,324905.86,256756.5,39,8,8,0.1101875,0.2097510952864931
2025-07-28,Eje Cafetero,E-commerce,Cuidado personal,1761552.22,1266331.0,83,17,17,0.15505882352941178,0.2811277544755386
2025-07-28,Eje Cafetero,E-commerce,Hogar,1449197.08,1102161.5,53,8,8,0.1501125,0.2394674849883082
2025-07-28,Eje Cafetero,Marketplace,Alimentos,487725.92,437523.0,29,5,5,0.10478000000000001,0.10293264708998855
2025-07-28,Eje Cafetero,Marketplace,Bebidas,186043.26,148302.0,22,3,3,0.09696666666666666,0.20286281803490225
2025-07-28,Eje Cafetero,Marketplace,Cuidado personal,371753.1,312440.0,20,4,4,0.24432500000000001,0.15954971189211328
2025-07-28,Eje Cafetero,Marketplace,Hogar,1460169.69,1149822.0,54,8,8,0.150475,0.2125422080224114
2025-07-28,Eje Cafetero,Tienda,Alimentos,3312521.75,2777700.0,197,21,21,0.09272380952380953,0.16145456252475926
2025-07-28,Eje Cafetero,Tienda,Bebidas,794779.24,598500.0,95,9,9,0.09058888888888889,0.24696070320105493
2025-07-28,Eje Cafetero,Tienda,Cuidado personal,2394963.04,1518400.0,104,13,13,0.07958461538461538,0.36600274215505224
2025-07-28,Eje Cafetero,Tienda,Hogar,3137858.65,2248700.0,113,17,17,0.14599411764705883,0.2833647876394942
2025-07-28,Valle,E-commerce,Alimentos,3189690.96,2814289.5,191,23,23,0.1126304347826087,0.1176921102099496
2025-07-28,Valle,E-commerce,Bebidas,525098.41,408177.0,62,8,8,0.0856875,0.22266570946196548
2025-07-28,Valle,E-commerce,Cuidado personal,2789729.79,1907125.0,125,23,23,0.11380869565217391,0.31637644375586643
2025-07-28,Valle,E-commerce,Hogar,4115911.76,3036143.0,146,20,20,0.13862000000000002,0.26234011391925466
2025-07-28,Valle,Marketplace,Alimentos,619591.56,573306.0,38,6,6,0.12115000000000002,0.07470334166591948
2025-07-28,Valle,Marketplace,Bebidas,197084.91999999998,168525.0,25,5,5,0.1489,0.14491174667244955
2025-07-28,Valle,Marketplace,Cuidado personal,1076143.19,874832.0,56,12,12,0.22039166666666668,0.18706728980926782
2025-07-28,Valle,Marketplace,Hogar,1891951.07,1405338.0,66,8,8,0.0910875,0.25720172033835953
2025-07-28,Valle,Tienda,Alimentos,7902660.84,6669300.0,473,30,30,0.07922333333333334,0.15606905888675338
2025-07-28,Valle,Tienda,Bebidas,1789955.7,1335600.0,212,19,19,0.07012105263157895,0.2538362820934619
2025-07-28,Valle,Tienda,Cuidado personal,4960511.7299999995,3314200.0,227,27,27,0.12217777777777777,0.3318834466298096
2025-07-28,Valle,Tienda,Hogar,9462642.69,6686400.0,336,32,32,0.09786875,0.2933897834834129
2025-08-04,Antioquia,E-commerce,Alimentos,4057732.5,3654156.0,248,34,34,0.12856470588235294,0.09945862621550336
2025-08-04,Antioquia,E-commerce,Bebidas,851176.98,671517.0,102,19,19,0.1185421052631579,0.21107241410593597
2025-08-04,Antioquia,E-commerce,Cuidado personal,4528627.48,3112428.0,204,38,38,0.12639473684210525,0.31272156657937344
2025-08-04,Antioquia,E-commerce,Hogar,3953165.67,2952961.0,142,22,22,0.11454545454545455,0.2530135980868214
2025-08-04,Antioquia,Marketplace,Alimentos,655454.28,648741.0,43,7,7,0.15337142857142855,0.010242178905293024
2025-08-04,Antioquia,Marketplace,Bebidas,483350.31,424683.0,63,12,12,0.17205,0.12137637813866303
2025-08-04,Antioquia,Marketplace,Cuidado personal,830672.39,687368.0,44,8,8,0.2340625,0.17251613479051592
2025-08-04,Antioquia,Marketplace,Hogar,1146260.03,915599.0,43,7,7,0.19987142857142856,0.20122923591778735
2025-08-04,Antioquia,Tienda,Alimentos,7161832.18,5851500.0,415,39,39,0.06755641025641025,0.18296046976068625
2025-08-04,Antioquia,Tienda,Bebidas,2452969.49,1839600.0,292,31,31,0.0997258064516129,0.2500518218838507
2025-08-04,Antioquia,Tienda,Cuidado personal,4046923.26,2730200.0,187,26,26,0.13282692307692306,0.32536402975923984
2025-08-04,Antioquia,Tienda,Hogar,8181758.51,5572000.0,280,34,34,0.08390588235294116,0.31897281089514823
2025-08-04,Bogotá,E-commerce,Alimentos,5243219.86,4656102.0,316,53,53,0.12316415094339624,0.11197658608197297
2025-08-04,Bogotá,E-commerce,Bebidas,2217948.33,1803879.0,274,39,39,0.13560769230769232,0.18669025080489593
2025-08-04,Bogotá,E-commerce,Cuidado personal,7281741.0,5217894.0,342,67,67,0.1417044776119403,0.2834276857691038
2025-08-04,Bogotá,E-commerce,Hogar,6893519.7,5011715.5,241,38,38,0.11435526315789475,0.27298162359643363
2025-08-04,Bogotá,Marketplace,Alimentos,1811213.0,1735005.0,115,20,20,0.162915,0.04207566973072742
2025-08-04,Bogotá,Marketplace,Bebidas,615302.27,505575.0,75,11,11,0.14263636363636364,0.17833067640072256
2025-08-04,Bogotá,Marketplace,Cuidado personal,1808050.8599999999,1296626.0,83,18,18,0.13932222222222224,0.28285977530521456
2025-08-04,Bogotá,Marketplace,Hogar,3302805.31,2682918.0,126,17,17,0.16911764705882354,0.1876850894368945
2025-08-04,Bogotá,Tienda,Alimentos,14997060.4,12591300.0,893,69,69,0.08372898550724638,0.16041546381982968
2025-08-04,Bogotá,Tienda,Bebidas,3653937.95,2772000.0,440,40,40,0.0975975,0.241366427692074
2025-08-04,Bogotá,Tienda,Cuidado personal,12542663.46,8088400.0,554,64,64,0.0926015625,0.35512899426865435
2025-08-04,Bogotá,Tienda,Hogar,12698799.36,8775900.0,441,51,51,0.09717450980392156,0.3089189181425101
2025-08-04,Caribe,E-commerce,Alimentos,990407.46,884070.0,60,8,8,0.1283,0.10736738594436675
2025-08-04,Caribe,E-commerce,Bebidas,178748.43000000002,151420.5,23,6,6,0.1595,0.15288486729645692
2025-08-04,Caribe,E-commerce,Cuidado personal,2064557.25,1403644.0,92,16,16,0.12645,0.32012347925929396
2025-08-04,Caribe,E-commerce,Hogar,2330229.81,1809208.5,87,16,16,0.15505625,0.22359224303288783
2025-08-04,Caribe,Marketplace,Alimentos,736674.38,709089.0,47,6,6,0.168,0.037445825114754236
2025-08-04,Caribe,Marketplace,Bebidas,93221.65,87633.0,13,4,4,0.20505,0.059950129610449876
2025-08-04,Caribe,Marketplace,Cuidado personal,1510969.4200000002,1140406.0,73,13,13,0.18046153846153848,0.24524878868825825
2025-08-04,Caribe,Marketplace,Hogar,319186.88,276809.0,13,3,3,0.22160000000000002,0.13276823909554178
2025-08-04,Caribe,Tienda,Alimentos,4638406.95,3835200.0,272,26,26,0.08298076923076923,0.17316439860888017
2025-08-04,Caribe,Tienda,Bebidas,1135030.76,875700.0,139,13,13,0.11605384615384615,0.22847905901686752
2025-08-04,Caribe,Tienda,Cuidado personal,3441827.88,2219200.0,152,19,19,0.09702631578947368,0.3552263281683917
2025-08-04,Caribe,Tienda,Hogar,6556220.93,4497400.0,226,21,21,0.08958095238095239,0.3140255570978753
2025-08-04,Eje Cafetero,E-commerce,Alimentos,1204802.1400000001,1031415.0,70,10,10,0.08054,0.14391337319503775
2025-08-04,Eje Cafetero,E-commerce,Bebidas,278933.69,223839.0,34,7,7,0.12321428571428572,0.19751895154722973
2025-08-04,Eje Cafetero,E-commerce,Cuidado personal,3096425.68,2105466.0,138,21,21,0.12384285714285716,0.3200334134937158
2025-08-04,Eje Cafetero,E-commerce,Hogar,1397923.21,1039775.0,50,10,10,0.13302,0.2562002028709431
2025-08-04,Eje Cafetero,Marketplace,Alimentos,501852.69,452610.0,30,4,4,0.128775,0.09812180143938254
2025-08-04,Eje Cafetero,Marketplace,Bebidas,139212.34,121338.0,18,2,2,0.14275,0.12839623269029166
2025-08-04,Eje Cafetero,Marketplace,Cuidado personal,648586.4,484282.0,31,6,6,0.16946666666666665,0.2533269276074861
2025-08-04,Eje Cafetero,Marketplace,Hogar,986469.0499999999,787841.0,37,4,4,0.193375,0.20135254116690224
2025-08-04,Eje Cafetero,Tienda,Alimentos,3740224.52,3214800.0,228,13,13,0.09673846153846154,0.14047940630045386
2025-08-04,Eje Cafetero,Tienda,Bebidas,911880.23,711900.0,113,16,16,0.14253125,0.21930536864473965
2025-08-04,Eje Cafetero,Tienda,Cuidado personal,1842171.79,1197200.0,82,10,10,0.10713999999999999,0.35011489889333286
2025-08-04,Eje Cafetero,Tienda,Hogar,6527767.08,4577000.0,230,28,28,0.12621428571428572,0.29884140412681515
2025-08-04,Valle,E-commerce,Alimentos,2736636.29,2357520.0,160,24,24,0.09060833333333333,0.1385336777800312
2025-08-04,Valle,E-commerce,Bebidas,1137013.57,908523.0,138,15,15,0.09974,0.2009567660656856
2025-08-04,Valle,E-commerce,Cuidado personal,3259171.38,2395349.0,157,32,32,0.171834375,0.2650435584028723
2025-08-04,Valle,E-commerce,Hogar,3962183.44,2994552.0,144,25,25,0.137984,0.24421671905226072
2025-08-04,Valle,Marketplace,Alimentos,1568891.47,1448352.0,96,16,16,0.13036875,0.07683098053939956
2025-08-04,Valle,Marketplace,Bebidas,374024.66000000003,303345.0,45,7,7,0.12521428571428572,0.18897058819597623
2025-08-04,Valle,Marketplace,Cuidado personal,1815811.56,1265382.0,81,13,13,0.1404153846153846,0.3031314328674061
2025-08-04,Valle,Marketplace,Hogar,1942982.26,1533096.0,72,10,10,0.16224,0.21095728377880302
2025-08-04,Valle,Tienda,Alimentos,7471528.39,6147600.0,436,34,34,0.06919117647058824,0.17719646113798676
2025-08-04,Valle,Tienda,Bebidas,2511660.66,1890000.0,300,21,21,0.07704285714285714,0.24750981289009005
2025-08-04,Valle,Tienda,Cuidado personal,4668282.01,3080600.0,211,26,26,0.1311846153846154,0.340099849708951
2025-08-04,Valle,Tienda,Hogar,7823708.01,5472500.0,275,26,26,0.09688461538461539,0.30052348668876255
2025-08-11,Antioquia,E-commerce,Alimentos,1844971.79,1650264.0,112,21,21,0.11535714285714285,0.10553429112322635
2025-08-11,Antioquia,E-commerce,Bebidas,756137.2,612265.5,93,16,16,0.1203125,0.19027195064599384
2025-08-11,Antioquia,E-commerce,Cuidado personal,3879254.65,2715746.0,178,36,36,0.13322777777777778,0.29993098029798065
2025-08-11,Antioquia,E-commerce,Hogar,4279702.97,3202507.0,154,24,24,0.13330416666666667,0.2516987691788339
2025-08-11,Antioquia,Marketplace,Alimentos,671657.1699999999,663828.0,44,8,8,0.19425,0.011656497316927215
2025-08-11,Antioquia,Marketplace,Bebidas,200625.94,175266.0,26,6,6,0.16861666666666666,0.12640409310979428
2025-08-11,Antioquia,Marketplace,Cuidado personal,893837.1,656124.0,42,11,11,0.14234545454545455,0.2659467815779855
2025-08-11,Antioquia,Marketplace,Hogar,1141914.15,936892.0,44,9,9,0.18856666666666666,0.1795425251539268
2025-08-11,Antioquia,Tienda,Alimentos,10062137.81,8460000.0,600,53,53,0.08259056603773585,0.15922439547665074
2025-08-11,Antioquia,Tienda,Bebidas,2118942.2800000003,1587600.0,252,19,19,0.07583684210526316,0.2507582603901793
2025-08-11,Antioquia,Tienda,Cuidado personal,6451215.68,4175600.0,286,37,37,0.10853783783783784,0.35274214859299197
2025-08-11,Antioquia,Tienda,Hogar,6967792.96,4875500.0,245,33,33,0.11468787878787878,0.300280586982309
2025-08-11,Bogotá,E-commerce,Alimentos,5010359.66,4523491.5,307,43,43,0.12635581395348838,0.09717229760707441
2025-08-11,Bogotá,E-commerce,Bebidas,1678471.12,1316700.0,200,29,29,0.10706551724137932,0.21553610049602764
2025-08-11,Bogotá,E-commerce,Cuidado personal,7820932.43,5462006.0,358,69,69,0.13764782608695653,0.3016170323824163
2025-08-11,Bogotá,E-commerce,Hogar,7952719.33,6030695.0,290,45,45,0.14018666666666665,0.2416813985562848
2025-08-11,Bogotá,Marketplace,Alimentos,1669512.07,1599222.0,106,21,21,0.14956666666666665,0.04210216341832142
2025-08-11,Bogotá,Marketplace,Bebidas,563559.41,492093.0,73,12,12,0.15318333333333334,0.1268125573486565
2025-08-11,Bogotá,Marketplace,Cuidado personal,4108054.12,3124400.0,200,19,19,0.18647894736842105,0.23944526806769528
2025-08-11,Bogotá,Marketplace,Hogar,2280986.84,1788612.0,84,14,14,0.1539714285714286,0.21586044748947342
2025-08-11,Bogotá,Tienda,Alimentos,15099736.48,12619500.0,895,72,72,0.08611944444444444,0.16425693807869687
2025-08-11,Bogotá,Tienda,Bebidas,4170757.15,3124800.0,496,46,46,0.08551086956521739,0.25078351780803154
2025-08-11,Bogotá,Tienda,Cuidado personal,6485961.56,4175600.0,286,35,35,0.11458285714285714,0.3562095671748014
2025-08-11,Bogotá,Tienda,Hogar,13689809.0,9412700.0,473,54,54,0.09151111111111111,0.3124301442043494
2025-08-11,Caribe,E-commerce,Alimentos,1865569.72,1650264.0,112,19,19,0.10538947368421053,0.11541017078686289
2025-08-11,Caribe,E-commerce,Bebidas,784565.91,632016.0,96,13,13,0.12552307692307693,0.19443861638087234
2025-08-11,Caribe,E-commerce,Cuidado personal,1421666.49,1006962.0,66,14,14,0.13683571428571428,0.29170307728080447
2025-08-11,Caribe,E-commerce,Hogar,2083175.74,1580458.0,76,14,14,0.16457857142857144,0.24132277001267305
2025-08-11,Caribe,Marketplace,Alimentos,548135.76,558219.0,37,5,5,0.20108,-0.018395515738655676
2025-08-11,Caribe,Marketplace,Bebidas,94449.59,74151.0,11,1,1,0.0667,0.2149145380091115
2025-08-11,Caribe,Marketplace,Cuidado personal,1131539.55,812344.0,52,8,8,0.14155,0.28208960968266644
2025-08-11,Caribe,Marketplace,Hogar,914629.4299999999,702669.0,33,5,5,0.1336,0.23174459846541343
2025-08-11,Caribe,Tienda,Alimentos,4811080.52,4032600.0,286,32,32,0.093575,0.16180991292159866
2025-08-11,Caribe,Tienda,Bebidas,808678.17,604800.0,96,12,12,0.10608333333333335,0.2521128646269752
2025-08-11,Caribe,Tienda,Cuidado personal,4848467.47,3270400.0,224,24,24,0.14291666666666666,0.32547758230086665
2025-08-11,Caribe,Tienda,Hogar,7014593.79,4875500.0,245,30,30,0.10305,0.3049490610631639
2025-08-11,Eje Cafetero,E-commerce,Alimentos,1820505.6199999999,1606060.5,109,20,20,0.110555,0.11779426421106017
2025-08-11,Eje Cafetero,E-commerce,Bebidas,288984.22,230422.5,35,7,7,0.09968571428571428,0.20264677427715597
2025-08-11,Eje Cafetero,E-commerce,Cuidado personal,1808135.74,1266331.0,83,18,18,0.13412222222222223,0.29964826645149994
2025-08-11,Eje Cafetero,E-commerce,Hogar,1100803.91,873411.0,42,8,8,0.172775,0.20656986038503436
2025-08-11,Eje Cafetero,Marketplace,Alimentos,895393.23,814698.0,54,7,7,0.13005714285714284,0.09012267157749225
2025-08-11,Eje Cafetero,Marketplace,Bebidas,184075.66,182007.0,27,5,5,0.22704,0.011238096334952723
2025-08-11,Eje Cafetero,Marketplace,Cuidado personal,945553.2799999999,702990.0,45,7,7,0.16107142857142856,0.2565305257044848
2025-08-11,Eje Cafetero,Marketplace,Hogar,965309.67,745255.0,35,5,5,0.13735999999999998,0.22796277385266434
2025-08-11,Eje Cafetero,Tienda,Alimentos,3229075.79,2664900.0,189,19,19,0.08606315789473684,0.17471741968620688
2025-08-11,Eje Cafetero,Tienda,Bebidas,1449686.3800000001,1121400.0,178,16,16,0.10093125,0.2264533795233698
2025-08-11,Eje Cafetero,Tienda,Cuidado personal,319418.61,233600.0,16,4,4,0.18725,0.26867129000404827
2025-08-11,Eje Cafetero,Tienda,Hogar,2236585.38,1572100.0,79,9,9,0.11661111111111112,0.2970981505745155
2025-08-11,Valle,E-commerce,Alimentos,2229795.96,1959688.5,133,25,25,0.113872,0.12113550515178077
2025-08-11,Valle,E-commerce,Bebidas,1188549.27,987525.0,150,15,15,0.15002000000000001,0.16913414956706002
2025-08-11,Valle,E-commerce,Cuidado personal,3489411.7,2441120.0,160,28,28,0.13365357142857143,0.3004207557394274
2025-08-11,Valle,E-commerce,Hogar,2153066.0500000003,1663640.0,80,14,14,0.14945714285714287,0.22731585498735637
2025-08-11,Valle,Marketplace,Alimentos,806967.84,799611.0,53,9,9,0.20104444444444447,0.009116645838079454
2025-08-11,Valle,Marketplace,Cuidado personal,1311151.17,984186.0,63,10,10,0.17226,0.24937259522866456
2025-08-11,Valle,Marketplace,Hogar,1998807.3199999998,1554389.0,73,9,9,0.14505555555555555,0.22234175127995823
2025-08-11,Valle,Tienda,Alimentos,8032208.99,6683400.0,474,41,41,0.09017317073170733,0.16792503677123571
2025-08-11,Valle,Tienda,Bebidas,1104505.22,819000.0,130,18,18,0.08205000000000001,0.25849150807997084
2025-08-11,Valle,Tienda,Cuidado personal,4444633.75,2993000.0,205,27,27,0.13812222222222223,0.3266036824743996
2025-08-11,Valle,Tienda,Hogar,9515708.77,6646600.0,334,34,34,0.1150235294117647,0.30151288142039256
2025-08-18,Antioquia,E-commerce,Alimentos,2727168.5,2445927.0,166,27,27,0.13142222222222222,0.10312582445859139
2025-08-18,Antioquia,E-commerce,Bebidas,1153700.2,895356.0,136,25,25,0.091508,0.22392663189275686
2025-08-18,Antioquia,E-commerce,Cuidado personal,3553147.41,2532662.0,166,34,34,0.1506941176470588,0.28720604361303437
2025-08-18,Antioquia,E-commerce,Hogar,2585996.64,1933981.5,93,13,13,0.1340769230769231,0.2521330190127394
2025-08-18,Antioquia,Marketplace,Alimentos,1098964.24,980655.0,65,10,10,0.11799,0.10765522270315182
2025-08-18,Antioquia,Marketplace,Bebidas,526977.19,451647.0,67,9,9,0.13706666666666667,0.1429477241699967
2025-08-18,Antioquia,Marketplace,Cuidado personal,1447727.61,1124784.0,72,15,15,0.20005333333333333,0.22306931757694395
2025-08-18,Antioquia,Marketplace,Hogar,1700189.91,1469217.0,69,14,14,0.21616428571428573,0.13585124146513722
2025-08-18,Antioquia,Tienda,Alimentos,7804058.68,6471900.0,459,37,37,0.07957567567567568,0.17070075131726198
2025-08-18,Antioquia,Tienda,Bebidas,2398539.7,1858500.0,295,20,20,0.115035,0.22515353821327208
2025-08-18,Antioquia,Tienda,Cuidado personal,4678219.99,3080600.0,211,32,32,0.11400624999999999,0.341501680856184
2025-08-18,Antioquia,Tienda,Hogar,6971488.19,4776000.0,240,25,25,0.092484,0.3149238914510734
2025-08-18,Bogotá,E-commerce,Alimentos,5647589.41,4950792.0,336,58,58,0.11065862068965517,0.12337961551634827
2025-08-18,Bogotá,E-commerce,Bebidas,2105362.87,1678792.5,255,35,35,0.1154342857142857,0.20261132941895194
2025-08-18,Bogotá,E-commerce,Cuidado personal,7688057.55,5416235.0,355,71,71,0.13874084507042253,0.295500200827711
2025-08-18,Bogotá,E-commerce,Hogar,7079124.08,5302852.5,255,47,47,0.14482340425531914,0.25091685919425216
2025-08-18,Bogotá,Marketplace,Alimentos,2347927.04,2217789.0,147,20,20,0.15477000000000002,0.05542678191567658
2025-08-18,Bogotá,Marketplace,Bebidas,496271.23,444906.0,66,15,15,0.19507333333333332,0.10350233278685123
2025-08-18,Bogotá,Marketplace,Cuidado personal,2383883.35,1765286.0,113,24,24,0.15891666666666668,0.2594914512071239
2025-08-18,Bogotá,Marketplace,Hogar,2005810.3900000001,1639561.0,77,15,15,0.19089333333333333,0.18259422317580085
2025-08-18,Bogotá,Tienda,Alimentos,14890907.19,12520800.0,888,69,69,0.09403478260869566,0.15916472782743868
2025-08-18,Bogotá,Tienda,Bebidas,5704735.63,4334400.0,688,45,45,0.09178888888888888,0.24021019007326022
2025-08-18,Bogotá,Tienda,Cuidado personal,11709300.48,7738000.0,530,46,46,0.10923260869565218,0.33915779057708495
2025-08-18,Bogotá,Tienda,Hogar,13469587.86,9233600.0,464,51,51,0.0877764705882353,0.3144853357079628
2025-08-18,Caribe,E-commerce,Alimentos,2026602.8800000001,1797609.0,122,19,19,0.12742105263157893,0.11299395765193036
2025-08-18,Caribe,E-commerce,Bebidas,743278.55,585931.5,89,11,11,0.10869090909090909,0.2116932474373168
2025-08-18,Caribe,E-commerce,Cuidado personal,2007069.07,1373130.0,90,16,16,0.11573750000000001,0.3158531410182112
2025-08-18,Caribe,E-commerce,Hogar,2443021.1,1767617.5,85,12,12,0.10701666666666666,0.2764624505289783
2025-08-18,Caribe,Marketplace,Alimentos,697749.01,603480.0,40,4,4,0.057800000000000004,0.1351044697290219
2025-08-18,Caribe,Marketplace,Bebidas,350953.79000000004,310086.0,46,2,2,0.1471,0.11644778077478529
2025-08-18,Caribe,Marketplace,Cuidado personal,547870.84,390550.0,25,7,7,0.12067142857142857,0.2871495040692437
2025-08-18,Caribe,Marketplace,Hogar,1817223.46,1511803.0,71,14,14,0.19551428571428572,0.1680698421095664
2025-08-18,Caribe,Tienda,Alimentos,3358822.62,2749500.0,195,20,20,0.07112500000000001,0.18140958571965318
2025-08-18,Caribe,Tienda,Bebidas,1751588.6400000001,1316700.0,209,16,16,0.0796625,0.24828240493726889
2025-08-18,Caribe,Tienda,Cuidado personal,3842033.25,2540400.0,174,24,24,0.12264166666666666,0.33878760679647946
2025-08-18,Caribe,Tienda,Hogar,4331489.52,2985000.0,150,19,19,0.08584736842105263,0.31086062052852426
2025-08-18,Eje Cafetero,E-commerce,Alimentos,879878.64,766194.0,52,9,9,0.10086666666666666,0.12920490944069288
2025-08-18,Eje Cafetero,E-commerce,Bebidas,313830.81,237006.0,36,5,5,0.05589999999999999,0.24479690187206285
2025-08-18,Eje Cafetero,E-commerce,Cuidado personal,971464.61,686565.0,45,11,11,0.13917272727272725,0.2932681304777536
2025-08-18,Eje Cafetero,E-commerce,Hogar,536567.13,395114.5,19,3,3,0.12643333333333334,0.263625224303248
2025-08-18,Eje Cafetero,Marketplace,Alimentos,794548.12,724176.0,48,8,8,0.145025,0.08856873262754683
2025-08-18,Eje Cafetero,Marketplace,Bebidas,360899.22000000003,303345.0,45,6,6,0.12836666666666666,0.15947449262982621
2025-08-18,Eje Cafetero,Marketplace,Cuidado personal,815769.4,609258.0,39,6,6,0.18958333333333333,0.2531492355560285
2025-08-18,Eje Cafetero,Marketplace,Hogar,1655829.19,1362752.0,64,10,10,0.18621,0.17699723604945022
2025-08-18,Eje Cafetero,Tienda,Alimentos,2037340.93,1663800.0,118,14,14,0.08382857142857143,0.1833472859154702
2025-08-18,Eje Cafetero,Tienda,Bebidas,1239723.4000000001,938700.0,149,14,14,0.07950714285714286,0.24281496985537265
2025-08-18,Eje Cafetero,Tienda,Cuidado personal,3121263.47,2102400.0,144,14,14,0.1319,0.32642661530908834
2025-08-18,Eje Cafetero,Tienda,Hogar,4265294.5,3044700.0,153,12,12,0.123125,0.2861688682926818
2025-08-18,Valle,E-commerce,Alimentos,2860034.66,2519599.5,171,22,22,0.10034090909090909,0.11903183019467328
2025-08-18,Valle,E-commerce,Bebidas,1019406.06,809770.5,123,15,15,0.11471333333333335,0.20564480458356316
2025-08-18,Valle,E-commerce,Cuidado personal,2397890.71,1754555.0,115,22,22,0.17062272727272726,0.2682923401458943
2025-08-18,Valle,E-commerce,Hogar,3773058.02,2765801.5,133,21,21,0.11939523809523808,0.2669602520451037
2025-08-18,Valle,Marketplace,Alimentos,436644.81,407349.0,27,6,6,0.1575,0.06709299945646897
2025-08-18,Valle,Marketplace,Bebidas,305189.82,269640.0,40,9,9,0.14496666666666666,0.11648429164511452
2025-08-18,Valle,Marketplace,Cuidado personal,952929.05,765478.0,49,10,10,0.19870000000000002,0.19671039517580038
2025-08-18,Valle,Marketplace,Hogar,1668346.6099999999,1341459.0,63,8,8,0.1873,0.19593507011112032
2025-08-18,Valle,Tienda,Alimentos,8085039.24,6824400.0,484,42,42,0.09499285714285714,0.15592246402010043
2025-08-18,Valle,Tienda,Bebidas,2266581.07,1707300.0,271,21,21,0.0655952380952381,0.24675096664422413
2025-08-18,Valle,Tienda,Cuidado personal,5240008.84,3489400.0,239,27,27,0.12783703703703703,0.3340850928793471
2025-08-18,Valle,Tienda,Hogar,9801796.13,6805800.0,342,30,30,0.08974333333333333,0.30565787027851604
2025-08-25,Antioquia,E-commerce,Alimentos,4790607.76,4199332.5,285,37,37,0.10637837837837838,0.12342385134031508
2025-08-25,Antioquia,E-commerce,Bebidas,563501.76,434511.0,66,10,10,0.08519,0.22890924067388896
2025-08-25,Antioquia,E-commerce,Cuidado personal,3486574.95,2486891.0,163,35,35,0.15283714285714287,0.28672378031053086
2025-08-25,Antioquia,E-commerce,Hogar,2633044.15,1871595.0,90,15,15,0.08588666666666667,0.28918966284708897
2025-08-25,Antioquia,Marketplace,Alimentos,522776.12,482784.0,32,7,7,0.12938571428571427,0.07649951570090845
2025-08-25,Antioquia,Marketplace,Bebidas,210442.81,175266.0,26,6,6,0.13861666666666667,0.1671561504049485
2025-08-25,Antioquia,Marketplace,Cuidado personal,1649673.56,1343492.0,86,18,18,0.2205111111111111,0.1856013016296388
2025-08-25,Antioquia,Marketplace,Hogar,1362408.22,1128529.0,53,9,9,0.2053111111111111,0.17166603707073932
2025-08-25,Antioquia,Tienda,Alimentos,5118399.48,4159500.0,295,35,35,0.08464571428571428,0.1873436185953974
2025-08-25,Antioquia,Tienda,Bebidas,1453064.92,1052100.0,167,19,19,0.05523157894736843,0.2759442571912065
2025-08-25,Antioquia,Tienda,Cuidado personal,8148178.34,5314400.0,364,33,33,0.11767272727272728,0.34778059852823495
2025-08-25,Antioquia,Tienda,Hogar,10017324.58,6984900.0,351,29,29,0.07873103448275862,0.3027180117587844
2025-08-25,Bogotá,E-commerce,Alimentos,4439597.37,3934111.5,267,45,45,0.12069555555555556,0.11385849388409744
2025-08-25,Bogotá,E-commerce,Bebidas,1558107.92,1237698.0,188,32,32,0.109425,0.2056403897876342
2025-08-25,Bogotá,E-commerce,Cuidado personal,7091025.17,5019553.0,329,65,65,0.14165384615384616,0.2921259085024514
2025-08-25,Bogotá,E-commerce,Hogar,8073910.859999999,6030695.0,290,45,45,0.13610666666666668,0.2530639606293597
2025-08-25,Bogotá,Marketplace,Alimentos,2052335.09,1916049.0,127,20,20,0.156835,0.06640537925022764
2025-08-25,Bogotá,Marketplace,Bebidas,918002.05,781956.0,116,12,12,0.14144166666666666,0.14819798060363812
2025-08-25,Bogotá,Marketplace,Cuidado personal,2795640.64,2108970.0,135,19,19,0.18565263157894737,0.24562192657207907
2025-08-25,Bogotá,Marketplace,Hogar,2105856.62,1703440.0,80,15,15,0.16101333333333334,0.1910940261450469
2025-08-25,Bogotá,Tienda,Alimentos,11159010.200000001,9320100.0,661,63,63,0.08690317460317461,0.16479151529048705
2025-08-25,Bogotá,Tienda,Bebidas,4846453.74,3666600.0,582,43,43,0.07444186046511628,0.24344681767250298
2025-08-25,Bogotá,Tienda,Cuidado personal,10987741.07,7124800.0,488,45,45,0.09092,0.35156826552338843
2025-08-25,Bogotá,Tienda,Hogar,17294661.16,12139000.0,610,64,64,0.1085609375,0.298107092836504
2025-08-25,Caribe,E-commerce,Alimentos,2178736.01,1856547.0,126,18,18,0.08655555555555555,0.14787886578328496
2025-08-25,Caribe,E-commerce,Bebidas,421077.22000000003,329175.0,50,9,9,0.0989,0.2182550269520636
2025-08-25,Caribe,E-commerce,Cuidado personal,3601646.29,2441120.0,160,24,24,0.11691666666666667,0.3222210613024968
2025-08-25,Caribe,E-commerce,Hogar,2001864.7,1455685.0,70,9,9,0.11155555555555556,0.27283547184782264
2025-08-25,Caribe,Marketplace,Alimentos,616284.5,588393.0,39,8,8,0.1966375,0.04525750688196766
2025-08-25,Caribe,Marketplace,Bebidas,338474.76,276381.0,41,6,6,0.11283333333333334,0.1834516700743063
2025-08-25,Caribe,Marketplace,Cuidado personal,1111889.25,781100.0,50,8,8,0.122725,0.2975019769280079
2025-08-25,Caribe,Marketplace,Hogar,1057510.83,851720.0,40,7,7,0.1771,0.19459926476592213
2025-08-25,Caribe,Tienda,Alimentos,4243576.51,3581400.0,254,20,20,0.09771500000000001,0.1560420811170905
2025-08-25,Caribe,Tienda,Bebidas,751498.53,554400.0,88,6,6,0.0582,0.2622740060449619
2025-08-25,Caribe,Tienda,Cuidado personal,3562386.72,2409000.0,165,22,22,0.14781363636363637,0.3237679709293325
2025-08-25,Caribe,Tienda,Hogar,5186527.01,3562100.0,179,19,19,0.09181052631578947,0.3132013015391584
2025-08-25,Eje Cafetero,E-commerce,Alimentos,1322440.5,1164025.5,79,10,10,0.11639999999999999,0.11978988846757188
2025-08-25,Eje Cafetero,E-commerce,Bebidas,416415.22,335758.5,51,6,6,0.11681666666666668,0.19369301631193975
2025-08-25,Eje Cafetero,E-commerce,Cuidado personal,1345701.72,1006962.0,66,13,13,0.15849230769230768,0.2517197644660809
2025-08-25,Eje Cafetero,E-commerce,Hogar,1997356.09,1497276.0,72,12,12,0.15715,0.2503710242273325
2025-08-25,Eje Cafetero,Marketplace,Alimentos,180339.79,181044.0,12,4,4,0.17704999999999999,-0.003904906399192279
2025-08-25,Eje Cafetero,Marketplace,Bebidas,186607.16999999998,168525.0,25,6,6,0.17848333333333333,0.09689965289115089
2025-08-25,Eje Cafetero,Marketplace,Cuidado personal,735176.99,546770.0,35,6,6,0.17213333333333333,0.2562743292604955
2025-08-25,Eje Cafetero,Marketplace,Hogar,394306.67,361981.0,17,4,4,0.267475,0.08198103775419266
2025-08-25,Eje Cafetero,Tienda,Alimentos,3443951.66,2918700.0,207,18,18,0.08187777777777777,0.1525142370900758
2025-08-25,Eje Cafetero,Tienda,Bebidas,601235.92,459900.0,73,14,14,0.11294285714285714,0.23507564218718008
2025-08-25,Eje Cafetero,Tienda,Cuidado personal,2399045.45,1518400.0,104,13,13,0.08457692307692308,0.36708160322681677
2025-08-25,Eje Cafetero,Tienda,Hogar,5021109.31,3462600.0,174,22,22,0.1036090909090909,0.31039143220723864
2025-08-25,Valle,E-commerce,Alimentos,1521873.84,1355574.0,92,16,16,0.12028125,0.10927307877241656
2025-08-25,Valle,E-commerce,Bebidas,744357.6,612265.5,93,16,16,0.14781875,0.17745785090392036
2025-08-25,Valle,E-commerce,Cuidado personal,2989933.86,2105466.0,138,26,26,0.1294846153846154,0.29581519238020865
2025-08-25,Valle,E-commerce,Hogar,2935168.4699999997,2225118.5,107,19,19,0.1436105263157895,0.2419111465857358
2025-08-25,Valle,Marketplace,Alimentos,1143390.07,1146612.0,76,13,13,0.1922923076923077,-0.0028178747433060484
2025-08-25,Valle,Marketplace,Bebidas,323444.87,269640.0,40,6,6,0.15074999999999997,0.166349430739155
2025-08-25,Valle,Marketplace,Cuidado personal,1393096.1099999999,999808.0,64,10,10,0.15432,0.2823122591304916
2025-08-25,Valle,Marketplace,Hogar,1850093.73,1447924.0,68,9,9,0.16141111111111112,0.21737802981473808
2025-08-25,Valle,Tienda,Alimentos,10157447.99,8445900.0,599,44,44,0.07477727272727273,0.16850177246145073
2025-08-25,Valle,Tienda,Bebidas,2359558.26,1789200.0,284,27,27,0.08038518518518518,0.2417224739345914
2025-08-25,Valle,Tienda,Cuidado personal,5735165.67,3723000.0,255,30,30,0.10237333333333334,0.35084700003095115
2025-08-25,Valle,Tienda,Hogar,4415240.33,3124300.0,157,15,15,0.11204,0.29238279991884386
2025-09-01,Antioquia,E-commerce,Alimentos,3005925.79,2637475.5,179,28,28,0.1208,0.12257464612923795
2025-09-01,Antioquia,E-commerce,Bebidas,1052381.52,829521.0,126,21,21,0.10995714285714285,0.21176780071166587
2025-09-01,Antioquia,E-commerce,Cuidado personal,4038099.2600000002,2837802.0,186,32,32,0.13593125,0.29724312918449664
2025-09-01,Antioquia,E-commerce,Hogar,5780948.21,4325464.0,208,31,31,0.14155806451612904,0.25177257382833396
2025-09-01,Antioquia,Marketplace,Alimentos,1535731.55,1388004.0,92,15,15,0.11806666666666667,0.09619360232587527
2025-09-01,Antioquia,Marketplace,Bebidas,122844.28,121338.0,18,4,4,0.245425,0.012261702376374374
2025-09-01,Antioquia,Marketplace,Cuidado personal,1261904.89,1015430.0,65,12,12,0.227325,0.19531970432415072
2025-09-01,Antioquia,Marketplace,Hogar,864586.81,702669.0,33,8,8,0.1855375,0.1872776777614732
2025-09-01,Antioquia,Tienda,Alimentos,7295028.04,5978400.0,424,41,41,0.07177073170731707,0.1804829306728751
2025-09-01,Antioquia,Tienda,Bebidas,3139245.35,2412900.0,383,29,29,0.09575862068965518,0.23137578271797077
2025-09-01,Antioquia,Tienda,Cuidado personal,4449764.65,2817800.0,193,24,24,0.0863375,0.36675302591565156
2025-09-01,Antioquia,Tienda,Hogar,9058591.03,6248600.0,314,30,30,0.09433666666666667,0.31020177648973735
2025-09-01,Bogotá,E-commerce,Alimentos,7844273.71,7028356.5,477,73,73,0.1176041095890411,0.10401437279780998
2025-09-01,Bogotá,E-commerce,Bebidas,1252557.09,1033609.5,157,31,31,0.1459032258064516,0.17480048753705915
2025-09-01,Bogotá,E-commerce,Cuidado personal,6578443.65,4577100.0,300,62,62,0.12626935483870969,0.30422752804153
2025-09-01,Bogotá,E-commerce,Hogar,7682512.95,5697967.0,274,45,45,0.12466666666666668,0.2583198964864745
2025-09-01,Bogotá,Marketplace,Alimentos,4409638.5200000005,4058403.0,269,24,24,0.13987083333333333,0.07965177154702478
2025-09-01,Bogotá,Marketplace,Bebidas,478528.01,390978.0,58,10,10,0.12183999999999999,0.18295691823765972
2025-09-01,Bogotá,Marketplace,Cuidado personal,3138716.37,2358922.0,151,26,26,0.17165384615384616,0.2484437196853184
2025-09-01,Bogotá,Marketplace,Hogar,3415973.0,2746797.0,129,19,19,0.17241578947368422,0.195896161942732
2025-09-01,Bogotá,Tienda,Alimentos,14749776.92,12436200.0,882,73,73,0.0928904109589041,0.1568550448287051
2025-09-01,Bogotá,Tienda,Bebidas,3268041.65,2488500.0,395,43,43,0.09676511627906977,0.23853479651949966
2025-09-01,Bogotá,Tienda,Cuidado personal,6273834.21,4175600.0,286,39,39,0.12236666666666665,0.33444208752848126
2025-09-01,Bogotá,Tienda,Hogar,16020416.29,11024600.0,554,61,61,0.08892622950819672,0.3118406038623606
2025-09-01,Caribe,E-commerce,Alimentos,2802707.99,2519599.5,171,25,25,0.125888,0.10101248186044533
2025-09-01,Caribe,E-commerce,Bebidas,1151550.62,915106.5,139,23,23,0.12200869565217391,0.20532672719154985
2025-09-01,Caribe,E-commerce,Cuidado personal,1210665.25,915420.0,60,12,12,0.17401666666666668,0.24387026058607034
2025-09-01,Caribe,E-commerce,Hogar,2924272.73,2287505.0,110,21,21,0.17884285714285714,0.21775251106623011
2025-09-01,Caribe,Marketplace,Alimentos,1641294.63,1599222.0,106,7,7,0.16778571428571426,0.02563380713674783
2025-09-01,Caribe,Marketplace,Bebidas,272461.54,222453.0,33,5,5,0.11746000000000001,0.18354348287101357
2025-09-01,Caribe,Marketplace,Cuidado personal,378699.93,296818.0,19,3,3,0.19310000000000002,0.21621849784867928
2025-09-01,Caribe,Marketplace,Hogar,773913.79,617497.0,29,4,4,0.206175,0.20211138762626266
2025-09-01,Caribe,Tienda,Alimentos,4666402.24,3877500.0,275,26,26,0.08682307692307692,0.16906005942599586
2025-09-01,Caribe,Tienda,Bebidas,1302119.01,970200.0,154,16,16,0.0673875,0.25490681531483056
2025-09-01,Caribe,Tienda,Cuidado personal,4791348.6,3080600.0,211,28,28,0.1030642857142857,0.35704949541763664
2025-09-01,Caribe,Tienda,Hogar,8765785.83,6228700.0,313,24,24,0.09903333333333335,0.2894305061979823
2025-09-01,Eje Cafetero,E-commerce,Alimentos,1111805.42,987211.5,67,11,11,0.1345090909090909,0.11206450135852003
2025-09-01,Eje Cafetero,E-commerce,Bebidas,346076.4,276507.0,42,8,8,0.12691249999999998,0.20102324226673654
2025-09-01,Eje Cafetero,E-commerce,Cuidado personal,1550331.24,1098504.0,72,12,12,0.14896666666666666,0.2914391636718873
2025-09-01,Eje Cafetero,E-commerce,Hogar,1133363.74,852615.5,41,7,7,0.1253142857142857,0.24771238931642545
2025-09-01,Eje Cafetero,Marketplace,Alimentos,343695.05,316827.0,21,3,3,0.17463333333333333,0.07817409648465984
2025-09-01,Eje Cafetero,Marketplace,Bebidas,60251.93000000001,60669.0,9,2,2,0.26225,-0.006922101914411578
2025-09-01,Eje Cafetero,Marketplace,Cuidado personal,1030974.4600000001,796722.0,51,9,9,0.1892222222222222,0.22721461014659863
2025-09-01,Eje Cafetero,Marketplace,Hogar,582551.02,468446.0,22,3,3,0.1629,0.19587129038071208
2025-09-01,Eje Cafetero,Tienda,Alimentos,2958423.15,2453400.0,174,15,15,0.05874,0.17070686794754156
2025-09-01,Eje Cafetero,Tienda,Bebidas,1106282.88,844200.0,134,10,10,0.11727000000000001,0.23690403669629229
2025-09-01,Eje Cafetero,Tienda,Cuidado personal,3220871.2,2044000.0,140,14,14,0.09480714285714287,0.36538909100121736
2025-09-01,Eje Cafetero,Tienda,Hogar,3718939.02,2606900.0,131,19,19,0.1139,0.299020503971587
2025-09-01,Valle,E-commerce,Alimentos,2770520.61,2431192.5,165,25,25,0.104444,0.12247810349261393
2025-09-01,Valle,E-commerce,Bebidas,644091.87,513513.0,78,12,12,0.11039166666666667,0.2027332995213866
2025-09-01,Valle,E-commerce,Cuidado personal,3641124.64,2624204.0,172,30,30,0.16263,0.27928751156400955
2025-09-01,Valle,E-commerce,Hogar,3052339.84,2266709.5,109,19,19,0.1333842105263158,0.2573862614196982
2025-09-01,Valle,Marketplace,Alimentos,662494.79,618567.0,41,6,6,0.14873333333333333,0.06630661955847235
2025-09-01,Valle,Marketplace,Bebidas,203039.04,182007.0,27,6,6,0.20093333333333332,0.10358618716873369
2025-09-01,Valle,Marketplace,Cuidado personal,2776700.5500000003,2093348.0,134,10,10,0.18768,0.24610235698624405
2025-09-01,Valle,Marketplace,Hogar,1021819.09,787841.0,37,5,5,0.16154,0.22898191303120005
2025-09-01,Valle,Tienda,Alimentos,8442637.36,6979500.0,495,45,45,0.08162222222222222,0.17330335268599048
2025-09-01,Valle,Tienda,Bebidas,2815820.57,2129400.0,338,30,30,0.08275333333333333,0.24377283741484987
2025-09-01,Valle,Tienda,Cuidado personal,4828806.68,3226600.0,221,23,23,0.11989130434782608,0.3318017858606839
2025-09-01,Valle,Tienda,Hogar,9219010.89,6228700.0,313,34,34,0.07227941176470588,0.3243635272460341
2025-09-08,Antioquia,E-commerce,Alimentos,5526001.88,4832916.0,328,39,39,0.10314102564102565,0.12542266453228204
2025-09-08,Antioquia,E-commerce,Bebidas,827727.73,651766.5,99,19,19,0.11303684210526316,0.21258346630479563
2025-09-08,Antioquia,E-commerce,Cuidado personal,3407398.75,2441120.0,160,35,35,0.13689142857142858,0.28358252758060676
2025-09-08,Antioquia,E-commerce,Hogar,3223988.11,2370687.0,114,19,19,0.12469473684210525,0.2646725362768165
2025-09-08,Antioquia,Marketplace,Alimentos,580441.61,558219.0,37,9,9,0.17303333333333334,0.03828569423201756
2025-09-08,Antioquia,Marketplace,Bebidas,245967.91,222453.0,33,8,8,0.20315,0.09560153598898329
2025-09-08,Antioquia,Marketplace,Cuidado personal,909869.11,687368.0,44,7,7,0.17355714285714288,0.2445418880084851
2025-09-08,Antioquia,Marketplace,Hogar,1922275.99,1618268.0,76,13,13,0.19166153846153847,0.15815002194351915
2025-09-08,Antioquia,Tienda,Alimentos,4241203.39,3595500.0,255,32,32,0.1150125,0.1522453253532837
2025-09-08,Antioquia,Tienda,Bebidas,2385349.82,1833300.0,291,25,25,0.103792,0.23143348425095983
2025-09-08,Antioquia,Tienda,Cuidado personal,4446526.9,2890800.0,198,26,26,0.11303461538461537,0.3498746178731091
2025-09-08,Antioquia,Tienda,Hogar,7742906.9399999995,5373000.0,270,30,30,0.10325666666666668,0.3060745735890246
2025-09-08,Bogotá,E-commerce,Alimentos,7340135.75,6497914.5,441,68,68,0.11186617647058825,0.11474191740936127
2025-09-08,Bogotá,E-commerce,Bebidas,1563856.41,1264032.0,192,35,35,0.13056,0.19172118877589275
2025-09-08,Bogotá,E-commerce,Cuidado personal,8367293.66,5904459.0,387,74,74,0.13222027027027028,0.2943406506423488
2025-09-08,Bogotá,E-commerce,Hogar,5759970.9,4346259.5,209,36,36,0.13388055555555556,0.245437246913869
2025-09-08,Bogotá,Marketplace,Alimentos,1728827.33,1584135.0,105,16,16,0.125675,0.08369391638435059
2025-09-08,Bogotá,Marketplace,Bebidas,347249.24,276381.0,41,6,6,0.08538333333333332,0.2040846511283941
2025-09-08,Bogotá,Marketplace,Cuidado personal,3237197.51,2405788.0,154,28,28,0.1648892857142857,0.2568300227068937
2025-09-08,Bogotá,Marketplace,Hogar,3683024.18,2853262.0,134,21,21,0.14740952380952382,0.22529370958406256
2025-09-08,Bogotá,Tienda,Alimentos,17948583.28,15087000.0,1070,66,66,0.07227878787878789,0.15943226467286956
2025-09-08,Bogotá,Tienda,Bebidas,3135305.33,2375100.0,377,30,30,0.08088666666666668,0.2424661237060443
2025-09-08,Bogotá,Tienda,Cuidado personal,13520682.59,8730800.0,598,64,64,0.0988609375,0.35426337081107384
2025-09-08,Bogotá,Tienda,Hogar,17164879.95,11959900.0,601,55,55,0.09028545454545454,0.3032342763341027
2025-09-08,Caribe,E-commerce,Alimentos,2417060.77,2121768.0,144,22,22,0.108,0.12217018854681093
2025-09-08,Caribe,E-commerce,Bebidas,388290.1,309424.5,47,8,8,0.127325,0.2031099943058038
2025-09-08,Caribe,E-commerce,Cuidado personal,2201641.28,1510443.0,99,16,16,0.1103375,0.31394682061920637
2025-09-08,Caribe,E-commerce,Hogar,2270482.72,1767617.5,85,13,13,0.16882307692307694,0.22147943059438926
2025-09-08,Caribe,Marketplace,Alimentos,591204.23,558219.0,37,8,8,0.147,0.05579329160077218
2025-09-08,Caribe,Marketplace,Bebidas,244655.22,215712.0,32,5,5,0.16476,0.11830207424145703
2025-09-08,Caribe,Marketplace,Cuidado personal,737674.48,562392.0,36,6,6,0.17843333333333333,0.23761494365373734
2025-09-08,Caribe,Marketplace,Hogar,1893163.94,1533096.0,72,11,11,0.18382727272727273,0.190193745186167
2025-09-08,Caribe,Tienda,Alimentos,9287349.53,7853700.0,557,35,35,0.08955428571428571,0.15436584198419842
2025-09-08,Caribe,Tienda,Bebidas,1537531.2,1140300.0,181,21,21,0.08564285714285715,0.25835651335075344
2025-09-08,Caribe,Tienda,Cuidado personal,3246775.85,2131600.0,146,21,21,0.1149904761904762,0.3434717706182273
2025-09-08,Caribe,Tienda,Hogar,6352907.1899999995,4397900.0,221,24,24,0.09019583333333332,0.30773425953354744
2025-09-08,Eje Cafetero,E-commerce,Alimentos,1350745.6400000001,1237698.0,84,17,17,0.13521764705882355,0.08369276690761712
2025-09-08,Eje Cafetero,E-commerce,Bebidas,195253.3,151420.5,23,3,3,0.13193333333333332,0.22449198041723234
2025-09-08,Eje Cafetero,E-commerce,Cuidado personal,1486232.57,1037476.0,68,13,13,0.13577692307692307,0.3019423602054422
2025-09-08,Eje Cafetero,E-commerce,Hogar,2054990.8800000001,1538867.0,74,11,11,0.13685454545454545,0.25115628736999557
2025-09-08,Eje Cafetero,Marketplace,Alimentos,465461.76,467697.0,31,7,7,0.19690000000000002,-0.004802199003415427
2025-09-08,Eje Cafetero,Marketplace,Bebidas,118216.51000000001,94374.0,14,3,3,0.09173333333333333,0.2016851114958478
2025-09-08,Eje Cafetero,Marketplace,Cuidado personal,905419.17,718612.0,46,9,9,0.21513333333333332,0.2063212003783839
2025-09-08,Eje Cafetero,Marketplace,Hogar,394446.61,319395.0,15,2,2,0.21250000000000002,0.19027064271131647
2025-09-08,Eje Cafetero,Tienda,Alimentos,3219203.1,2636700.0,187,21,21,0.07459523809523809,0.180946365266609
2025-09-08,Eje Cafetero,Tienda,Bebidas,415393.7,308700.0,49,8,8,0.1088,0.2568495863081217
2025-09-08,Eje Cafetero,Tienda,Cuidado personal,1717366.05,1109600.0,76,8,8,0.068975,0.3538942964430909
2025-09-08,Eje Cafetero,Tienda,Hogar,5272617.73,3721300.0,187,17,17,0.11818823529411764,0.2942215441057587
2025-09-08,Valle,E-commerce,Alimentos,3465468.4,3108979.5,211,22,22,0.12000909090909091,0.1028688935671726
2025-09-08,Valle,E-commerce,Bebidas,537007.76,421344.0,64,10,10,0.10019,0.215385639864869
2025-09-08,Valle,E-commerce,Cuidado personal,3728805.0100000002,2731003.0,179,35,35,0.16437428571428572,0.2675929707571381
2025-09-08,Valle,E-commerce,Hogar,4753718.74,3597621.5,173,22,22,0.12744545454545453,0.2431984943223629
2025-09-08,Valle,Marketplace,Alimentos,1072531.45,980655.0,65,9,9,0.11872222222222223,0.08566317565792589
2025-09-08,Valle,Marketplace,Bebidas,261229.25,249417.0,37,7,7,0.23294285714285715,0.04521794554017209
2025-09-08,Valle,Marketplace,Cuidado personal,1757058.3699999999,1390358.0,89,13,13,0.21397692307692306,0.20870130227944556
2025-09-08,Valle,Marketplace,Hogar,1867408.47,1490510.0,70,12,12,0.17963333333333334,0.20182968860583564
2025-09-08,Valle,Tienda,Alimentos,8867599.82,7416600.0,526,37,37,0.0745108108108108,0.16362937541762007
2025-09-08,Valle,Tienda,Bebidas,2588854.47,1965600.0,312,23,23,0.07165217391304347,0.24074527062929116
2025-09-08,Valle,Tienda,Cuidado personal,4008461.0,2540400.0,174,21,21,0.08095714285714285,0.36624055965618724
2025-09-08,Valle,Tienda,Hogar,7924876.06,5452600.0,274,30,30,0.09887333333333334,0.31196400313167794
2025-09-15,Antioquia,E-commerce,Alimentos,3977472.48,3477342.0,236,37,37,0.10960540540540539,0.12574077696698482
2025-09-15,Antioquia,E-commerce,Bebidas,1001889.8099999999,790020.0,120,20,20,0.10782,0.21147017155509343
2025-09-15,Antioquia,E-commerce,Cuidado personal,4258002.48,2975115.0,195,37,37,0.13768378378378376,0.30128857040966317
2025-09-15,Antioquia,E-commerce,Hogar,4586289.48,3431257.5,165,29,29,0.13283793103448277,0.25184454340200096
2025-09-15,Antioquia,Marketplace,Alimentos,1010778.65,935394.0,62,12,12,0.15955,0.07458076998361612
2025-09-15,Antioquia,Marketplace,Bebidas,466697.95,404460.0,60,10,10,0.18214000000000002,0.13335809595906734
2025-09-15,Antioquia,Marketplace,Cuidado personal,1853873.72,1374736.0,88,17,17,0.1787411764705882,0.2584521884262969
2025-09-15,Antioquia,Marketplace,Hogar,2068878.29,1788612.0,84,15,15,0.22642,0.13546775146449047
2025-09-15,Antioquia,Tienda,Alimentos,8316494.55,6937200.0,492,43,43,0.08629767441860464,0.16585047242049836
2025-09-15,Antioquia,Tienda,Bebidas,2273575.42,1701000.0,270,32,32,0.07578125000000001,0.25183920223768075
2025-09-15,Antioquia,Tienda,Cuidado personal,5237950.11,3343400.0,229,33,33,0.08498787878787878,0.36169686045367855
2025-09-15,Antioquia,Tienda,Hogar,8497775.78,5970000.0,300,22,22,0.09523636363636365,0.2974632239590581
2025-09-15,Bogotá,E-commerce,Alimentos,5748347.79,5024464.5,341,55,55,0.11412363636363636,0.12592893061538296
2025-09-15,Bogotá,E-commerce,Bebidas,1767401.75,1408869.0,214,37,37,0.11748108108108109,0.20285865961148902
2025-09-15,Bogotá,E-commerce,Cuidado personal,7860881.44,5462006.0,358,70,70,0.12031428571428572,0.3051662155586461
2025-09-15,Bogotá,E-commerce,Hogar,6346803.42,4720578.5,227,39,39,0.12744615384615385,0.2562273970666008
2025-09-15,Bogotá,Marketplace,Alimentos,2218469.76,2097093.0,139,18,18,0.15231666666666666,0.05471192900100644
2025-09-15,Bogotá,Marketplace,Bebidas,963144.08,781956.0,116,15,15,0.12349333333333333,0.18812146984280895
2025-09-15,Bogotá,Marketplace,Cuidado personal,3280295.2800000003,2515142.0,161,31,31,0.1859483870967742,0.23325744016556954
2025-09-15,Bogotá,Marketplace,Hogar,3147036.73,2555160.0,120,21,21,0.18076190476190476,0.18807429997806221
2025-09-15,Bogotá,Tienda,Alimentos,17458806.63,14748600.0,1046,61,61,0.08341639344262296,0.15523435750430778
2025-09-15,Bogotá,Tienda,Bebidas,4757167.43,3616200.0,574,42,42,0.08632380952380952,0.23984176440895202
2025-09-15,Bogotá,Tienda,Cuidado personal,10552997.14,6745200.0,462,49,49,0.08356734693877552,0.3608261320916079
2025-09-15,Bogotá,Tienda,Hogar,14324548.02,9751000.0,490,56,56,0.0798875,0.31928044177131387
2025-09-15,Caribe,E-commerce,Alimentos,1382034.25,1252432.5,85,17,17,0.13877647058823528,0.09377607682298757
2025-09-15,Caribe,E-commerce,Bebidas,839865.23,678100.5,103,12,12,0.13165,0.19260796163689262
2025-09-15,Caribe,E-commerce,Cuidado personal,2395108.66,1693527.0,111,22,22,0.14533636363636362,0.2929226851862329
2025-09-15,Caribe,E-commerce,Hogar,3507554.77,2516255.5,121,19,19,0.10284736842105263,0.2826183295777873
2025-09-15,Caribe,Marketplace,Alimentos,676008.64,633654.0,42,7,7,0.15251428571428574,0.06265399211465701
2025-09-15,Caribe,Marketplace,Bebidas,415915.93,357273.0,53,8,8,0.15211249999999998,0.1409970760196658
2025-09-15,Caribe,Marketplace,Cuidado personal,220425.21999999997,187464.0,12,3,3,0.2375333333333333,0.14953470387825846
2025-09-15,Caribe,Marketplace,Hogar,827755.72,660083.0,31,6,6,0.17761666666666667,0.20256304601555636
2025-09-15,Caribe,Tienda,Alimentos,6594585.03,5499000.0,390,30,30,0.07698666666666668,0.16613403648841876
2025-09-15,Caribe,Tienda,Bebidas,1360885.72,1045800.0,166,11,11,0.09737272727272726,0.23152988922537887
2025-09-15,Caribe,Tienda,Cuidado personal,2754076.9699999997,1766600.0,121,15,15,0.09820000000000001,0.35855097034561084
2025-09-15,Caribe,Tienda,Hogar,5904318.38,4179000.0,210,22,22,0.10684090909090908,0.2922129649790328
2025-09-15,Eje Cafetero,E-commerce,Alimentos,1556702.14,1385043.0,94,14,14,0.11581428571428572,0.11027102461617988
2025-09-15,Eje Cafetero,E-commerce,Bebidas,566120.65,454261.5,69,12,12,0.12753333333333333,0.1975888885169619
2025-09-15,Eje Cafetero,E-commerce,Cuidado personal,2552812.79,1769812.0,116,18,18,0.13143888888888888,0.30672080344755714
2025-09-15,Eje Cafetero,E-commerce,Hogar,716211.85,582274.0,28,6,6,0.21868333333333334,0.18700870419834575
2025-09-15,Eje Cafetero,Marketplace,Alimentos,410536.43,377175.0,25,4,4,0.12290000000000001,0.08126301970326968
2025-09-15,Eje Cafetero,Marketplace,Bebidas,254068.94,215712.0,32,6,6,0.14521666666666666,0.15097059876740543
2025-09-15,Eje Cafetero,Marketplace,Cuidado personal,767834.27,609258.0,39,7,7,0.24034285714285716,0.2065240849434866
2025-09-15,Eje Cafetero,Marketplace,Hogar,1546087.17,1298873.0,61,9,9,0.21532222222222222,0.15989665705588899
2025-09-15,Eje Cafetero,Tienda,Alimentos,4503651.85,3792900.0,269,20,20,0.09985000000000001,0.15781678372852015
2025-09-15,Eje Cafetero,Tienda,Bebidas,1602101.48,1215900.0,193,14,14,0.08480714285714286,0.24105931167356515
2025-09-15,Eje Cafetero,Tienda,Cuidado personal,1886992.7,1241000.0,85,12,12,0.1281,0.34233979813488413
2025-09-15,Eje Cafetero,Tienda,Hogar,4743352.37,3343200.0,168,21,21,0.1139047619047619,0.29518202755828576
2025-09-15,Valle,E-commerce,Alimentos,4100574.1199999996,3683625.0,250,20,20,0.11512,0.10168066904738687
2025-09-15,Valle,E-commerce,Bebidas,2144367.58,1777545.0,270,19,19,0.15446315789473686,0.17106329316916835
2025-09-15,Valle,E-commerce,Cuidado personal,3216702.11,2349578.0,154,30,30,0.16302666666666665,0.26956929188571954
2025-09-15,Valle,E-commerce,Hogar,4217381.16,3264893.5,157,24,24,0.15275833333333333,0.2258481327307869
2025-09-15,Valle,Marketplace,Alimentos,1486439.88,1403091.0,93,15,15,0.1649,0.056072822803973674
2025-09-15,Valle,Marketplace,Bebidas,265000.02999999997,242676.0,36,5,5,0.21928,0.08424161310472295
2025-09-15,Valle,Marketplace,Cuidado personal,1072653.26,796722.0,51,12,12,0.15225833333333336,0.25724180430869154
2025-09-15,Valle,Marketplace,Hogar,1204293.31,958185.0,45,9,9,0.1595,0.2043591108215988
2025-09-15,Valle,Tienda,Alimentos,7590302.24,6387300.0,453,38,38,0.09409473684210527,0.15849200755937226
2025-09-15,Valle,Tienda,Bebidas,2127330.18,1631700.0,259,22,22,0.09012272727272728,0.23298225384082133
2025-09-15,Valle,Tienda,Cuidado personal,3893279.42,2525800.0,173,23,23,0.10970869565217391,0.3512410162433191
2025-09-15,Valle,Tienda,Hogar,8985696.91,6169000.0,310,28,28,0.09311428571428572,0.3134644912032761
2025-09-22,Antioquia,E-commerce,Alimentos,2668774.23,2401723.5,163,31,31,0.11742580645161291,0.10006493880151113
2025-09-22,Antioquia,E-commerce,Bebidas,1537181.4400000002,1237698.0,188,22,22,0.13426363636363636,0.19482634398708337
2025-09-22,Antioquia,E-commerce,Cuidado personal,4133936.73,2914087.0,191,42,42,0.12958333333333333,0.2950818577235458
2025-09-22,Antioquia,E-commerce,Hogar,3709268.96,2703415.0,130,20,20,0.13642,0.2711730992944766
2025-09-22,Antioquia,Marketplace,Alimentos,564855.15,588393.0,39,11,11,0.19614545454545454,-0.04167059466484457
2025-09-22,Antioquia,Marketplace,Bebidas,279690.41,242676.0,36,8,8,0.16391250000000002,0.1323406476468034
2025-09-22,Antioquia,Marketplace,Cuidado personal,2224087.43,1671554.0,107,18,18,0.17671111111111112,0.248431524115039
2025-09-22,Antioquia,Marketplace,Hogar,493295.71,383274.0,18,4,4,0.14602500000000002,0.22303398908537034
2025-09-22,Antioquia,Tienda,Alimentos,6847230.31,5696400.0,404,33,33,0.08296363636363636,0.16807238224764776
2025-09-22,Antioquia,Tienda,Bebidas,2464866.6999999997,1833300.0,291,23,23,0.05568260869565217,0.2562275274358649
2025-09-22,Antioquia,Tienda,Cuidado personal,6376197.67,4175600.0,286,34,34,0.11788235294117647,0.3451269524396661
2025-09-22,Antioquia,Tienda,Hogar,8297593.66,5691400.0,286,31,31,0.0802774193548387,0.3140902973549563
2025-09-22,Bogotá,E-commerce,Alimentos,5635585.83,4980261.0,338,58,58,0.11341206896551724,0.11628335540761342
2025-09-22,Bogotá,E-commerce,Bebidas,1820746.44,1461537.0,222,38,38,0.12815,0.1972869105266519
2025-09-22,Bogotá,E-commerce,Cuidado personal,7426062.25,5248408.0,344,65,65,0.13744307692307692,0.2932448149084665
2025-09-22,Bogotá,E-commerce,Hogar,6566066.69,4824556.0,232,35,35,0.11724,0.2652289067749326
2025-09-22,Bogotá,Marketplace,Alimentos,2448339.9,2293224.0,152,26,26,0.15650769230769232,0.06335554144259133
2025-09-22,Bogotá,Marketplace,Bebidas,367904.54,316827.0,47,13,13,0.1665153846153846,0.13883367680105274
2025-09-22,Bogotá,Marketplace,Cuidado personal,3160951.9,2374544.0,152,28,28,0.18285357142857145,0.2487883159500149
2025-09-22,Bogotá,Marketplace,Hogar,3085024.06,2448695.0,115,20,20,0.164845,0.20626388891112896
2025-09-22,Bogotá,Tienda,Alimentos,14939831.76,12464400.0,884,72,72,0.07737222222222223,0.16569341608168148
2025-09-22,Bogotá,Tienda,Bebidas,3815285.42,2885400.0,458,40,40,0.0919075,0.24372630554072675
2025-09-22,Bogotá,Tienda,Cuidado personal,15230644.81,10088600.0,691,53,53,0.11659811320754718,0.3376117606408813
2025-09-22,Bogotá,Tienda,Hogar,17616315.62,12258400.0,616,57,57,0.09296315789473683,0.30414507412191794
2025-09-22,Caribe,E-commerce,Alimentos,3022822.09,2652210.0,180,18,18,0.10820555555555555,0.12260466509955929
2025-09-22,Caribe,E-commerce,Bebidas,459582.61,362092.5,55,11,11,0.09605454545454545,0.21212749977637316
2025-09-22,Caribe,E-commerce,Cuidado personal,3168724.88,2151237.0,141,28,28,0.11195714285714287,0.321103257156235
2025-09-22,Caribe,E-commerce,Hogar,3706729.7,2932165.5,141,23,23,0.1801782608695652,0.2089616083956702
2025-09-22,Caribe,Marketplace,Alimentos,557534.39,543132.0,36,5,5,0.18680000000000002,0.025832289914887608
2025-09-22,Caribe,Marketplace,Bebidas,43225.61,40446.0,6,2,2,0.2169,0.06430470269823839
2025-09-22,Caribe,Marketplace,Cuidado personal,1064859.45,796722.0,51,8,8,0.17635,0.25180548475200176
2025-09-22,Caribe,Marketplace,Hogar,1022577.49,873013.0,41,8,8,0.23746250000000002,0.1462622553915205
2025-09-22,Caribe,Tienda,Alimentos,4458932.05,3637800.0,258,26,26,0.07329230769230768,0.18415442101208962
2025-09-22,Caribe,Tienda,Bebidas,1141054.04,863100.0,137,15,15,0.08936000000000001,0.24359410707664644
2025-09-22,Caribe,Tienda,Cuidado personal,5656892.18,3810600.0,261,22,22,0.14043181818181819,0.3263792416846099
2025-09-22,Caribe,Tienda,Hogar,4764643.92,3343200.0,168,21,21,0.12318095238095236,0.2983316159332217
2025-09-22,Eje Cafetero,E-commerce,Alimentos,1039672.29,928273.5,63,9,9,0.12684444444444443,0.10714798410179811
2025-09-22,Eje Cafetero,E-commerce,Bebidas,200855.8,171171.0,26,5,5,0.16812,0.14779159974469241
2025-09-22,Eje Cafetero,E-commerce,Cuidado personal,1325045.73,961191.0,63,13,13,0.16156923076923077,0.2745978661430802
2025-09-22,Eje Cafetero,E-commerce,Hogar,2882504.09,2100345.5,101,16,16,0.11611875,0.2713469142033377
2025-09-22,Eje Cafetero,Marketplace,Alimentos,164375.96000000002,181044.0,12,2,2,0.20295,-0.10140193249669828
2025-09-22,Eje Cafetero,Marketplace,Bebidas,182867.61,155043.0,23,4,4,0.13265000000000002,0.1521571261307565
2025-09-22,Eje Cafetero,Marketplace,Cuidado personal,744793.35,578014.0,37,6,6,0.18251666666666666,0.22392701277475152
2025-09-22,Eje Cafetero,Marketplace,Hogar,304893.54000000004,234223.0,11,2,2,0.14784999999999998,0.2317875937942143
2025-09-22,Eje Cafetero,Tienda,Alimentos,2719045.8,2213700.0,157,19,19,0.07471052631578948,0.1858540963157001
2025-09-22,Eje Cafetero,Tienda,Bebidas,3139213.73,2425500.0,385,16,16,0.07820625,0.2273542967716314
2025-09-22,Eje Cafetero,Tienda,Cuidado personal,2081170.44,1328600.0,91,13,13,0.09117692307692307,0.3616092298524094
2025-09-22,Eje Cafetero,Tienda,Hogar,3530923.54,2368100.0,119,16,16,0.0762625,0.32932560754345874
2025-09-22,Valle,E-commerce,Alimentos,4215529.71,3757297.5,255,26,26,0.12992307692307692,0.10870097983486872
2025-09-22,Valle,E-commerce,Bebidas,654174.4500000001,533263.5,81,14,14,0.1329,0.18482982635595147
2025-09-22,Valle,E-commerce,Cuidado personal,2995671.86,2105466.0,138,26,26,0.12688461538461537,0.2971640091448467
2025-09-22,Valle,E-commerce,Hogar,3436092.29,2578642.0,124,18,18,0.15143333333333334,0.2495422758275215
2025-09-22,Valle,Marketplace,Alimentos,1065961.75,1041003.0,69,13,13,0.17308461538461536,0.023414301685778124
2025-09-22,Valle,Marketplace,Bebidas,200898.07,168525.0,25,5,5,0.16576,0.16114176706625408
2025-09-22,Valle,Marketplace,Cuidado personal,1072243.49,859210.0,55,11,11,0.19663636363636366,0.19868014307086163
2025-09-22,Valle,Marketplace,Hogar,1217749.6400000001,979478.0,46,7,7,0.1620857142857143,0.19566553926470479
2025-09-22,Valle,Tienda,Alimentos,9192711.65,7811400.0,554,38,38,0.08681842105263159,0.15026160969598132
2025-09-22,Valle,Tienda,Bebidas,2581487.15,1978200.0,314,23,23,0.09609130434782609,0.23369752198843985
2025-09-22,Valle,Tienda,Cuidado personal,4245786.35,2847000.0,195,22,22,0.14135454545454545,0.3294528350443257
2025-09-22,Valle,Tienda,Hogar,7097031.63,4875500.0,245,29,29,0.09212068965517241,0.313022647469869
2025-09-29,Antioquia,E-commerce,Alimentos,3174756.9,2725882.5,185,29,29,0.08532758620689655,0.14138858946963778
2025-09-29,Antioquia,E-commerce,Bebidas,591130.4400000001,487179.0,74,15,15,0.14798666666666668,0.1758519490216069
2025-09-29,Antioquia,E-commerce,Cuidado personal,2783910.08,1952896.0,128,29,29,0.12690344827586209,0.29850607818482416
2025-09-29,Antioquia,E-commerce,Hogar,5521288.45,4138304.5,199,33,33,0.1385909090909091,0.2504821044080753
2025-09-29,Antioquia,Marketplace,Alimentos,1451087.33,1357830.0,90,15,15,0.14463333333333334,0.06426720712942899
2025-09-29,Antioquia,Marketplace,Bebidas,627831.04,519057.0,77,12,12,0.1386,0.17325368302911565
2025-09-29,Antioquia,Marketplace,Cuidado personal,1793621.82,1405980.0,90,18,18,0.2039,0.21612238191883731
2025-09-29,Antioquia,Marketplace,Hogar,2274581.62,1831198.0,86,15,15,0.17905999999999997,0.19492974712422062
2025-09-29,Antioquia,Tienda,Alimentos,6193042.74,5146500.0,365,34,34,0.08482941176470588,0.16898684280677195
2025-09-29,Antioquia,Tienda,Bebidas,2243161.04,1656900.0,263,29,29,0.07698620689655172,0.26135486019318527
2025-09-29,Antioquia,Tienda,Cuidado personal,3243938.02,2073200.0,142,19,19,0.08953684210526316,0.3609002430940404
2025-09-29,Antioquia,Tienda,Hogar,12178698.8,8537100.0,429,35,35,0.09957714285714285,0.29901378298312137
2025-09-29,Bogotá,E-commerce,Alimentos,5480625.9799999995,4862385.0,330,51,51,0.12050980392156863,0.11280481139492018
2025-09-29,Bogotá,E-commerce,Bebidas,2736212.58,2185722.0,332,32,32,0.11070624999999999,0.2011870656628587
2025-09-29,Bogotá,E-commerce,Cuidado personal,7984082.58,5660347.0,371,69,69,0.14851159420289853,0.29104603524779676
2025-09-29,Bogotá,E-commerce,Hogar,5641078.45,4179895.5,201,38,38,0.12426315789473685,0.2590254617005016
2025-09-29,Bogotá,Marketplace,Alimentos,3192517.38,3017400.0,200,28,28,0.1536107142857143,0.05485244374769853
2025-09-29,Bogotá,Marketplace,Bebidas,789435.04,680841.0,101,16,16,0.16966875,0.13755918409702214
2025-09-29,Bogotá,Marketplace,Cuidado personal,2973493.2600000002,2187080.0,140,24,24,0.1538125,0.26447453928313264
2025-09-29,Bogotá,Marketplace,Hogar,2859905.37,2320937.0,109,17,17,0.18957058823529413,0.18845671456604876
2025-09-29,Bogotá,Tienda,Alimentos,13897452.19,11815800.0,838,61,61,0.08971147540983605,0.14978660559795742
2025-09-29,Bogotá,Tienda,Bebidas,3202368.03,2412900.0,383,37,37,0.08308918918918919,0.24652632758140539
2025-09-29,Bogotá,Tienda,Cuidado personal,9432570.18,6117400.0,419,52,52,0.11638653846153847,0.351459900826309
2025-09-29,Bogotá,Tienda,Hogar,16354997.62,11422600.0,574,57,57,0.10892456140350877,0.3015835119393921
2025-09-29,Caribe,E-commerce,Alimentos,1592424.74,1473450.0,100,15,15,0.13782666666666668,0.07471294373384327
2025-09-29,Caribe,E-commerce,Bebidas,1068403.72,855855.0,130,14,14,0.10430714285714285,0.19894045295911172
2025-09-29,Caribe,E-commerce,Cuidado personal,2331732.41,1678270.0,110,23,23,0.15622608695652174,0.28024759925175124
2025-09-29,Caribe,E-commerce,Hogar,3528800.23,2578642.0,124,17,17,0.10555882352941176,0.2692581523664206
2025-09-29,Caribe,Marketplace,Alimentos,488935.66000000003,452610.0,30,7,7,0.13251428571428572,0.07429537865984255
2025-09-29,Caribe,Marketplace,Bebidas,257546.71000000002,202230.0,30,3,3,0.07629999999999999,0.2147832134994076
2025-09-29,Caribe,Marketplace,Cuidado personal,977264.68,765478.0,49,9,9,0.1997888888888889,0.21671373613952777
2025-09-29,Caribe,Marketplace,Hogar,565244.71,468446.0,22,6,6,0.18735000000000002,0.17125097906710168
2025-09-29,Caribe,Tienda,Alimentos,5128540.23,4244100.0,301,27,27,0.07567407407407407,0.17245457583161053
2025-09-29,Caribe,Tienda,Bebidas,1669669.73,1291500.0,205,16,16,0.11188124999999999,0.2264937329851455
2025-09-29,Caribe,Tienda,Cuidado personal,3981388.91,2584200.0,177,21,21,0.10630952380952381,0.3509300250700704
2025-09-29,Caribe,Tienda,Hogar,7932662.19,5392900.0,271,31,31,0.08488709677419355,0.32016517647778475
2025-09-29,Eje Cafetero,E-commerce,Alimentos,1182560.16,1046149.5,71,13,13,0.12223846153846153,0.11535198344581465
2025-09-29,Eje Cafetero,E-commerce,Bebidas,238050.01,190921.5,29,7,7,0.12577142857142856,0.19797734938133382
2025-09-29,Eje Cafetero,E-commerce,Cuidado personal,1445374.98,991705.0,65,13,13,0.12403846153846154,0.31387701204015583
2025-09-29,Eje Cafetero,E-commerce,Hogar,2963761.11,2245914.0,108,17,17,0.13906470588235295,0.24220815489410344
2025-09-29,Eje Cafetero,Marketplace,Alimentos,113185.51000000001,105609.0,7,2,2,0.1095,0.066938868765092
2025-09-29,Eje Cafetero,Marketplace,Bebidas,197989.58000000002,155043.0,23,2,2,0.0686,0.21691333453002937
2025-09-29,Eje Cafetero,Marketplace,Cuidado personal,1198194.3800000001,921698.0,59,8,8,0.2079125,0.23076087203814133
2025-09-29,Eje Cafetero,Marketplace,Hogar,1561451.07,1277580.0,60,10,10,0.17837,0.181799529587565
2025-09-29,Eje Cafetero,Tienda,Alimentos,4048784.92,3426300.0,243,15,15,0.0745,0.1537461071160085
2025-09-29,Eje Cafetero,Tienda,Bebidas,855669.05,630000.0,100,13,13,0.08007692307692307,0.2637340336196571
2025-09-29,Eje Cafetero,Tienda,Cuidado personal,2317451.2399999998,1503800.0,103,14,14,0.09256428571428572,0.351097458257633
2025-09-29,Eje Cafetero,Tienda,Hogar,2752007.15,1870600.0,94,12,12,0.07684166666666667,0.32027792878372424
2025-09-29,Valle,E-commerce,Alimentos,2626476.7600000002,2313316.5,157,22,22,0.1121,0.11923206965669104
2025-09-29,Valle,E-commerce,Bebidas,729191.9299999999,585931.5,89,13,13,0.1261153846153846,0.19646463997482796
2025-09-29,Valle,E-commerce,Cuidado personal,3861702.96,2715746.0,178,36,36,0.14040833333333336,0.296749121273688
2025-09-29,Valle,E-commerce,Hogar,3072112.77,2329096.0,112,18,18,0.15876666666666667,0.24185855976895015
2025-09-29,Valle,Marketplace,Alimentos,1054837.3900000001,1025916.0,68,12,12,0.17878333333333332,0.027417865800149658
2025-09-29,Valle,Marketplace,Bebidas,305422.32,276381.0,41,7,7,0.19495714285714286,0.09508578154995354
2025-09-29,Valle,Marketplace,Cuidado personal,1463257.27,1093540.0,70,13,13,0.1609846153846154,0.252667304362684
2025-09-29,Valle,Marketplace,Hogar,569698.63,468446.0,22,4,4,0.2107,0.17773016234917047
2025-09-29,Valle,Tienda,Alimentos,5185467.02,4314600.0,306,30,30,0.09776333333333334,0.16794379689256989
2025-09-29,Valle,Tienda,Bebidas,2082823.8800000001,1638000.0,260,18,18,0.11137222222222223,0.21356768772979504
2025-09-29,Valle,Tienda,Cuidado personal,6366378.77,4131800.0,283,37,37,0.10477027027027028,0.3509968304948968
2025-09-29,Valle,Tienda,Hogar,7582052.140000001,5233700.0,263,27,27,0.08331111111111111,0.3097251372898104
2025-10-06,Antioquia,E-commerce,Alimentos,2272802.57,2003892.0,136,27,27,0.11332592592592593,0.11831673087205276
2025-10-06,Antioquia,E-commerce,Bebidas,923531.78,730768.5,111,22,22,0.1104909090909091,0.20872403546307852
2025-10-06,Antioquia,E-commerce,Cuidado personal,4850331.96,3448082.0,226,44,44,0.13340227272727273,0.28910391527098694
2025-10-06,Antioquia,E-commerce,Hogar,4888737.6,3597621.5,173,26,26,0.11883461538461539,0.2641001022431639
2025-10-06,Antioquia,Marketplace,Alimentos,674668.73,648741.0,43,7,7,0.17868571428571428,0.038430312310457876
2025-10-06,Antioquia,Marketplace,Bebidas,372244.28,310086.0,46,5,5,0.17534,0.16698249869682355
2025-10-06,Antioquia,Marketplace,Cuidado personal,1346343.08,1015430.0,65,12,12,0.17176666666666665,0.2457865940084158
2025-10-06,Antioquia,Marketplace,Hogar,2302023.62,1809905.0,85,15,15,0.15919333333333335,0.21377652936506364
2025-10-06,Antioquia,Tienda,Alimentos,4849226.93,3948000.0,280,35,35,0.07603142857142858,0.1858496092283311
2025-10-06,Antioquia,Tienda,Bebidas,1666389.76,1222200.0,194,23,23,0.05765217391304348,0.2665581430361166
2025-10-06,Antioquia,Tienda,Cuidado personal,6995190.48,4584400.0,314,37,37,0.11825945945945944,0.3446354301419967
2025-10-06,Antioquia,Tienda,Hogar,13434134.02,9293300.0,467,52,52,0.09144423076923076,0.3082322994422531
2025-10-06,Bogotá,E-commerce,Alimentos,5968495.76,5304420.0,360,60,60,0.11654333333333335,0.11126350536269793
2025-10-06,Bogotá,E-commerce,Bebidas,1901844.9000000001,1527372.0,232,39,39,0.12414358974358973,0.19689981028421408
2025-10-06,Bogotá,E-commerce,Cuidado personal,8200128.8,5782403.0,379,78,78,0.13791410256410258,0.29483997861106764
2025-10-06,Bogotá,E-commerce,Hogar,6067790.06,4658192.0,224,35,35,0.14334857142857144,0.23230831094377047
2025-10-06,Bogotá,Marketplace,Alimentos,2916900.13,2730747.0,181,27,27,0.13926296296296295,0.06381882193546334
2025-10-06,Bogotá,Marketplace,Bebidas,334130.96,303345.0,45,7,7,0.2032857142857143,0.09213740624334847
2025-10-06,Bogotá,Marketplace,Cuidado personal,3406492.83,2562008.0,164,27,27,0.1738925925925926,0.24790447893002024
2025-10-06,Bogotá,Marketplace,Hogar,2764781.12,2193179.0,103,18,18,0.1620777777777778,0.20674407672459805
2025-10-06,Bogotá,Tienda,Alimentos,10377480.66,8530500.0,605,57,57,0.06418947368421052,0.17797967739117906
2025-10-06,Bogotá,Tienda,Bebidas,4776249.100000001,3609900.0,573,48,48,0.08034999999999999,0.24419771154733125
2025-10-06,Bogotá,Tienda,Cuidado personal,11537678.36,7489800.0,513,52,52,0.09288653846153846,0.3508399379578475
2025-10-06,Bogotá,Tienda,Hogar,17065031.7,11780800.0,592,60,60,0.09115333333333334,0.3096526155295685
2025-10-06,Caribe,E-commerce,Alimentos,2154265.6,1886016.0,128,18,18,0.10266666666666666,0.1245202077218334
2025-10-06,Caribe,E-commerce,Bebidas,375210.4,309424.5,47,9,9,0.14365555555555554,0.1753306944583626
2025-10-06,Caribe,E-commerce,Cuidado personal,2260090.59,1663013.0,109,20,20,0.17013,0.26418303436235263
2025-10-06,Caribe,E-commerce,Hogar,3044407.51,2308300.5,111,16,16,0.14565,0.24178990742274178
2025-10-06,Caribe,Marketplace,Alimentos,1291209.28,1161699.0,77,11,11,0.11857272727272727,0.1003015405837232
2025-10-06,Caribe,Marketplace,Bebidas,326808.32999999996,256158.0,38,4,4,0.063725,0.21618276988227308
2025-10-06,Caribe,Marketplace,Cuidado personal,930013.78,702990.0,45,9,9,0.18838888888888888,0.24410797440012127
2025-10-06,Caribe,Marketplace,Hogar,1421076.56,1234994.0,58,8,8,0.24495,0.13094478175053428
2025-10-06,Caribe,Tienda,Alimentos,3598623.98,2975100.0,211,25,25,0.082608,0.1732673331432644
2025-10-06,Caribe,Tienda,Bebidas,1945867.75,1486800.0,236,18,18,0.08971666666666667,0.23591929615977242
2025-10-06,Caribe,Tienda,Cuidado personal,5674062.67,3752200.0,257,31,31,0.11888709677419355,0.33871015915303593
2025-10-06,Caribe,Tienda,Hogar,7901727.2,5412800.0,272,27,27,0.09727407407407407,0.3149852098158995
2025-10-06,Eje Cafetero,E-commerce,Alimentos,846380.32,736725.0,50,8,8,0.0960625,0.12955797459940935
2025-10-06,Eje Cafetero,E-commerce,Bebidas,668897.3,526680.0,80,11,11,0.11032727272727273,0.2126145523386027
2025-10-06,Eje Cafetero,E-commerce,Cuidado personal,1376137.12,991705.0,65,10,10,0.14926,0.2793559699922927
2025-10-06,Eje Cafetero,E-commerce,Hogar,1177505.31,894206.5,43,7,7,0.1593,0.2405923842500549
2025-10-06,Eje Cafetero,Marketplace,Alimentos,165133.85,150870.0,10,2,2,0.1076,0.08637750527829398
2025-10-06,Eje Cafetero,Marketplace,Bebidas,84035.22,74151.0,11,3,3,0.1684,0.11761996934142614
2025-10-06,Eje Cafetero,Marketplace,Cuidado personal,724775.5,531148.0,34,8,8,0.1554625,0.26715513976396826
2025-10-06,Eje Cafetero,Marketplace,Hogar,280567.35,234223.0,11,2,2,0.17315,0.16518083804120465
2025-10-06,Eje Cafetero,Tienda,Alimentos,3753290.5300000003,3102000.0,220,19,19,0.07292105263157894,0.17352521069025803
2025-10-06,Eje Cafetero,Tienda,Bebidas,1318917.58,1008000.0,160,16,16,0.1049,0.2357369290657268
2025-10-06,Eje Cafetero,Tienda,Cuidado personal,1782771.25,1211800.0,83,11,11,0.16734545454545455,0.3202717398544541
2025-10-06,Eje Cafetero,Tienda,Hogar,4307948.31,2985000.0,150,20,20,0.10382,0.3070947501689034
2025-10-06,Valle,E-commerce,Alimentos,2981433.45,2637475.5,179,28,28,0.11865357142857144,0.11536663681022301
2025-10-06,Valle,E-commerce,Bebidas,895851.35,737352.0,112,16,16,0.130025,0.17692594870789666
2025-10-06,Valle,E-commerce,Cuidado personal,2765927.72,1983410.0,130,26,26,0.15099230769230768,0.28291329319335945
2025-10-06,Valle,E-commerce,Hogar,3120224.58,2412278.0,116,21,21,0.16292857142857142,0.22688962343857955
2025-10-06,Valle,Marketplace,Alimentos,928666.62,859959.0,57,12,12,0.13917500000000002,0.07398523702725526
2025-10-06,Valle,Marketplace,Bebidas,159945.63,134820.0,20,3,3,0.14576666666666668,0.15708856815906758
2025-10-06,Valle,Marketplace,Cuidado personal,1186201.3,952942.0,61,9,9,0.22734444444444446,0.19664394230557666
2025-10-06,Valle,Marketplace,Hogar,1220519.34,936892.0,44,7,7,0.14784285714285714,0.2323825036643828
2025-10-06,Valle,Tienda,Alimentos,9652936.45,8037000.0,570,49,49,0.07179591836734693,0.1674036142649628
2025-10-06,Valle,Tienda,Bebidas,2720432.72,2116800.0,336,22,22,0.10757272727272728,0.22188849426866183
2025-10-06,Valle,Tienda,Cuidado personal,3613057.74,2350600.0,161,21,21,0.12143809523809525,0.3494153237639651
2025-10-06,Valle,Tienda,Hogar,7609031.6,5392900.0,271,29,29,0.12920344827586208,0.2912501506762043
2025-10-13,Antioquia,E-commerce,Alimentos,3189672.83,2784820.5,189,29,29,0.1081551724137931,0.1269259737839633
2025-10-13,Antioquia,E-commerce,Bebidas,1203768.6099999999,948024.0,144,16,16,0.09748125,0.21245329698371176
2025-10-13,Antioquia,E-commerce,Cuidado personal,4296308.37,2990372.0,196,40,40,0.1199625,0.30396709396350896
2025-10-13,Antioquia,E-commerce,Hogar,3720454.52,2786597.0,134,22,22,0.1379,0.25100629909057454
2025-10-13,Antioquia,Marketplace,Alimentos,992487.72,980655.0,65,11,11,0.19413636363636363,0.011922283532132743
2025-10-13,Antioquia,Marketplace,Bebidas,461701.03,384237.0,57,11,11,0.13260909090909093,0.1677796343664211
2025-10-13,Antioquia,Marketplace,Cuidado personal,1335319.96,1077918.0,69,13,13,0.18830000000000002,0.19276425703993819
2025-10-13,Antioquia,Marketplace,Hogar,1068008.22,873013.0,41,7,7,0.188,0.18257838876932986
2025-10-13,Antioquia,Tienda,Alimentos,8218988.43,6951300.0,493,42,42,0.09154761904761906,0.1542389846143146
2025-10-13,Antioquia,Tienda,Bebidas,1726083.39,1247400.0,198,23,23,0.05840434782608695,0.27732344379954893
2025-10-13,Antioquia,Tienda,Cuidado personal,4722746.4,2993000.0,205,23,23,0.08342173913043478,0.3662585820826628
2025-10-13,Antioquia,Tienda,Hogar,11197605.38,7621700.0,383,43,43,0.08346279069767441,0.3193455438594855
2025-10-13,Bogotá,E-commerce,Alimentos,6425441.47,5643313.5,383,62,62,0.10949677419354839,0.1217236159805841
2025-10-13,Bogotá,E-commerce,Bebidas,1691808.3399999999,1336450.5,203,36,36,0.1123111111111111,0.21004615688323175
2025-10-13,Bogotá,E-commerce,Cuidado personal,5547478.51,3936306.0,258,59,59,0.1357440677966102,0.2904333035442439
2025-10-13,Bogotá,E-commerce,Hogar,6355439.42,4803760.5,231,36,36,0.13820555555555558,0.2441497459824737
2025-10-13,Bogotá,Marketplace,Alimentos,2198311.7800000003,2097093.0,139,20,20,0.167585,0.04604386917309802
2025-10-13,Bogotá,Marketplace,Bebidas,772981.9299999999,674100.0,100,16,16,0.15529375,0.1279226928370757
2025-10-13,Bogotá,Marketplace,Cuidado personal,2605532.58,1968372.0,126,23,23,0.17023913043478262,0.24454139813519432
2025-10-13,Bogotá,Marketplace,Hogar,5674027.28,4471530.0,210,30,30,0.15241000000000002,0.21193011958870953
2025-10-13,Bogotá,Tienda,Alimentos,20032832.01,16948200.0,1202,81,81,0.09415679012345679,0.1539788287776892
2025-10-13,Bogotá,Tienda,Bebidas,4305717.88,3244500.0,515,49,49,0.08182857142857143,0.2464671187421132
2025-10-13,Bogotá,Tienda,Cuidado personal,11737323.97,7606600.0,521,56,56,0.09373392857142858,0.35193064284141085
2025-10-13,Bogotá,Tienda,Hogar,15089457.36,10467400.0,526,57,57,0.09548947368421053,0.3063103761605381
2025-10-13,Caribe,E-commerce,Alimentos,3292150.16,2946900.0,200,24,24,0.1181625,0.10487072072070981
2025-10-13,Caribe,E-commerce,Bebidas,312253.5,263340.0,40,7,7,0.15997142857142857,0.15664676296662808
2025-10-13,Caribe,E-commerce,Cuidado personal,3364819.3,2364835.0,155,27,27,0.13487407407407406,0.29718811348948215
2025-10-13,Caribe,E-commerce,Hogar,4181358.19,3223302.5,155,26,26,0.16015769230769233,0.22912547704983868
2025-10-13,Caribe,Marketplace,Alimentos,632127.86,588393.0,39,7,7,0.14450000000000002,0.06918673067186121
2025-10-13,Caribe,Marketplace,Bebidas,80828.98000000001,67410.0,10,2,2,0.13015,0.16601694095360364
2025-10-13,Caribe,Marketplace,Cuidado personal,619739.14,531148.0,34,7,7,0.2787,0.14294908015653168
2025-10-13,Caribe,Marketplace,Hogar,1221406.28,1000771.0,47,6,6,0.18655,0.18064036808456563
2025-10-13,Caribe,Tienda,Alimentos,3356855.26,2763600.0,196,24,24,0.08623333333333333,0.17672947269105663
2025-10-13,Caribe,Tienda,Bebidas,2223515.98,1713600.0,272,17,17,0.09048235294117647,0.22932867790768025
2025-10-13,Caribe,Tienda,Cuidado personal,3350380.85,2146200.0,147,19,19,0.09183684210526315,0.3594161093655965
2025-10-13,Caribe,Tienda,Hogar,4240963.22,2925300.0,147,12,12,0.090625,0.3102274534698747
2025-10-13,Eje Cafetero,E-commerce,Alimentos,1955332.54,1738671.0,118,17,17,0.1439764705882353,0.11080546943692761
2025-10-13,Eje Cafetero,E-commerce,Bebidas,638284.75,520096.5,79,6,6,0.0998,0.18516539835864793
2025-10-13,Eje Cafetero,E-commerce,Cuidado personal,2215809.9,1556214.0,102,18,18,0.13217222222222222,0.29767711571285965
2025-10-13,Eje Cafetero,E-commerce,Hogar,1895411.6300000001,1414094.0,68,9,9,0.14785555555555555,0.2539383120699751
2025-10-13,Eje Cafetero,Marketplace,Alimentos,954663.76,890133.0,59,10,10,0.14933,0.06759527563924707
2025-10-13,Eje Cafetero,Marketplace,Bebidas,268470.06,235935.0,35,6,6,0.1773,0.1211869211784733
2025-10-13,Eje Cafetero,Marketplace,Cuidado personal,1303908.39,999808.0,64,11,11,0.18227272727272725,0.23322220512746292
2025-10-13,Eje Cafetero,Marketplace,Hogar,1537012.66,1192408.0,56,7,7,0.13402857142857144,0.22420417799291253
2025-10-13,Eje Cafetero,Tienda,Alimentos,3992693.16,3271200.0,232,24,24,0.07346666666666667,0.18070338267616842
2025-10-13,Eje Cafetero,Tienda,Bebidas,1121709.96,850500.0,135,11,11,0.09053636363636364,0.24178260840262128
2025-10-13,Eje Cafetero,Tienda,Cuidado personal,5480097.95,3664600.0,251,16,16,0.11718125,0.33128932485595447
2025-10-13,Eje Cafetero,Tienda,Hogar,2741672.2800000003,1910400.0,96,12,12,0.10165833333333334,0.3031989950308722
2025-10-13,Valle,E-commerce,Alimentos,3915526.9,3418404.0,232,30,30,0.10959999999999999,0.12696194221012755
2025-10-13,Valle,E-commerce,Bebidas,927558.01,770269.5,117,18,18,0.15579444444444446,0.1695726933563972
2025-10-13,Valle,E-commerce,Cuidado personal,3711530.05,2639461.0,173,26,26,0.15028461538461538,0.28884827431209936
2025-10-13,Valle,E-commerce,Hogar,2997496.12,2391482.5,115,22,22,0.16579999999999998,0.20217327921011624
2025-10-13,Valle,Marketplace,Alimentos,552249.0800000001,528045.0,35,6,6,0.14588333333333334,0.043828194335787884
2025-10-13,Valle,Marketplace,Bebidas,280505.23,256158.0,38,7,7,0.1859,0.0867977755708868
2025-10-13,Valle,Marketplace,Cuidado personal,1384211.72,1093540.0,70,13,13,0.20164615384615384,0.20999079533873616
2025-10-13,Valle,Marketplace,Hogar,1713779.32,1384045.0,65,11,11,0.20415454545454545,0.19240185486658812
2025-10-13,Valle,Tienda,Alimentos,8474689.34,6951300.0,493,42,42,0.05933571428571429,0.17975754377328007
2025-10-13,Valle,Tienda,Bebidas,3562774.5,2715300.0,431,26,26,0.08574999999999999,0.23786925049564603
2025-10-13,Valle,Tienda,Cuidado personal,3632109.22,2277600.0,156,23,23,0.06845217391304348,0.3729263460860354
2025-10-13,Valle,Tienda,Hogar,8479958.55,6049600.0,304,33,33,0.12378787878787878,0.28660028650729674
2025-10-20,Antioquia,E-commerce,Alimentos,3015739.48,2666944.5,181,27,27,0.1210074074074074,0.11565819339275288
2025-10-20,Antioquia,E-commerce,Bebidas,1201010.98,974358.0,148,24,24,0.12659583333333332,0.18871849114984776
2025-10-20,Antioquia,E-commerce,Cuidado personal,5655849.44,4119390.0,270,49,49,0.15947551020408163,0.2716584761138904
2025-10-20,Antioquia,E-commerce,Hogar,5603520.51,4159100.0,200,30,30,0.12620666666666666,0.25777018348059905
2025-10-20,Antioquia,Marketplace,Alimentos,1810246.74,1704831.0,113,14,14,0.1439,0.058232802010183424
2025-10-20,Antioquia,Marketplace,Bebidas,358607.38,310086.0,46,9,9,0.17513333333333334,0.13530502356086482
2025-10-20,Antioquia,Marketplace,Cuidado personal,1839045.3199999998,1390358.0,89,14,14,0.17285,0.24397839200613058
2025-10-20,Antioquia,Marketplace,Hogar,1788796.94,1384045.0,65,10,10,0.17051,0.22627047874981268
2025-10-20,Antioquia,Tienda,Alimentos,5655779.1,4624800.0,328,39,39,0.08065641025641025,0.18228772407324037
2025-10-20,Antioquia,Tienda,Bebidas,2304711.6,1732500.0,275,25,25,0.077092,0.24827904714845886
2025-10-20,Antioquia,Tienda,Cuidado personal,6099020.61,4044200.0,277,37,37,0.1303081081081081,0.336909930527354
2025-10-20,Antioquia,Tienda,Hogar,8644606.44,5989900.0,301,40,40,0.10572,0.30709396181603377
2025-10-20,Bogotá,E-commerce,Alimentos,4836099.76,4273005.0,290,49,49,0.11643469387755102,0.11643572050713855
2025-10-20,Bogotá,E-commerce,Bebidas,2488989.2,1955299.5,297,37,37,0.09246216216216216,0.21442025541934862
2025-10-20,Bogotá,E-commerce,Cuidado personal,11009928.56,7689528.0,504,98,98,0.13280714285714287,0.3015823891958115
2025-10-20,Bogotá,E-commerce,Hogar,8371437.4,6405014.0,308,49,49,0.1575326530612245,0.23489674545019
2025-10-20,Bogotá,Marketplace,Alimentos,1989011.71,1885875.0,125,17,17,0.15604117647058824,0.051853244242589185
2025-10-20,Bogotá,Marketplace,Bebidas,836207.86,687582.0,102,14,14,0.11229285714285715,0.177737937072249
2025-10-20,Bogotá,Marketplace,Cuidado personal,2901768.24,2171458.0,139,25,25,0.163184,0.2516776598257896
2025-10-20,Bogotá,Marketplace,Hogar,2938999.65,2278351.0,107,18,18,0.15058888888888888,0.22478691006308896
2025-10-20,Bogotá,Tienda,Alimentos,13386509.46,11153100.0,791,61,61,0.06873934426229508,0.16684031536926136
2025-10-20,Bogotá,Tienda,Bebidas,4956979.82,3761100.0,597,49,49,0.09879387755102041,0.24125170233192522
2025-10-20,Bogotá,Tienda,Cuidado personal,6362321.47,4263200.0,292,29,29,0.13618620689655173,0.32993011747330014
2025-10-20,Bogotá,Tienda,Hogar,17694641.19,12178800.0,612,68,68,0.08746176470588235,0.3117238225275367
2025-10-20,Caribe,E-commerce,Alimentos,1094001.6500000001,972477.0,66,9,9,0.1237111111111111,0.1110826935224459
2025-10-20,Caribe,E-commerce,Bebidas,799255.4,638599.5,97,12,12,0.10695,0.20100696223009568
2025-10-20,Caribe,E-commerce,Cuidado personal,2846845.99,1998667.0,131,22,22,0.12699545454545455,0.2979363804643328
2025-10-20,Caribe,E-commerce,Hogar,3606167.19,2869779.0,138,24,24,0.1776791666666667,0.2042024540742383
2025-10-20,Caribe,Marketplace,Alimentos,542710.2,558219.0,37,6,6,0.20018333333333335,-0.02857657733353832
2025-10-20,Caribe,Marketplace,Bebidas,246166.40999999997,208971.0,31,4,4,0.145925,0.15109864095592887
2025-10-20,Caribe,Marketplace,Cuidado personal,667719.27,484282.0,31,5,5,0.17998,0.2747221448319142
2025-10-20,Caribe,Marketplace,Hogar,567109.66,532325.0,25,5,5,0.27349999999999997,0.06133674393767165
2025-10-20,Caribe,Tienda,Alimentos,5316634.02,4399200.0,312,23,23,0.060721739130434785,0.17255918247312416
2025-10-20,Caribe,Tienda,Bebidas,2012356.69,1505700.0,239,20,20,0.075035,0.2517728057444925
2025-10-20,Caribe,Tienda,Cuidado personal,2805899.6,1854200.0,127,18,18,0.12428333333333333,0.33917806610044066
2025-10-20,Caribe,Tienda,Hogar,6362873.92,4378000.0,220,24,24,0.08329583333333333,0.31194613392559567
2025-10-20,Eje Cafetero,E-commerce,Alimentos,1260992.42,1119822.0,76,12,12,0.12493333333333334,0.11195183869543002
2025-10-20,Eje Cafetero,E-commerce,Bebidas,402033.25,329175.0,50,11,11,0.13833636363636365,0.18122443852591794
2025-10-20,Eje Cafetero,E-commerce,Cuidado personal,2712581.54,1846097.0,121,22,22,0.1133909090909091,0.31943170268717525
2025-10-20,Eje Cafetero,E-commerce,Hogar,1625624.88,1268525.5,61,12,12,0.16519999999999999,0.2196689927629552
2025-10-20,Eje Cafetero,Marketplace,Alimentos,516356.02,467697.0,31,5,5,0.13792,0.09423540757789561
2025-10-20,Eje Cafetero,Marketplace,Bebidas,254120.38,208971.0,31,6,6,0.1623,0.17766926052920276
2025-10-20,Eje Cafetero,Marketplace,Cuidado personal,589393.24,453038.0,29,4,4,0.19294999999999998,0.2313484966335888
2025-10-20,Eje Cafetero,Marketplace,Hogar,453712.47,404567.0,19,3,3,0.23023333333333332,0.10831853486416182
2025-10-20,Eje Cafetero,Tienda,Alimentos,3783764.33,3172500.0,225,16,16,0.07371875,0.16154926065387376
2025-10-20,Eje Cafetero,Tienda,Bebidas,1426264.03,1071000.0,170,11,11,0.08031818181818182,0.24908714131982984
2025-10-20,Eje Cafetero,Tienda,Cuidado personal,2267786.28,1518400.0,104,15,15,0.1347266666666667,0.3304483701171346
2025-10-20,Eje Cafetero,Tienda,Hogar,4758351.59,3283500.0,165,15,15,0.07935333333333335,0.30995010816340285
2025-10-20,Valle,E-commerce,Alimentos,2673568.18,2313316.5,157,26,26,0.10255,0.13474564916463067
2025-10-20,Valle,E-commerce,Bebidas,1051555.6300000001,836104.5,127,19,19,0.11265263157894738,0.2048880000766104
2025-10-20,Valle,E-commerce,Cuidado personal,3828707.87,2715746.0,178,35,35,0.14412857142857144,0.29068863642500886
2025-10-20,Valle,E-commerce,Hogar,3462394.55,2516255.5,121,21,21,0.10682857142857143,0.27326147737842293
2025-10-20,Valle,Marketplace,Alimentos,1018665.32,950481.0,63,9,9,0.1476222222222222,0.06693495759726065
2025-10-20,Valle,Marketplace,Bebidas,522858.09,451647.0,67,7,7,0.17605714285714286,0.13619582705510022
2025-10-20,Valle,Marketplace,Cuidado personal,1602259.24,1249760.0,80,15,15,0.20980000000000001,0.2200013775548581
2025-10-20,Valle,Marketplace,Hogar,902381.41,745255.0,35,7,7,0.19394285714285714,0.1741241655233124
2025-10-20,Valle,Tienda,Alimentos,6314083.36,5146500.0,365,35,35,0.06918285714285714,0.18491731791136826
2025-10-20,Valle,Tienda,Bebidas,2863292.47,2173500.0,345,20,20,0.070535,0.24090884086318998
2025-10-20,Valle,Tienda,Cuidado personal,8667200.56,5723200.0,392,37,37,0.1043081081081081,0.33967144750138334
2025-10-20,Valle,Tienda,Hogar,10653519.14,7502300.0,377,32,32,0.10729375000000001,0.2957913811003864
2025-10-27,Antioquia,E-commerce,Alimentos,3551377.2,3138448.5,213,36,36,0.11684722222222223,0.11627283635204962
2025-10-27,Antioquia,E-commerce,Bebidas,1318507.04,1013859.0,154,23,23,0.08726086956521739,0.23105530024322057
2025-10-27,Antioquia,E-commerce,Cuidado personal,4002464.85,2822545.0,185,39,39,0.1431076923076923,0.29479830410003477
2025-10-27,Antioquia,E-commerce,Hogar,3868640.01,3077734.0,148,25,25,0.17604399999999998,0.2044403221689267
2025-10-27,Antioquia,Marketplace,Alimentos,1303465.58,1206960.0,80,11,11,0.13174545454545455,0.07403768958747654
2025-10-27,Antioquia,Marketplace,Bebidas,363082.32,316827.0,47,12,12,0.17110833333333333,0.1273962334492079
2025-10-27,Antioquia,Marketplace,Cuidado personal,1638231.0999999999,1187272.0,76,12,12,0.16020833333333334,0.27527196864960013
2025-10-27,Antioquia,Marketplace,Hogar,943062.6799999999,745255.0,35,6,6,0.1785,0.2097502999482494
2025-10-27,Antioquia,Tienda,Alimentos,9807768.07,8178000.0,580,46,46,0.07253478260869566,0.1661711470303967
2025-10-27,Antioquia,Tienda,Bebidas,2678075.6,2022300.0,321,29,29,0.09638620689655172,0.24486821805926617
2025-10-27,Antioquia,Tienda,Cuidado personal,7900684.0200000005,5139200.0,352,44,44,0.10547045454545455,0.3495246757128252
2025-10-27,Antioquia,Tienda,Hogar,5112027.53,3562100.0,179,25,25,0.12255200000000001,0.3031923284654142
2025-10-27,Bogotá,E-commerce,Alimentos,5631676.2,4950792.0,336,51,51,0.11014509803921568,0.12090258314212031
2025-10-27,Bogotá,E-commerce,Bebidas,1679706.12,1329867.0,202,34,34,0.1141764705882353,0.20827400450264483
2025-10-27,Bogotá,E-commerce,Cuidado personal,8723948.37,6087543.0,399,73,73,0.13105205479452056,0.3022032293389191
2025-10-27,Bogotá,E-commerce,Hogar,8126416.94,6093081.5,293,44,44,0.13660454545454545,0.2502130342330184
2025-10-27,Bogotá,Marketplace,Alimentos,1239364.34,1222047.0,81,14,14,0.17612142857142857,0.013972759616433761
2025-10-27,Bogotá,Marketplace,Bebidas,628042.1,539280.0,80,16,16,0.1502,0.14133144895859684
2025-10-27,Bogotá,Marketplace,Cuidado personal,3109803.7600000002,2374544.0,152,27,27,0.17528888888888888,0.2364328480971417
2025-10-27,Bogotá,Marketplace,Hogar,1839789.99,1447924.0,68,13,13,0.14735384615384614,0.21299495710377248
2025-10-27,Bogotá,Tienda,Alimentos,15490614.84,12986100.0,921,70,70,0.08214285714285714,0.1616794985782501
2025-10-27,Bogotá,Tienda,Bebidas,4838277.49,3660300.0,581,45,45,0.08241777777777778,0.24347042773687627
2025-10-27,Bogotá,Tienda,Cuidado personal,11690297.8,7519000.0,515,65,65,0.09457538461538462,0.3568170692794499
2025-10-27,Bogotá,Tienda,Hogar,16814185.66,11561900.0,581,65,65,0.09244615384615384,0.3123722888640924
2025-10-27,Caribe,E-commerce,Alimentos,2177317.93,1915485.0,130,21,21,0.11649047619047619,0.12025479898564935
2025-10-27,Caribe,E-commerce,Bebidas,1061498.33,829521.0,126,16,16,0.0989875,0.21853763067154336
2025-10-27,Caribe,E-commerce,Cuidado personal,1541040.17,1052733.0,69,12,12,0.11995833333333333,0.31686855378987294
2025-10-27,Caribe,E-commerce,Hogar,2610183.07,1933981.5,93,15,15,0.11940666666666666,0.25906289017497913
2025-10-27,Caribe,Marketplace,Alimentos,693624.68,709089.0,47,7,7,0.1989857142857143,-0.022294939101647808
2025-10-27,Caribe,Marketplace,Bebidas,80631.03,74151.0,11,2,2,0.19185000000000002,0.0803664544530809
2025-10-27,Caribe,Marketplace,Cuidado personal,1020974.54,796722.0,51,10,10,0.1849,0.21964557509925764
2025-10-27,Caribe,Marketplace,Hogar,1935381.03,1596975.0,75,9,9,0.19743333333333332,0.174852406195177
2025-10-27,Caribe,Tienda,Alimentos,4956415.3,4074900.0,289,30,30,0.07505333333333333,0.17785339739387857
2025-10-27,Caribe,Tienda,Bebidas,2076153.2999999998,1612800.0,256,16,16,0.111625,0.223178750817678
2025-10-27,Caribe,Tienda,Cuidado personal,3640140.79,2423600.0,166,21,21,0.12935238095238097,0.334201576307712
2025-10-27,Caribe,Tienda,Hogar,5632388.2,3900400.0,196,23,23,0.09455217391304348,0.307505118343938
2025-10-27,Eje Cafetero,E-commerce,Alimentos,801265.58,766194.0,52,10,10,0.16662,0.04377023158788371
2025-10-27,Eje Cafetero,E-commerce,Bebidas,390824.99,322591.5,49,8,8,0.137875,0.17458834963444889
2025-10-27,Eje Cafetero,E-commerce,Cuidado personal,1891035.9000000001,1312102.0,86,14,14,0.12858571428571428,0.3061464354008298
2025-10-27,Eje Cafetero,E-commerce,Hogar,1159232.02,852615.5,41,5,5,0.11782,0.2644996986884472
2025-10-27,Eje Cafetero,Marketplace,Alimentos,124221.98999999999,135783.0,9,3,3,0.22343333333333334,-0.09306733856058827
2025-10-27,Eje Cafetero,Marketplace,Bebidas,135217.09,121338.0,18,5,5,0.17156,0.10264301650035507
2025-10-27,Eje Cafetero,Marketplace,Cuidado personal,829079.74,624880.0,40,8,8,0.1871375,0.24629686403867496
2025-10-27,Eje Cafetero,Marketplace,Hogar,1689651.73,1469217.0,69,14,14,0.20456428571428573,0.1304616366119425
2025-10-27,Eje Cafetero,Tienda,Alimentos,5118946.75,4230000.0,300,30,30,0.06401,0.1736581358264764
2025-10-27,Eje Cafetero,Tienda,Bebidas,1714547.1,1304100.0,207,14,14,0.08577857142857144,0.23939097386126054
2025-10-27,Eje Cafetero,Tienda,Cuidado personal,2030266.78,1284800.0,88,16,16,0.085225,0.3671767608786861
2025-10-27,Eje Cafetero,Tienda,Hogar,5050611.7,3621800.0,182,20,20,0.109335,0.28289874274040905
2025-10-27,Valle,E-commerce,Alimentos,3028323.32,2696413.5,183,25,25,0.12305999999999999,0.10960184396691165
2025-10-27,Valle,E-commerce,Bebidas,961768.85,770269.5,117,18,18,0.14062222222222223,0.19911161606034547
2025-10-27,Valle,E-commerce,Cuidado personal,3917307.96,2776774.0,182,26,26,0.15016923076923078,0.2911524883021962
2025-10-27,Valle,E-commerce,Hogar,4907451.92,3514439.5,169,22,22,0.09792727272727272,0.28385655992326053
2025-10-27,Valle,Marketplace,Alimentos,1091927.79,1041003.0,69,10,10,0.15383,0.046637507046139046
2025-10-27,Valle,Marketplace,Bebidas,623652.82,532539.0,79,9,9,0.16841111111111112,0.14609702237857267
2025-10-27,Valle,Marketplace,Cuidado personal,1164773.46,890454.0,57,11,11,0.1685818181818182,0.2355131443328044
2025-10-27,Valle,Marketplace,Hogar,1932720.98,1575682.0,74,12,12,0.20589166666666667,0.18473384606193904
2025-10-27,Valle,Tienda,Alimentos,5235828.9,4314600.0,306,34,34,0.08711470588235294,0.1759470978893142
2025-10-27,Valle,Tienda,Bebidas,2255471.31,1688400.0,268,23,23,0.07752608695652173,0.2514203162265008
2025-10-27,Valle,Tienda,Cuidado personal,7684348.22,5124600.0,351,34,34,0.11940588235294118,0.3331119499943744
2025-10-27,Valle,Tienda,Hogar,7395598.85,5273500.0,265,31,31,0.1418290322580645,0.2869407728895409
2025-11-03,Antioquia,E-commerce,Alimentos,2865704.65,2563803.0,174,36,36,0.12376388888888888,0.10534988314305171
2025-11-03,Antioquia,E-commerce,Bebidas,1620593.96,1336450.5,203,31,31,0.1332193548387097,0.1753329131252593
2025-11-03,Antioquia,E-commerce,Cuidado personal,6537524.7700000005,4561843.0,299,41,41,0.12940975609756097,0.30220639148721734
2025-11-03,Antioquia,E-commerce,Hogar,5372501.01,3909554.0,188,25,25,0.123324,0.2723027891994756
2025-11-03,Antioquia,Marketplace,Alimentos,1258793.96,1206960.0,80,17,17,0.15560588235294115,0.04117747752777584
2025-11-03,Antioquia,Marketplace,Bebidas,494840.43,424683.0,63,8,8,0.1579625,0.14177788585302134
2025-11-03,Antioquia,Marketplace,Cuidado personal,1922149.67,1390358.0,89,16,16,0.13041875,0.2766650684387132
2025-11-03,Antioquia,Marketplace,Hogar,2287852.32,1873784.0,88,16,16,0.189025,0.18098559788159746
2025-11-03,Antioquia,Tienda,Alimentos,12153169.290000001,10095600.0,716,55,55,0.07029636363636363,0.16930310447440503
2025-11-03,Antioquia,Tienda,Bebidas,1590374.92,1184400.0,188,27,27,0.09371851851851852,0.2552699460325996
2025-11-03,Antioquia,Tienda,Cuidado personal,6478848.8,4161000.0,285,34,34,0.09068529411764706,0.3577562729971411
2025-11-03,Antioquia,Tienda,Hogar,10865868.11,7522200.0,378,37,37,0.09942972972972973,0.3077221328430057
2025-11-03,Bogotá,E-commerce,Alimentos,5795993.95,5083402.5,345,55,55,0.11151636363636364,0.12294551308149661
2025-11-03,Bogotá,E-commerce,Bebidas,1984624.32,1606374.0,244,41,41,0.11690487804878048,0.19059038841164663
2025-11-03,Bogotá,E-commerce,Cuidado personal,9296908.71,6499482.0,426,79,79,0.12616075949367087,0.3008985886879813
2025-11-03,Bogotá,E-commerce,Hogar,8555505.15,6425809.5,309,55,55,0.14169272727272728,0.24892693215198408
2025-11-03,Bogotá,Marketplace,Alimentos,2280499.98,2172528.0,144,18,18,0.17298333333333335,0.04734574915453408
2025-11-03,Bogotá,Marketplace,Bebidas,1323761.8800000001,1112265.0,165,19,19,0.14546842105263158,0.1597695803115286
2025-11-03,Bogotá,Marketplace,Cuidado personal,3292324.54,2405788.0,154,29,29,0.16566206896551725,0.26927373933798154
2025-11-03,Bogotá,Marketplace,Hogar,3400541.97,2768090.0,130,18,18,0.17817777777777777,0.1859856386363025
2025-11-03,Bogotá,Tienda,Alimentos,17746933.09,14903700.0,1057,86,86,0.07782674418604651,0.160209827556182
2025-11-03,Bogotá,Tienda,Bebidas,4812001.19,3635100.0,577,45,45,0.08071333333333333,0.24457624666547523
2025-11-03,Bogotá,Tienda,Cuidado personal,9915472.26,6497000.0,445,56,56,0.11430178571428572,0.3447614163362099
2025-11-03,Bogotá,Tienda,Hogar,15899570.55,10865400.0,546,63,63,0.08605873015873017,0.3166230518094088
2025-11-03,Caribe,E-commerce,Alimentos,1026542.21,884070.0,60,10,10,0.09267,0.1387884576124736
2025-11-03,Caribe,E-commerce,Bebidas,1342843.71,1059943.5,161,11,11,0.08690909090909091,0.21067247654606058
2025-11-03,Caribe,E-commerce,Cuidado personal,2112085.78,1540957.0,101,21,21,0.16076666666666667,0.2704098410245439
2025-11-03,Caribe,E-commerce,Hogar,3064912.73,2266709.5,109,14,14,0.10627857142857143,0.26043261270933477
2025-11-03,Caribe,Marketplace,Alimentos,965462.61,950481.0,63,13,13,0.16716923076923076,0.015517545521519457
2025-11-03,Caribe,Marketplace,Bebidas,487927.77,417942.0,62,10,10,0.13018000000000002,0.14343469321289096
2025-11-03,Caribe,Marketplace,Cuidado personal,1118772.47,859210.0,55,9,9,0.19622222222222221,0.23200648653787484
2025-11-03,Caribe,Marketplace,Hogar,896330.98,723962.0,34,7,7,0.15648571428571428,0.19230505677712934
2025-11-03,Caribe,Tienda,Alimentos,6536918.15,5358000.0,380,36,36,0.067975,0.18034769947364268
2025-11-03,Caribe,Tienda,Bebidas,1791683.97,1367100.0,217,18,18,0.12436111111111112,0.23697481090931455
2025-11-03,Caribe,Tienda,Cuidado personal,4883988.81,3212000.0,220,27,27,0.11929999999999999,0.34234083554339667
2025-11-03,Caribe,Tienda,Hogar,6179159.18,4298400.0,216,25,25,0.109336,0.3043713756537341
2025-11-03,Eje Cafetero,E-commerce,Alimentos,1156878.56,1031415.0,70,12,12,0.137425,0.10845006929681543
2025-11-03,Eje Cafetero,E-commerce,Bebidas,520581.14,427927.5,65,12,12,0.13620000000000002,0.17798116927555235
2025-11-03,Eje Cafetero,E-commerce,Cuidado personal,2492633.03,1846097.0,121,22,22,0.17836818181818181,0.25937874617668844
2025-11-03,Eje Cafetero,E-commerce,Hogar,2518798.16,1913186.0,92,17,17,0.14734705882352941,0.24043695505955115
2025-11-03,Eje Cafetero,Marketplace,Alimentos,296154.45999999996,271566.0,18,4,4,0.12295,0.08302579674133546
2025-11-03,Eje Cafetero,Marketplace,Bebidas,321547.26,289863.0,43,5,5,0.21478000000000003,0.09853686826626981
2025-11-03,Eje Cafetero,Marketplace,Cuidado personal,1028314.8300000001,827966.0,53,7,7,0.22371428571428573,0.19483218967093965
2025-11-03,Eje Cafetero,Marketplace,Hogar,1001315.37,873013.0,41,5,5,0.26326,0.12813382660849398
2025-11-03,Eje Cafetero,Tienda,Alimentos,4065607.9499999997,3426300.0,243,19,19,0.08862105263157895,0.15724781087168027
2025-11-03,Eje Cafetero,Tienda,Bebidas,1986156.5,1530900.0,243,13,13,0.08077692307692308,0.22921481766416696
2025-11-03,Eje Cafetero,Tienda,Cuidado personal,3628560.29,2336000.0,160,21,21,0.09233809523809525,0.35621849623449414
2025-11-03,Eje Cafetero,Tienda,Hogar,3987475.5,2766100.0,139,18,18,0.09233333333333332,0.306302947817485
2025-11-03,Valle,E-commerce,Alimentos,2347139.47,2136502.5,145,28,28,0.13882857142857144,0.08974199134404237
2025-11-03,Valle,E-commerce,Bebidas,1206196.46,980941.5,149,17,17,0.11763529411764706,0.18674815212108978
2025-11-03,Valle,E-commerce,Cuidado personal,2361268.21,1678270.0,110,23,23,0.1403782608695652,0.28925058454075403
2025-11-03,Valle,E-commerce,Hogar,4392567.81,3306484.5,159,23,23,0.12941739130434785,0.24725476235732824
2025-11-03,Valle,Marketplace,Alimentos,1230442.08,1161699.0,77,15,15,0.15067999999999998,0.05586860293334577
2025-11-03,Valle,Marketplace,Bebidas,597174.11,532539.0,79,12,12,0.18184166666666668,0.10823495010525487
2025-11-03,Valle,Marketplace,Cuidado personal,1754882.05,1390358.0,89,18,18,0.2041277777777778,0.20771997183514415
2025-11-03,Valle,Marketplace,Hogar,944020.06,809134.0,38,6,6,0.21366666666666667,0.1428847391230225
2025-11-03,Valle,Tienda,Alimentos,8787302.51,7543500.0,535,38,38,0.09843684210526316,0.14154542973620693
2025-11-03,Valle,Tienda,Bebidas,3389973.9899999998,2564100.0,407,30,30,0.08799333333333334,0.24362251522761677
2025-11-03,Valle,Tienda,Cuidado personal,4162665.83,2657200.0,182,23,23,0.08932173913043477,0.36165906452308233
2025-11-03,Valle,Tienda,Hogar,7400203.49,5114300.0,257,29,29,0.09714827586206896,0.30889738276642986
2025-11-10,Antioquia,E-commerce,Alimentos,4175407.22,3772032.0,256,40,40,0.1267975,0.09660739629606718
2025-11-10,Antioquia,E-commerce,Bebidas,825610.26,651766.5,99,17,17,0.10798235294117647,0.210563953020642
2025-11-10,Antioquia,E-commerce,Cuidado personal,7636877.7,5431492.0,356,62,62,0.15181612903225805,0.288781068210638
2025-11-10,Antioquia,E-commerce,Hogar,4515611.6899999995,3452053.0,166,31,31,0.15303870967741937,0.23552926226036933
2025-11-10,Antioquia,Marketplace,Alimentos,1782625.95,1629396.0,108,17,17,0.15176470588235294,0.08595743262909415
2025-11-10,Antioquia,Marketplace,Bebidas,844243.96,741510.0,110,11,11,0.17862727272727272,0.12168752738248784
2025-11-10,Antioquia,Marketplace,Cuidado personal,1906455.25,1390358.0,89,17,17,0.1405235294117647,0.27071039301866645
2025-11-10,Antioquia,Marketplace,Hogar,1886342.3,1447924.0,68,11,11,0.13825454545454546,0.23241714931590096
2025-11-10,Antioquia,Tienda,Alimentos,4730200.5200000005,3933900.0,279,30,30,0.08730666666666667,0.16834392466727824
2025-11-10,Antioquia,Tienda,Bebidas,3182655.93,2368800.0,376,34,34,0.07963823529411765,0.25571596424499465
2025-11-10,Antioquia,Tienda,Cuidado personal,5041265.25,3358000.0,230,32,32,0.1155625,0.33389737824249577
2025-11-10,Antioquia,Tienda,Hogar,9567544.98,6547100.0,329,33,33,0.07313333333333333,0.3156969720355577
2025-11-10,Bogotá,E-commerce,Alimentos,6991058.03,6217959.0,422,57,57,0.11115263157894736,0.11058398123466874
2025-11-10,Bogotá,E-commerce,Bebidas,1736011.44,1382535.0,210,36,36,0.11146388888888888,0.203614119040598
2025-11-10,Bogotá,E-commerce,Cuidado personal,8379972.67,5934973.0,389,79,79,0.13307721518987342,0.29176702195617066
2025-11-10,Bogotá,E-commerce,Hogar,8807629.32,6550582.5,315,48,48,0.12697708333333332,0.25626042354834255
2025-11-10,Bogotá,Marketplace,Alimentos,2707631.27,2534616.0,168,27,27,0.14674074074074073,0.06389912537832376
2025-11-10,Bogotá,Marketplace,Bebidas,766358.74,640395.0,95,15,15,0.14145333333333332,0.1643665471865043
2025-11-10,Bogotá,Marketplace,Cuidado personal,2495682.13,1921506.0,123,25,25,0.185168,0.23006781316336944
2025-11-10,Bogotá,Marketplace,Hogar,4655257.63,3811447.0,179,27,27,0.18876666666666667,0.18125970613574827
2025-11-10,Bogotá,Tienda,Alimentos,12077927.05,10123800.0,718,74,74,0.09181486486486486,0.16179324828758596
2025-11-10,Bogotá,Tienda,Bebidas,5249362.32,3899700.0,619,66,66,0.0716060606060606,0.2571097664296871
2025-11-10,Bogotá,Tienda,Cuidado personal,8330110.57,5402000.0,370,42,42,0.10961190476190476,0.3515092081184704
2025-11-10,Bogotá,Tienda,Hogar,19000513.15,13293200.0,668,72,72,0.10756527777777777,0.3003767900868508
2025-11-10,Caribe,E-commerce,Alimentos,3719389.11,3403669.5,231,22,22,0.14884545454545453,0.08488480249381594
2025-11-10,Caribe,E-commerce,Bebidas,650895.45,539847.0,82,11,11,0.12291818181818183,0.17060873601129023
2025-11-10,Caribe,E-commerce,Cuidado personal,5245209.7,3570138.0,234,35,35,0.12022285714285713,0.31935266572850274
2025-11-10,Caribe,E-commerce,Hogar,3396012.33,2453869.0,118,13,13,0.09707692307692307,0.2774263572829843
2025-11-10,Caribe,Marketplace,Alimentos,917858.26,920307.0,61,10,10,0.20489000000000002,-0.0026678846906057047
2025-11-10,Caribe,Marketplace,Bebidas,39618.28,33705.0,5,1,1,0.1387,0.14925635338030827
2025-11-10,Caribe,Marketplace,Cuidado personal,703450.37,578014.0,37,7,7,0.20792857142857143,0.1783158774939588
2025-11-10,Caribe,Marketplace,Hogar,2967108.53,2363523.0,111,9,9,0.19365555555555558,0.203425497886995
2025-11-10,Caribe,Tienda,Alimentos,6838389.72,5724600.0,406,35,35,0.08768857142857144,0.16287309814217488
2025-11-10,Caribe,Tienda,Bebidas,2691790.95,2016000.0,320,29,29,0.07398965517241379,0.25105625308681573
2025-11-10,Caribe,Tienda,Cuidado personal,3721587.5300000003,2365200.0,162,19,19,0.07892105263157895,0.36446476646486403
2025-11-10,Caribe,Tienda,Hogar,5584799.4,3920300.0,197,21,21,0.11141428571428572,0.29804103617401195
2025-11-10,Eje Cafetero,E-commerce,Alimentos,1651501.73,1443981.0,98,15,15,0.09659333333333334,0.12565577512292403
2025-11-10,Eje Cafetero,E-commerce,Bebidas,799010.83,618849.0,94,13,13,0.08882307692307692,0.22548108640780246
2025-11-10,Eje Cafetero,E-commerce,Cuidado personal,1787886.7,1251074.0,82,17,17,0.13680588235294117,0.3002498424536633
2025-11-10,Eje Cafetero,E-commerce,Hogar,2077016.55,1559662.5,75,12,12,0.1235,0.24908518422734766
2025-11-10,Eje Cafetero,Marketplace,Alimentos,92598.47,90522.0,6,2,2,0.1703,0.022424452585447698
2025-11-10,Eje Cafetero,Marketplace,Bebidas,303521.01,249417.0,37,5,5,0.13244,0.1782545794770517
2025-11-10,Eje Cafetero,Marketplace,Cuidado personal,785900.64,609258.0,39,6,6,0.1839833333333333,0.22476459619628253
2025-11-10,Eje Cafetero,Marketplace,Hogar,1196203.44,936892.0,44,6,6,0.18635000000000002,0.21677871115301253
2025-11-10,Eje Cafetero,Tienda,Alimentos,5575114.59,4624800.0,328,30,30,0.08091666666666668,0.17045651253600508
2025-11-10,Eje Cafetero,Tienda,Bebidas,1062997.99,800100.0,127,15,15,0.08308,0.247317485520363
2025-11-10,Eje Cafetero,Tienda,Cuidado personal,1177438.98,744600.0,51,9,9,0.08187777777777777,0.36761054063285725
2025-11-10,Eje Cafetero,Tienda,Hogar,7120462.46,5034700.0,253,21,21,0.09936190476190478,0.29292513958426236
2025-11-10,Valle,E-commerce,Alimentos,2824583.62,2475396.0,168,25,25,0.114088,0.12362445831927614
2025-11-10,Valle,E-commerce,Bebidas,769188.13,632016.0,96,16,16,0.138875,0.17833365421278669
2025-11-10,Valle,E-commerce,Cuidado personal,5220547.31,3753222.0,246,48,48,0.14683958333333333,0.2810673331490218
2025-11-10,Valle,E-commerce,Hogar,3412116.23,2641028.5,127,21,21,0.16060000000000002,0.22598518866984785
2025-11-10,Valle,Marketplace,Alimentos,863507.53,769437.0,51,7,7,0.10342857142857144,0.10894002279285281
2025-11-10,Valle,Marketplace,Bebidas,441214.54,370755.0,55,10,10,0.14513,0.15969451052089076
2025-11-10,Valle,Marketplace,Cuidado personal,1946306.0,1546578.0,99,15,15,0.19224666666666668,0.20537777718406047
2025-11-10,Valle,Marketplace,Hogar,1697071.05,1447924.0,68,13,13,0.21693846153846152,0.1468100289613685
2025-11-10,Valle,Tienda,Alimentos,13529645.36,11435100.0,811,49,49,0.08272448979591836,0.1548115493250445
2025-11-10,Valle,Tienda,Bebidas,2435722.23,1852200.0,294,23,23,0.09208260869565218,0.23956846261570638
2025-11-10,Valle,Tienda,Cuidado personal,5175886.45,3270400.0,224,24,24,0.08444166666666668,0.36814688042470484
2025-11-10,Valle,Tienda,Hogar,8815310.32,6029700.0,303,34,34,0.08422647058823529,0.31599685307504866
2025-11-17,Antioquia,E-commerce,Alimentos,3200037.62,2873227.5,195,31,31,0.1294225806451613,0.10212696186990455
2025-11-17,Antioquia,E-commerce,Bebidas,1233685.93,987525.0,150,24,24,0.13320416666666665,0.19953289894454737
2025-11-17,Antioquia,E-commerce,Cuidado personal,3221776.04,2319064.0,152,35,35,0.15266857142857143,0.280190810531945
2025-11-17,Antioquia,E-commerce,Hogar,2953267.68,2266709.5,109,19,19,0.15156842105263157,0.2324740776630177
2025-11-17,Antioquia,Marketplace,Alimentos,1128291.78,1101351.0,73,14,14,0.1678142857142857,0.023877493816360187
2025-11-17,Antioquia,Marketplace,Bebidas,377723.47,323568.0,48,9,9,0.14785555555555555,0.14337332546479037
2025-11-17,Antioquia,Marketplace,Cuidado personal,1348060.44,1031052.0,66,13,13,0.1739,0.23515892210292882
2025-11-17,Antioquia,Marketplace,Hogar,2168025.68,1682147.0,79,9,9,0.16143333333333335,0.2241111276873806
2025-11-17,Antioquia,Tienda,Alimentos,7348770.569999999,6288600.0,446,40,40,0.101725,0.14426502499995716
2025-11-17,Antioquia,Tienda,Bebidas,2481604.91,1858500.0,295,25,25,0.0738,0.25108948950298465
2025-11-17,Antioquia,Tienda,Cuidado personal,5761240.55,3620800.0,248,31,31,0.07109677419354839,0.37152424576335386
2025-11-17,Antioquia,Tienda,Hogar,8088817.64,5532200.0,278,34,34,0.08386764705882353,0.3160681515871088
2025-11-17,Bogotá,E-commerce,Alimentos,6876868.87,6041145.0,410,62,62,0.10979193548387096,0.12152680032126309
2025-11-17,Bogotá,E-commerce,Bebidas,1821846.22,1454953.5,221,38,38,0.10893157894736842,0.20138512019966207
2025-11-17,Bogotá,E-commerce,Cuidado personal,9026162.57,6285884.0,412,71,71,0.1284492957746479,0.3035928667081387
2025-11-17,Bogotá,E-commerce,Hogar,8850336.7,6800128.5,327,54,54,0.1641037037037037,0.2316531302136787
2025-11-17,Bogotá,Marketplace,Alimentos,2906136.06,2700573.0,179,29,29,0.1370551724137931,0.07073414862757667
2025-11-17,Bogotá,Marketplace,Bebidas,1413904.76,1186416.0,176,17,17,0.13697058823529412,0.16089397704552605
2025-11-17,Bogotá,Marketplace,Cuidado personal,3590775.0300000003,2686984.0,172,29,29,0.16750344827586205,0.2516980380138157
2025-11-17,Bogotá,Marketplace,Hogar,4778503.21,3726275.0,175,23,23,0.15143478260869567,0.2202003773478683
2025-11-17,Bogotá,Tienda,Alimentos,14049996.21,11731200.0,832,78,78,0.08491794871794871,0.16503892067597936
2025-11-17,Bogotá,Tienda,Bebidas,4669560.17,3528000.0,560,47,47,0.08595106382978723,0.24446845707954545
2025-11-17,Bogotá,Tienda,Cuidado personal,11131925.84,7256200.0,497,53,53,0.10427169811320754,0.34816310274664924
2025-11-17,Bogotá,Tienda,Hogar,13043151.91,8935100.0,449,53,53,0.08551698113207547,0.3149585267691634
2025-11-17,Caribe,E-commerce,Alimentos,2423623.2,2210175.0,150,25,25,0.13049999999999998,0.08806987818898589
2025-11-17,Caribe,E-commerce,Bebidas,1370876.39,1099444.5,167,19,19,0.10263157894736842,0.19799880717181212
2025-11-17,Caribe,E-commerce,Cuidado personal,2573420.06,1830840.0,120,21,21,0.1322095238095238,0.2885576558379669
2025-11-17,Caribe,E-commerce,Hogar,3171140.01,2370687.0,114,16,16,0.13813124999999998,0.25241806021677354
2025-11-17,Caribe,Marketplace,Alimentos,889806.76,829785.0,55,8,8,0.13093749999999998,0.06745482580959489
2025-11-17,Caribe,Marketplace,Cuidado personal,1249070.17,890454.0,57,9,9,0.12954444444444443,0.2871065041926347
2025-11-17,Caribe,Marketplace,Hogar,2346023.57,1852491.0,87,13,13,0.15646153846153849,0.21036982590929376
2025-11-17,Caribe,Tienda,Alimentos,5443187.68,4455600.0,316,37,37,0.06695945945945946,0.1814355370528028
2025-11-17,Caribe,Tienda,Bebidas,1883554.93,1417500.0,225,19,19,0.07366315789473683,0.24743368116161069
2025-11-17,Caribe,Tienda,Cuidado personal,2034058.14,1343200.0,92,15,15,0.1177,0.33964522764329635
2025-11-17,Caribe,Tienda,Hogar,5671715.1,3940200.0,198,24,24,0.11273749999999999,0.3052895058145639
2025-11-17,Eje Cafetero,E-commerce,Alimentos,2079726.4,1841812.5,125,19,19,0.12681578947368422,0.11439673026221138
2025-11-17,Eje Cafetero,E-commerce,Bebidas,200331.82,171171.0,26,5,5,0.15877999999999998,0.14556259709515945
2025-11-17,Eje Cafetero,E-commerce,Cuidado personal,2019709.44,1510443.0,99,17,17,0.18812941176470588,0.252148368430659
2025-11-17,Eje Cafetero,E-commerce,Hogar,2115020.15,1622049.0,78,11,11,0.16095454545454546,0.23308106544516843
2025-11-17,Eje Cafetero,Marketplace,Alimentos,871770.95,814698.0,54,7,7,0.14311428571428572,0.06546782730027877
2025-11-17,Eje Cafetero,Marketplace,Bebidas,243619.68,202230.0,30,4,4,0.131025,0.16989464890521158
2025-11-17,Eje Cafetero,Marketplace,Cuidado personal,1055770.51,796722.0,51,4,4,0.170375,0.24536441162767467
2025-11-17,Eje Cafetero,Marketplace,Hogar,856321.3,681376.0,32,5,5,0.15874000000000002,0.20429866686721448
2025-11-17,Eje Cafetero,Tienda,Alimentos,2611145.54,2213700.0,157,13,13,0.0774,0.15221117854656238
2025-11-17,Eje Cafetero,Tienda,Bebidas,1211953.54,907200.0,144,13,13,0.07805384615384615,0.25145645434560143
2025-11-17,Eje Cafetero,Tienda,Cuidado personal,3998539.21,2613400.0,179,25,25,0.107448,0.34641131104476525
2025-11-17,Eje Cafetero,Tienda,Hogar,5239059.5,3641700.0,183,19,19,0.1191421052631579,0.3048943231127648
2025-11-17,Valle,E-commerce,Alimentos,4601343.63,4081456.5,277,34,34,0.10747647058823528,0.11298593884847498
2025-11-17,Valle,E-commerce,Bebidas,825274.77,658350.0,100,20,20,0.11864,0.20226568903833086
2025-11-17,Valle,E-commerce,Cuidado personal,5214190.87,3692194.0,242,43,43,0.12952558139534884,0.2918951200572372
2025-11-17,Valle,E-commerce,Hogar,4560276.85,3452053.0,166,27,27,0.15567037037037038,0.24301679184236363
2025-11-17,Valle,Marketplace,Alimentos,505653.15,452610.0,30,6,6,0.1047,0.10490026612115444
2025-11-17,Valle,Marketplace,Bebidas,357884.69,289863.0,43,5,5,0.11194,0.19006593995401144
2025-11-17,Valle,Marketplace,Cuidado personal,664698.28,546770.0,35,9,9,0.22632222222222223,0.17741625568821995
2025-11-17,Valle,Marketplace,Hogar,1702159.65,1384045.0,65,9,9,0.18102222222222222,0.1868888444159747
2025-11-17,Valle,Tienda,Alimentos,7718819.45,6387300.0,453,42,42,0.07632142857142858,0.17250299202166208
2025-11-17,Valle,Tienda,Bebidas,3711395.35,2866500.0,455,23,23,0.0847913043478261,0.22764897574169782
2025-11-17,Valle,Tienda,Cuidado personal,5981423.6899999995,3971200.0,272,25,25,0.11608399999999999,0.33607779588675146
2025-11-17,Valle,Tienda,Hogar,13512456.56,9571900.0,481,42,42,0.10070714285714286,0.29162399468242955
2025-11-24,Antioquia,E-commerce,Alimentos,4303485.12,3713094.0,252,37,37,0.09726486486486487,0.13718906968127267
2025-11-24,Antioquia,E-commerce,Bebidas,962922.08,770269.5,117,18,18,0.11083333333333333,0.20007078869766903
2025-11-24,Antioquia,E-commerce,Cuidado personal,6045432.64,4241446.0,278,47,47,0.13098510638297872,0.29840488637054763
2025-11-24,Antioquia,E-commerce,Hogar,5308110.1,3971940.5,191,34,34,0.13288235294117645,0.2517222843587965
2025-11-24,Antioquia,Marketplace,Alimentos,330077.14,331914.0,22,5,5,0.16726000000000002,-0.005564941576990112
2025-11-24,Antioquia,Marketplace,Bebidas,479729.6,397719.0,59,8,8,0.143925,0.17095171946863397
2025-11-24,Antioquia,Marketplace,Cuidado personal,1608799.84,1249760.0,80,18,18,0.1850166666666667,0.22317247371183233
2025-11-24,Antioquia,Marketplace,Hogar,2163382.96,1618268.0,76,12,12,0.10807499999999999,0.25197340003084795
2025-11-24,Antioquia,Tienda,Alimentos,8387551.12,7050000.0,500,50,50,0.09416600000000001,0.15946861018952574
2025-11-24,Antioquia,Tienda,Bebidas,2575883.33,1921500.0,305,27,27,0.08014814814814815,0.25404230167520825
2025-11-24,Antioquia,Tienda,Cuidado personal,6344880.45,4146400.0,284,31,31,0.10472903225806451,0.3464967492019491
2025-11-24,Antioquia,Tienda,Hogar,17919044.11,12437500.0,625,45,45,0.08486444444444445,0.3059060559453023
2025-11-24,Bogotá,E-commerce,Alimentos,7262293.07,6424242.0,436,63,63,0.11889999999999999,0.11539758336962849
2025-11-24,Bogotá,E-commerce,Bebidas,2312593.08,1876297.5,285,41,41,0.13049024390243902,0.18866076517015265
2025-11-24,Bogotá,E-commerce,Cuidado personal,10651995.09,7414902.0,486,84,84,0.12724880952380951,0.30389547335024164
2025-11-24,Bogotá,E-commerce,Hogar,9892978.54,7444789.0,358,57,57,0.13414912280701755,0.24746738609624028
2025-11-24,Bogotá,Marketplace,Alimentos,2618096.43,2474268.0,164,28,28,0.15355357142857143,0.05493626145771879
2025-11-24,Bogotá,Marketplace,Bebidas,862500.15,768474.0,114,13,13,0.16275384615384617,0.10901580712768574
2025-11-24,Bogotá,Marketplace,Cuidado personal,4516605.5,3264998.0,209,28,28,0.15120714285714285,0.2771124243638281
2025-11-24,Bogotá,Marketplace,Hogar,1991599.3399999999,1703440.0,80,13,13,0.21852307692307693,0.14468740484720177
2025-11-24,Bogotá,Tienda,Alimentos,15619562.85,13000200.0,922,68,68,0.08360588235294118,0.1676975774005096
2025-11-24,Bogotá,Tienda,Bebidas,5326263.47,4032000.0,640,52,52,0.08793846153846153,0.24299651665560582
2025-11-24,Bogotá,Tienda,Cuidado personal,10784407.59,7110200.0,487,50,50,0.11303200000000001,0.3406962839022296
2025-11-24,Bogotá,Tienda,Hogar,22466184.43,15641400.0,786,72,72,0.09644027777777778,0.3037803081900543
2025-11-24,Caribe,E-commerce,Alimentos,2142303.72,1900750.5,129,19,19,0.12087368421052633,0.11275395628776679
2025-11-24,Caribe,E-commerce,Bebidas,864720.83,697851.0,106,18,18,0.12702222222222223,0.19297537911744297
2025-11-24,Caribe,E-commerce,Cuidado personal,2379586.54,1739298.0,114,19,19,0.16646315789473684,0.26907554284619545
2025-11-24,Caribe,E-commerce,Hogar,2702999.7399999998,1954777.0,94,12,12,0.10396666666666667,0.27681199111029137
2025-11-24,Caribe,Marketplace,Alimentos,1237629.15,1116438.0,74,9,9,0.11296666666666666,0.09792202292584973
2025-11-24,Caribe,Marketplace,Bebidas,481217.25,417942.0,62,11,11,0.15709090909090911,0.13148998711081117
2025-11-24,Caribe,Marketplace,Cuidado personal,1193929.8,952942.0,61,10,10,0.2243,0.20184419552975397
2025-11-24,Caribe,Marketplace,Hogar,1256720.95,1000771.0,47,8,8,0.191525,0.2036649026977707
2025-11-24,Caribe,Tienda,Alimentos,6378393.88,5273400.0,374,33,33,0.07177575757575758,0.17324014489992579
2025-11-24,Caribe,Tienda,Bebidas,1323171.94,976500.0,155,17,17,0.0767235294117647,0.2620006739260205
2025-11-24,Caribe,Tienda,Cuidado personal,5793015.54,3869000.0,265,35,35,0.13796857142857144,0.332126770024166
2025-11-24,Caribe,Tienda,Hogar,6676132.78,4696400.0,236,23,23,0.10412173913043478,0.2965388564365852
2025-11-24,Eje Cafetero,E-commerce,Alimentos,1718616.85,1502919.0,102,17,17,0.09962941176470588,0.12550665379546352
2025-11-24,Eje Cafetero,E-commerce,Bebidas,572993.75,447678.0,68,12,12,0.10669166666666667,0.21870351989005116
2025-11-24,Eje Cafetero,E-commerce,Cuidado personal,2224599.48,1571471.0,103,13,13,0.14179999999999998,0.29359373939977723
2025-11-24,Eje Cafetero,E-commerce,Hogar,1411224.3800000001,1081366.0,52,9,9,0.15253333333333333,0.2337391450110861
2025-11-24,Eje Cafetero,Marketplace,Alimentos,499452.62,467697.0,31,6,6,0.15965,0.06358084576671155
2025-11-24,Eje Cafetero,Marketplace,Bebidas,113707.99,94374.0,14,4,4,0.10552500000000001,0.17003193882857312
2025-11-24,Eje Cafetero,Marketplace,Cuidado personal,1299233.78,984186.0,63,10,10,0.1954,0.24248736820866837
2025-11-24,Eje Cafetero,Marketplace,Hogar,1006345.77,830427.0,39,7,7,0.20957142857142858,0.17480946931391186
2025-11-24,Eje Cafetero,Tienda,Alimentos,4004310.1,3384000.0,240,21,21,0.10756190476190476,0.15491060495040085
2025-11-24,Eje Cafetero,Tienda,Bebidas,865800.46,661500.0,105,12,12,0.10647499999999999,0.23596714189779938
2025-11-24,Eje Cafetero,Tienda,Cuidado personal,3002831.58,1927200.0,132,18,18,0.1022,0.3582057639076781
2025-11-24,Eje Cafetero,Tienda,Hogar,5839194.609999999,3940200.0,198,19,19,0.07273684210526316,0.3252151601092123
2025-11-24,Valle,E-commerce,Alimentos,3985567.7600000002,3609952.5,245,24,24,0.125875,0.0942438524743587
2025-11-24,Valle,E-commerce,Bebidas,1005787.6,783436.5,119,19,19,0.09756842105263157,0.22107162585818316
2025-11-24,Valle,E-commerce,Cuidado personal,3497304.59,2547919.0,167,29,29,0.1545137931034483,0.2714620833182848
2025-11-24,Valle,E-commerce,Hogar,3591313.16,2703415.0,130,22,22,0.14217727272727274,0.24723495847964427
2025-11-24,Valle,Marketplace,Alimentos,875178.49,799611.0,53,10,10,0.12691,0.08634523227370453
2025-11-24,Valle,Marketplace,Bebidas,568401.71,471870.0,70,10,10,0.15226,0.16983008372722871
2025-11-24,Valle,Marketplace,Cuidado personal,1350596.1600000001,1093540.0,70,14,14,0.22359285714285715,0.19032792156020947
2025-11-24,Valle,Marketplace,Hogar,2481837.39,2001542.0,94,14,14,0.1787857142857143,0.19352411722671328
2025-11-24,Valle,Tienda,Alimentos,8023539.66,6739800.0,478,48,48,0.07809375,0.15999667408635956
2025-11-24,Valle,Tienda,Bebidas,2567675.93,1921500.0,305,30,30,0.08778666666666667,0.25165789905582053
2025-11-24,Valle,Tienda,Cuidado personal,8497713.74,5518800.0,378,35,35,0.09960571428571428,0.3505547293241723
2025-11-24,Valle,Tienda,Hogar,7521541.99,5373000.0,270,29,29,0.1299551724137931,0.28565179757774645
2025-12-01,Antioquia,E-commerce,Alimentos,2800421.19,2490130.5,169,30,30,0.11843000000000001,0.11080143626537833
2025-12-01,Antioquia,E-commerce,Bebidas,1450954.33,1165279.5,177,26,26,0.11781153846153845,0.1968875409055777
2025-12-01,Antioquia,E-commerce,Cuidado personal,8052434.41,5706118.0,374,64,64,0.1303234375,0.29137976052139
2025-12-01,Antioquia,E-commerce,Hogar,5708408.19,4263077.5,205,30,30,0.14621,0.25319329695657244
2025-12-01,Antioquia,Marketplace,Alimentos,1642352.07,1599222.0,106,18,18,0.17528888888888888,0.026261159703716917
2025-12-01,Antioquia,Marketplace,Bebidas,355037.77,310086.0,46,6,6,0.19966666666666666,0.1266112335034101
2025-12-01,Antioquia,Marketplace,Cuidado personal,2685450.83,2108970.0,135,21,21,0.20933333333333332,0.21466817547353867
2025-12-01,Antioquia,Marketplace,Hogar,2521561.55,1980249.0,93,15,15,0.15557333333333334,0.21467354227383417
2025-12-01,Antioquia,Tienda,Alimentos,11078202.62,9277800.0,658,61,61,0.09349508196721311,0.16251757453412594
2025-12-01,Antioquia,Tienda,Bebidas,2213503.83,1656900.0,263,36,36,0.09333333333333332,0.2514582637970859
2025-12-01,Antioquia,Tienda,Cuidado personal,11697385.15,7781800.0,533,39,39,0.10047435897435897,0.33474020901158413
2025-12-01,Antioquia,Tienda,Hogar,12116626.34,8397800.0,422,38,38,0.08820789473684211,0.3069192888884613
2025-12-01,Bogotá,E-commerce,Alimentos,9184816.209999999,8118709.5,551,81,81,0.11709753086419752,0.1160727319550795
2025-12-01,Bogotá,E-commerce,Bebidas,2250167.64,1797295.5,273,48,48,0.11639166666666667,0.2012615113423283
2025-12-01,Bogotá,E-commerce,Cuidado personal,9841419.12,7140276.0,468,87,87,0.15048620689655173,0.2744668311616424
2025-12-01,Bogotá,E-commerce,Hogar,11382976.879999999,8526155.0,410,62,62,0.13411129032258065,0.25097317776507677
2025-12-01,Bogotá,Marketplace,Alimentos,2452416.04,2278137.0,151,25,25,0.14078,0.07106422285510743
2025-12-01,Bogotá,Marketplace,Bebidas,716109.57,647136.0,96,16,16,0.19853125,0.09631706220599727
2025-12-01,Bogotá,Marketplace,Cuidado personal,5957070.5600000005,4499136.0,288,34,34,0.17251764705882353,0.244740186525506
2025-12-01,Bogotá,Marketplace,Hogar,5237669.59,4194721.0,197,32,32,0.17760625,0.1991245480606958
2025-12-01,Bogotá,Tienda,Alimentos,21906718.58,18456900.0,1309,89,89,0.08675393258426967,0.15747765085865262
2025-12-01,Bogotá,Tienda,Bebidas,5936671.56,4454100.0,707,56,56,0.07807857142857143,0.24973110690327624
2025-12-01,Bogotá,Tienda,Cuidado personal,9888347.48,6394800.0,438,55,55,0.11168,0.35329942511284
2025-12-01,Bogotá,Tienda,Hogar,18876145.02,13193700.0,663,76,76,0.11302236842105264,0.30103842781347734
2025-12-01,Caribe,E-commerce,Alimentos,2691328.59,2342785.5,159,22,22,0.1155409090909091,0.12950595898808473
2025-12-01,Caribe,E-commerce,Bebidas,1664058.96,1349617.5,205,24,24,0.1299875,0.18896052817743908
2025-12-01,Caribe,E-commerce,Cuidado personal,3108680.63,2273293.0,149,28,28,0.15830714285714284,0.2687273893426614
2025-12-01,Caribe,E-commerce,Hogar,4878598.11,3680803.5,177,21,21,0.13677619047619047,0.24552024638897757
2025-12-01,Caribe,Marketplace,Alimentos,1049282.29,935394.0,62,8,8,0.09755,0.10853922827573886
2025-12-01,Caribe,Marketplace,Bebidas,276303.38,262899.0,39,7,7,0.2367,0.04851326827778945
2025-12-01,Caribe,Marketplace,Cuidado personal,2387840.77,1749664.0,112,15,15,0.15900666666666666,0.26726102427675696
2025-12-01,Caribe,Marketplace,Hogar,1294460.74,1064650.0,50,7,7,0.18921428571428572,0.17753395904459798
2025-12-01,Caribe,Tienda,Alimentos,6213198.87,5160600.0,366,37,37,0.07942432432432432,0.16941335566810856
2025-12-01,Caribe,Tienda,Bebidas,1637775.38,1228500.0,195,19,19,0.07236315789473684,0.24989713790910686
2025-12-01,Caribe,Tienda,Cuidado personal,3507109.53,2277600.0,156,19,19,0.1018,0.3505763134805772
2025-12-01,Caribe,Tienda,Hogar,9507123.49,6666500.0,335,33,33,0.11720909090909092,0.29878895472304423
2025-12-01,Eje Cafetero,E-commerce,Alimentos,2190500.84,1944954.0,132,16,16,0.1156125,0.1120962090112688
2025-12-01,Eje Cafetero,E-commerce,Bebidas,691961.32,572764.5,87,13,13,0.1440923076923077,0.17225936848608814
2025-12-01,Eje Cafetero,E-commerce,Cuidado personal,2033081.1199999999,1434158.0,94,16,16,0.13665625,0.2945888947116876
2025-12-01,Eje Cafetero,E-commerce,Hogar,3039710.32,2266709.5,109,18,18,0.1263277777777778,0.2543008177173935
2025-12-01,Eje Cafetero,Marketplace,Alimentos,1675099.08,1553961.0,103,12,12,0.13054166666666667,0.07231696408071579
2025-12-01,Eje Cafetero,Marketplace,Bebidas,278045.76,222453.0,33,5,5,0.14696,0.19994104567535936
2025-12-01,Eje Cafetero,Marketplace,Cuidado personal,1653617.27,1281004.0,82,12,12,0.19923333333333335,0.2253322318047634
2025-12-01,Eje Cafetero,Marketplace,Hogar,714781.59,638790.0,30,5,5,0.2551,0.10631441976562375
2025-12-01,Eje Cafetero,Tienda,Alimentos,6146193.4399999995,5076000.0,360,27,27,0.06708888888888888,0.17412296740208028
2025-12-01,Eje Cafetero,Tienda,Bebidas,1725836.3900000001,1304100.0,207,18,18,0.07767222222222221,0.24436637936461642
2025-12-01,Eje Cafetero,Tienda,Cuidado personal,2570408.89,1635200.0,112,13,13,0.08394615384615384,0.3638366228962117
2025-12-01,Eje Cafetero,Tienda,Hogar,8382294.21,5790900.0,291,23,23,0.08822608695652173,0.30915094902162826
2025-12-01,Valle,E-commerce,Alimentos,3230148.77,2917431.0,198,30,30,0.12543,0.0968121880033408
2025-12-01,Valle,E-commerce,Bebidas,1016839.68,816354.0,124,18,18,0.12775555555555554,0.197165476469211
2025-12-01,Valle,E-commerce,Cuidado personal,5057777.64,3600652.0,236,38,38,0.14205,0.28809602630138553
2025-12-01,Valle,E-commerce,Hogar,4345525.86,3223302.5,155,24,24,0.13184583333333333,0.25824799947226645
2025-12-01,Valle,Marketplace,Alimentos,1222316.3699999999,1176786.0,78,14,14,0.15197857142857144,0.03724925159924013
2025-12-01,Valle,Marketplace,Bebidas,389873.67,343791.0,51,7,7,0.19568571428571427,0.11819897968488097
2025-12-01,Valle,Marketplace,Cuidado personal,2194332.36,1749664.0,112,22,22,0.21309545454545456,0.20264403337696751
2025-12-01,Valle,Marketplace,Hogar,2022314.99,1639561.0,77,14,14,0.1754357142857143,0.18926526871068686
2025-12-01,Valle,Tienda,Alimentos,11638959.93,9799500.0,695,53,53,0.09186981132075472,0.1580433252681539
2025-12-01,Valle,Tienda,Bebidas,2999608.26,2268000.0,360,32,32,0.08935625,0.24390126862765735
2025-12-01,Valle,Tienda,Cuidado personal,7909269.79,5139200.0,352,39,39,0.10124871794871795,0.35023078786644857
2025-12-01,Valle,Tienda,Hogar,8377558.46,5850600.0,294,33,33,0.10022424242424242,0.3016342377156029
2025-12-08,Antioquia,E-commerce,Alimentos,4113410.56,3521545.5,239,34,34,0.08879117647058823,0.14388669727147296
2025-12-08,Antioquia,E-commerce,Bebidas,1288781.0,1027026.0,156,21,21,0.1170190476190476,0.20310277696520976
2025-12-08,Antioquia,E-commerce,Cuidado personal,5611183.4,4088876.0,268,51,51,0.163378431372549,0.2712988137226098
2025-12-08,Antioquia,E-commerce,Hogar,7049258.5600000005,5386034.5,259,32,32,0.138078125,0.23594312023646363
2025-12-08,Antioquia,Marketplace,Alimentos,1902101.85,1780266.0,118,18,18,0.1436111111111111,0.06405327348795758
2025-12-08,Antioquia,Marketplace,Bebidas,306715.31,262899.0,39,11,11,0.16724545454545456,0.14285661188546472
2025-12-08,Antioquia,Marketplace,Cuidado personal,3949452.29,2936936.0,188,27,27,0.16268888888888888,0.2563687862652976
2025-12-08,Antioquia,Marketplace,Hogar,3310305.92,2576453.0,121,17,17,0.14983529411764707,0.22168734181522412
2025-12-08,Antioquia,Tienda,Alimentos,8447805.4,6866700.0,487,53,53,0.06677547169811321,0.18716167396564323
2025-12-08,Antioquia,Tienda,Bebidas,2943510.1799999997,2223900.0,353,32,32,0.088759375,0.24447348097841462
2025-12-08,Antioquia,Tienda,Cuidado personal,9693884.31,6394800.0,438,40,40,0.11445750000000002,0.3403263546890834
2025-12-08,Antioquia,Tienda,Hogar,8963148.35,6208800.0,312,38,38,0.09790526315789475,0.30729697227425673
2025-12-08,Bogotá,E-commerce,Alimentos,8127755.8,7219905.0,490,77,77,0.12387662337662339,0.1116975980011604
2025-12-08,Bogotá,E-commerce,Bebidas,2456382.89,1975050.0,300,43,43,0.1111,0.19595189819938866
2025-12-08,Bogotá,E-commerce,Cuidado personal,11712398.39,8208266.0,538,99,99,0.13186666666666666,0.2991814548412061
2025-12-08,Bogotá,E-commerce,Hogar,9888761.54,7278425.0,350,59,59,0.12191186440677966,0.2639700158044259
2025-12-08,Bogotá,Marketplace,Alimentos,3651836.96,3470010.0,230,37,37,0.15389729729729731,0.049790547056624335
2025-12-08,Bogotá,Marketplace,Bebidas,1425243.09,1213380.0,180,25,25,0.148864,0.14865049442197265
2025-12-08,Bogotá,Marketplace,Cuidado personal,5586715.7,4061720.0,260,44,44,0.1542,0.2729681948913205
2025-12-08,Bogotá,Marketplace,Hogar,3681785.95,2874555.0,135,18,18,0.1494277777777778,0.2192498317290825
2025-12-08,Bogotá,Tienda,Alimentos,19977462.84,16680300.0,1183,90,90,0.07764222222222222,0.16504412329068308
2025-12-08,Bogotá,Tienda,Bebidas,4930362.48,3735900.0,593,54,54,0.08369814814814815,0.24226666595921367
2025-12-08,Bogotá,Tienda,Cuidado personal,13845551.11,8891400.0,609,74,74,0.09302972972972973,0.3578153784302487
2025-12-08,Bogotá,Tienda,Hogar,23265572.56,16119000.0,810,70,70,0.08883857142857143,0.3071737238174378
2025-12-08,Caribe,E-commerce,Alimentos,2492147.17,2254378.5,153,25,25,0.137292,0.09540715446592182
2025-12-08,Caribe,E-commerce,Bebidas,627564.17,506929.5,77,10,10,0.11835999999999999,0.19222682837358296
2025-12-08,Caribe,E-commerce,Cuidado personal,2231646.7,1556214.0,102,20,20,0.13209500000000002,0.30266112463052514
2025-12-08,Caribe,E-commerce,Hogar,3070984.79,2225118.5,107,16,16,0.10554374999999999,0.27543812419858976
2025-12-08,Caribe,Marketplace,Alimentos,1423991.76,1327656.0,88,8,8,0.1389,0.0676519083228403
2025-12-08,Caribe,Marketplace,Bebidas,250653.6,215712.0,32,3,3,0.1582,0.13940194754832966
2025-12-08,Caribe,Marketplace,Cuidado personal,1381182.04,968564.0,62,10,10,0.13643,0.29874269144131066
2025-12-08,Caribe,Marketplace,Hogar,1303156.01,1043357.0,49,11,11,0.15818181818181817,0.19936140263052618
2025-12-08,Caribe,Tienda,Alimentos,4948066.57,4046700.0,287,27,27,0.07641481481481482,0.18216540890233016
2025-12-08,Caribe,Tienda,Bebidas,1785419.24,1304100.0,207,24,24,0.06725416666666667,0.26958331646521294
2025-12-08,Caribe,Tienda,Cuidado personal,5036390.92,3328800.0,228,24,24,0.13249166666666667,0.3390505119884538
2025-12-08,Caribe,Tienda,Hogar,10709615.03,7462500.0,375,26,26,0.08262307692307692,0.3031962419661316
2025-12-08,Eje Cafetero,E-commerce,Alimentos,2068002.5,1841812.5,125,19,19,0.12438947368421052,0.10937607667302143
2025-12-08,Eje Cafetero,E-commerce,Bebidas,417744.74,348925.5,53,7,7,0.14565714285714287,0.1647399318540791
2025-12-08,Eje Cafetero,E-commerce,Cuidado personal,2665596.3,1968153.0,129,26,26,0.17297307692307692,0.2616462590377995
2025-12-08,Eje Cafetero,E-commerce,Hogar,3571645.22,2745006.0,132,20,20,0.15244,0.2314449417795198
2025-12-08,Eje Cafetero,Marketplace,Alimentos,1066258.36,1101351.0,73,13,13,0.22555384615384616,-0.03291194828240305
2025-12-08,Eje Cafetero,Marketplace,Bebidas,344288.7,289863.0,43,5,5,0.12001999999999999,0.15808157514318655
2025-12-08,Eje Cafetero,Marketplace,Cuidado personal,781813.63,640502.0,41,8,8,0.243375,0.18074848605542987
2025-12-08,Eje Cafetero,Marketplace,Hogar,436541.41000000003,383274.0,18,4,4,0.196175,0.1220214366375919
2025-12-08,Eje Cafetero,Tienda,Alimentos,6539046.76,5541300.0,393,27,27,0.09746666666666667,0.15258290644185574
2025-12-08,Eje Cafetero,Tienda,Bebidas,1554776.5,1184400.0,188,16,16,0.0905125,0.2382184834926435
2025-12-08,Eje Cafetero,Tienda,Cuidado personal,3275318.57,2087800.0,143,20,20,0.09004999999999999,0.3625658221087178
2025-12-08,Eje Cafetero,Tienda,Hogar,5910061.85,4099400.0,206,21,21,0.09835714285714287,0.3063693572005511
2025-12-08,Valle,E-commerce,Alimentos,4707595.62,4155129.0,282,46,46,0.11981304347826087,0.11735643088222605
2025-12-08,Valle,E-commerce,Bebidas,429830.24,342342.0,52,8,8,0.121975,0.20354137949903198
2025-12-08,Valle,E-commerce,Cuidado personal,4112570.29,2959858.0,194,35,35,0.15095142857142857,0.2802899911043223
2025-12-08,Valle,E-commerce,Hogar,3975638.1399999997,2973756.5,143,26,26,0.12758846153846154,0.252005239088485
2025-12-08,Valle,Marketplace,Alimentos,1557343.54,1448352.0,96,15,15,0.1325,0.0699855473121878
2025-12-08,Valle,Marketplace,Bebidas,544149.1,465129.0,69,9,9,0.14674444444444446,0.14521773535966517
2025-12-08,Valle,Marketplace,Cuidado personal,2498602.93,1890262.0,121,15,15,0.18572,0.24347243121178927
2025-12-08,Valle,Marketplace,Hogar,3502493.87,2789383.0,131,19,19,0.16174736842105264,0.20360089024224334
2025-12-08,Valle,Tienda,Alimentos,10610002.21,8812500.0,625,54,54,0.07479259259259259,0.16941581862309535
2025-12-08,Valle,Tienda,Bebidas,3719979.22,2860200.0,454,29,29,0.1003,0.23112473730431218
2025-12-08,Valle,Tienda,Cuidado personal,6328968.12,4029600.0,276,33,33,0.08545151515151515,0.36330853251319584
2025-12-08,Valle,Tienda,Hogar,12220169.15,8517200.0,428,39,39,0.10975897435897435,0.30302110425370016
2025-12-15,Antioquia,E-commerce,Alimentos,3387258.52,2976369.0,202,36,36,0.10854444444444444,0.12130444652332
2025-12-15,Antioquia,E-commerce,Bebidas,1639562.95,1303533.0,198,36,36,0.1174472222222222,0.20495092914852703
2025-12-15,Antioquia,E-commerce,Cuidado personal,7199154.52,5065324.0,332,54,54,0.13197777777777778,0.29640015561160643
2025-12-15,Antioquia,E-commerce,Hogar,7727117.44,5822740.0,280,40,40,0.13242,0.24645379791199346
2025-12-15,Antioquia,Marketplace,Alimentos,2076311.68,1946223.0,129,20,20,0.142065,0.06265373414457695
2025-12-15,Antioquia,Marketplace,Bebidas,561261.08,478611.0,71,11,11,0.1467272727272727,0.1472578144916087
2025-12-15,Antioquia,Marketplace,Cuidado personal,1962364.77,1546578.0,99,18,18,0.21448333333333333,0.2118804701125979
2025-12-15,Antioquia,Marketplace,Hogar,1738493.88,1405338.0,66,13,13,0.19436153846153845,0.1916347729679669
2025-12-15,Antioquia,Tienda,Alimentos,7814963.100000001,6500100.0,461,51,51,0.08767647058823529,0.16824943165758524
2025-12-15,Antioquia,Tienda,Bebidas,2612718.69,1927800.0,306,33,33,0.06686363636363636,0.26214788933132327
2025-12-15,Antioquia,Tienda,Cuidado personal,7458300.83,4905600.0,336,37,37,0.11614054054054054,0.34226305537745383
2025-12-15,Antioquia,Tienda,Hogar,17063782.93,11959900.0,601,50,50,0.09727000000000001,0.29910618008547296
2025-12-15,Bogotá,E-commerce,Alimentos,8536413.87,7455657.0,506,76,76,0.10899078947368422,0.12660549107139288
2025-12-15,Bogotá,E-commerce,Bebidas,2241155.29,1823629.5,277,50,50,0.131556,0.1862993572390961
2025-12-15,Bogotá,E-commerce,Cuidado personal,13867982.94,9550882.0,626,106,106,0.11527830188679246,0.31129984502273983
2025-12-15,Bogotá,E-commerce,Hogar,10186367.54,7756721.5,373,53,53,0.14493396226415095,0.23851937704576476
2025-12-15,Bogotá,Marketplace,Alimentos,2856544.79,2655312.0,176,34,34,0.14475588235294118,0.07044622254986593
2025-12-15,Bogotá,Marketplace,Bebidas,435097.04000000004,390978.0,58,11,11,0.1827272727272727,0.10140045999853282
2025-12-15,Bogotá,Marketplace,Cuidado personal,3608497.32,2718228.0,174,33,33,0.1627727272727273,0.2467146961882737
2025-12-15,Bogotá,Marketplace,Hogar,4582741.15,3790154.0,178,29,29,0.19250344827586208,0.17295045128176187
2025-12-15,Bogotá,Tienda,Alimentos,21672518.79,17878800.0,1268,102,102,0.06791764705882353,0.17504743342294268
2025-12-15,Bogotá,Tienda,Bebidas,6226704.49,4674600.0,742,57,57,0.07495438596491229,0.24926580223819167
2025-12-15,Bogotá,Tienda,Cuidado personal,12947951.49,8292800.0,568,59,59,0.09006949152542372,0.35952802986598154
2025-12-15,Bogotá,Tienda,Hogar,21708112.79,14984700.0,753,72,72,0.09625138888888889,0.30971889887623894
2025-12-15,Caribe,E-commerce,Alimentos,5549457.1,5068668.0,344,25,25,0.12908,0.08663714149623747
2025-12-15,Caribe,E-commerce,Bebidas,889403.9,684684.0,104,17,17,0.0835,0.23017652609798542
2025-12-15,Caribe,E-commerce,Cuidado personal,3410861.2199999997,2410606.0,158,32,32,0.129503125,0.2932559126518785
2025-12-15,Caribe,E-commerce,Hogar,3118245.1,2412278.0,116,15,15,0.1484,0.22639884850616782
2025-12-15,Caribe,Marketplace,Alimentos,832116.97,754350.0,50,9,9,0.11093333333333333,0.0934567768759721
2025-12-15,Caribe,Marketplace,Bebidas,721964.58,593208.0,88,12,12,0.122625,0.17834196242702097
2025-12-15,Caribe,Marketplace,Cuidado personal,2173444.49,1624688.0,104,16,16,0.15693125,0.2524824040939735
2025-12-15,Caribe,Marketplace,Hogar,1068304.67,915599.0,43,8,8,0.21180000000000002,0.14294205977775978
2025-12-15,Caribe,Tienda,Alimentos,7254117.16,5992500.0,425,34,34,0.07578235294117647,0.17391739507002946
2025-12-15,Caribe,Tienda,Bebidas,1892275.36,1442700.0,229,19,19,0.10346315789473684,0.2375845342085943
2025-12-15,Caribe,Tienda,Cuidado personal,4787398.71,3109800.0,213,25,25,0.113856,0.35041967707761695
2025-12-15,Caribe,Tienda,Hogar,8599306.28,5950100.0,299,28,28,0.09280357142857143,0.3080720925316315
2025-12-15,Eje Cafetero,E-commerce,Alimentos,2657071.16,2357520.0,160,28,28,0.12466428571428571,0.11273734949575086
2025-12-15,Eje Cafetero,E-commerce,Bebidas,205348.46,164587.5,25,5,5,0.11783999999999999,0.198496545822647
2025-12-15,Eje Cafetero,E-commerce,Cuidado personal,1946615.28,1373130.0,90,17,17,0.14554117647058823,0.29460637954100516
2025-12-15,Eje Cafetero,E-commerce,Hogar,2605326.34,1892390.5,91,12,12,0.1038,0.2736455042326866
2025-12-15,Eje Cafetero,Marketplace,Alimentos,619493.57,558219.0,37,7,7,0.11621428571428571,0.09891074414218691
2025-12-15,Eje Cafetero,Marketplace,Bebidas,287286.24,249417.0,37,6,6,0.15863333333333332,0.13181710338789632
2025-12-15,Eje Cafetero,Marketplace,Cuidado personal,625357.23,531148.0,34,7,7,0.25364285714285717,0.15064866204553193
2025-12-15,Eje Cafetero,Marketplace,Hogar,1680548.12,1234994.0,58,6,6,0.08381666666666666,0.2651242857598151
2025-12-15,Eje Cafetero,Tienda,Alimentos,5658160.86,4695300.0,333,23,23,0.06701304347826087,0.170172054811464
2025-12-15,Eje Cafetero,Tienda,Bebidas,1410476.32,1064700.0,169,15,15,0.07915333333333334,0.24514861759607567
2025-12-15,Eje Cafetero,Tienda,Cuidado personal,6343294.78,4190200.0,287,28,28,0.13294285714285714,0.3394284602362434
2025-12-15,Eje Cafetero,Tienda,Hogar,4732910.24,3343200.0,168,18,18,0.13038333333333332,0.2936270010478796
2025-12-15,Valle,E-commerce,Alimentos,3454367.68,3064776.0,208,32,32,0.120071875,0.11278234284544955
2025-12-15,Valle,E-commerce,Bebidas,941328.77,750519.0,114,16,16,0.1109375,0.20270257967362457
2025-12-15,Valle,E-commerce,Cuidado personal,4397702.19,3142942.0,206,31,31,0.15051290322580643,0.28532177391484537
2025-12-15,Valle,E-commerce,Hogar,7657325.75,5614785.0,270,40,40,0.12829249999999998,0.26674335357876083
2025-12-15,Valle,Marketplace,Alimentos,2139898.17,2082006.0,138,24,24,0.17545416666666666,0.027053703214298244
2025-12-15,Valle,Marketplace,Bebidas,448544.89,377496.0,56,7,7,0.15045714285714284,0.15839861646846543
2025-12-15,Valle,Marketplace,Cuidado personal,1514412.52,1296626.0,83,18,18,0.24434444444444445,0.1438092442606061
2025-12-15,Valle,Marketplace,Hogar,3203295.15,2512574.0,118,10,10,0.14958,0.21562831948220568
2025-12-15,Valle,Tienda,Alimentos,12658133.69,10645500.0,755,53,53,0.09235283018867925,0.15899924422428813
2025-12-15,Valle,Tienda,Bebidas,3172311.86,2419200.0,384,34,34,0.09064411764705882,0.23740158384049917
2025-12-15,Valle,Tienda,Cuidado personal,6671861.84,4350800.0,298,43,43,0.10741860465116279,0.34788817509446507
2025-12-15,Valle,Tienda,Hogar,9429550.45,6547100.0,329,32,32,0.09616875,0.3056827009181545
2025-12-22,Antioquia,E-commerce,Alimentos,2809506.21,2504865.0,170,31,31,0.1312516129032258,0.10843229636427817
2025-12-22,Antioquia,E-commerce,Bebidas,1701136.57,1362784.5,207,24,24,0.11300833333333334,0.19889765229137368
2025-12-22,Antioquia,E-commerce,Cuidado personal,6190810.76,4363502.0,286,47,47,0.13795744680851063,0.2951646934205432
2025-12-22,Antioquia,E-commerce,Hogar,6134615.2700000005,4637396.5,223,36,36,0.13860277777777777,0.24406074449718512
2025-12-22,Antioquia,Marketplace,Alimentos,2412396.73,2293224.0,152,13,13,0.14428461538461537,0.04940013743096061
2025-12-22,Antioquia,Marketplace,Bebidas,374665.54,303345.0,45,6,6,0.1028,0.19035788559577693
2025-12-22,Antioquia,Marketplace,Cuidado personal,3289005.0,2530764.0,162,21,21,0.18566190476190475,0.23053811107006525
2025-12-22,Antioquia,Marketplace,Hogar,1995527.71,1596975.0,75,11,11,0.1705818181818182,0.19972296450847077
2025-12-22,Antioquia,Tienda,Alimentos,10724657.19,8868900.0,629,59,59,0.0885864406779661,0.17303650430247455
2025-12-22,Antioquia,Tienda,Bebidas,2528457.85,1890000.0,300,29,29,0.09153103448275862,0.25250879701237655
2025-12-22,Antioquia,Tienda,Cuidado personal,7339352.2,4788800.0,328,42,42,0.1135595238095238,0.3475173462856845
2025-12-22,Antioquia,Tienda,Hogar,16221158.2,11303200.0,568,51,51,0.09009019607843137,0.3031816926611319
2025-12-22,Bogotá,E-commerce,Alimentos,8696202.81,7588267.5,515,78,78,0.10018076923076923,0.12740449299617937
2025-12-22,Bogotá,E-commerce,Bebidas,2684754.94,2165971.5,329,53,53,0.13293396226415094,0.19323307027791517
2025-12-22,Bogotá,E-commerce,Cuidado personal,10872671.5,7750556.0,508,90,90,0.13843111111111112,0.2871525641145325
2025-12-22,Bogotá,E-commerce,Hogar,9507314.459999999,7195243.0,346,49,49,0.13823469387755102,0.2431887016809581
2025-12-22,Bogotá,Marketplace,Alimentos,3638312.64,3409662.0,226,36,36,0.1426777777777778,0.06284524245832819
2025-12-22,Bogotá,Marketplace,Bebidas,740307.69,653877.0,97,18,18,0.17578888888888888,0.11674968552602763
2025-12-22,Bogotá,Marketplace,Cuidado personal,3116865.81,2452654.0,157,28,28,0.200175,0.21310247231978205
2025-12-22,Bogotá,Marketplace,Hogar,5258294.18,4173428.0,196,29,29,0.17494827586206896,0.20631523130187435
2025-12-22,Bogotá,Tienda,Alimentos,19790478.47,16666200.0,1182,80,80,0.08393625,0.15786775821191143
2025-12-22,Bogotá,Tienda,Bebidas,7227958.99,5506200.0,874,51,51,0.0814764705882353,0.23820818468700253
2025-12-22,Bogotá,Tienda,Cuidado personal,12566519.31,8103000.0,555,54,54,0.09873148148148149,0.3551913779695613
2025-12-22,Bogotá,Tienda,Hogar,18796186.0,13034500.0,655,79,79,0.09938987341772151,0.3065348470163043
2025-12-22,Caribe,E-commerce,Alimentos,1662535.25,1488184.5,101,18,18,0.13230555555555557,0.10487040801089781
2025-12-22,Caribe,E-commerce,Bebidas,1613097.58,1303533.0,198,17,17,0.12713529411764707,0.19190691489351813
2025-12-22,Caribe,E-commerce,Cuidado personal,2738779.61,1968153.0,129,24,24,0.16176666666666667,0.2813759118062077
2025-12-22,Caribe,E-commerce,Hogar,5850744.72,4367055.0,210,28,28,0.13613571428571428,0.2535898917155284
2025-12-22,Caribe,Marketplace,Alimentos,1311539.78,1237134.0,82,11,11,0.15062727272727272,0.056731622734310067
2025-12-22,Caribe,Marketplace,Bebidas,456175.56,397719.0,59,8,8,0.1996,0.1281448747495372
2025-12-22,Caribe,Marketplace,Cuidado personal,1029151.39,827966.0,53,11,11,0.20592727272727274,0.19548668150756712
2025-12-22,Caribe,Marketplace,Hogar,1705945.2,1320166.0,62,7,7,0.1422857142857143,0.22613809634682283
2025-12-22,Caribe,Tienda,Alimentos,7147907.35,5907900.0,419,40,40,0.07066,0.17347837475817307
2025-12-22,Caribe,Tienda,Bebidas,3241975.73,2463300.0,391,29,29,0.07967931034482759,0.2401855519134315
2025-12-22,Caribe,Tienda,Cuidado personal,5891856.52,3781400.0,259,30,30,0.10462333333333333,0.3581988992495017
2025-12-22,Caribe,Tienda,Hogar,6333173.37,4417800.0,222,22,22,0.10003181818181818,0.3024350129230712
2025-12-22,Eje Cafetero,E-commerce,Alimentos,1657863.46,1517653.5,103,21,21,0.14167142857142856,0.08457268248134256
2025-12-22,Eje Cafetero,E-commerce,Bebidas,383194.03,296257.5,45,7,7,0.10737142857142858,0.22687339361732756
2025-12-22,Eje Cafetero,E-commerce,Cuidado personal,3305328.35,2288550.0,150,26,26,0.13143076923076924,0.3076179557168655
2025-12-22,Eje Cafetero,E-commerce,Hogar,2556495.46,1996368.0,96,20,20,0.16871,0.2190997280315921
2025-12-22,Eje Cafetero,Marketplace,Alimentos,720331.5800000001,739263.0,49,8,8,0.2078625,-0.026281535511742973
2025-12-22,Eje Cafetero,Marketplace,Bebidas,343633.5,283122.0,42,8,8,0.1399125,0.1760931341094509
2025-12-22,Eje Cafetero,Marketplace,Cuidado personal,645475.06,515526.0,33,8,8,0.205925,0.20132313090454657
2025-12-22,Eje Cafetero,Marketplace,Hogar,315068.81,298102.0,14,3,3,0.29350000000000004,0.053851125409716046
2025-12-22,Eje Cafetero,Tienda,Alimentos,5120608.95,4215900.0,299,27,27,0.0719037037037037,0.17667995327001101
2025-12-22,Eje Cafetero,Tienda,Bebidas,1290568.62,989100.0,157,14,14,0.09766428571428572,0.23359363874816674
2025-12-22,Eje Cafetero,Tienda,Cuidado personal,2021185.37,1299400.0,89,13,13,0.10063846153846154,0.3571099319801627
2025-12-22,Eje Cafetero,Tienda,Hogar,6473858.12,4577000.0,230,21,21,0.11592857142857142,0.29300273265797183
2025-12-22,Valle,E-commerce,Alimentos,2435894.93,2121768.0,144,22,22,0.10324090909090909,0.1289575039264933
2025-12-22,Valle,E-commerce,Bebidas,1888791.43,1494454.5,227,22,22,0.08147272727272727,0.20877738205324234
2025-12-22,Valle,E-commerce,Cuidado personal,5607530.21,3997334.0,262,46,46,0.14682391304347825,0.28714891399577497
2025-12-22,Valle,E-commerce,Hogar,6191960.23,4824556.0,232,39,39,0.16179487179487181,0.22083543485549814
2025-12-22,Valle,Marketplace,Alimentos,1642231.92,1478526.0,98,15,15,0.11850000000000001,0.09968501891011833
2025-12-22,Valle,Marketplace,Bebidas,414975.42,377496.0,56,9,9,0.2055111111111111,0.0903172048117934
2025-12-22,Valle,Marketplace,Cuidado personal,1432309.66,1140406.0,73,15,15,0.21309999999999998,0.20379926782033986
2025-12-22,Valle,Marketplace,Hogar,3216412.94,2619039.0,123,21,21,0.19163809523809525,0.18572675559500765
2025-12-22,Valle,Tienda,Alimentos,11875176.1,9926400.0,704,54,54,0.08083518518518519,0.16410502746144537
2025-12-22,Valle,Tienda,Bebidas,3242244.75,2469600.0,392,31,31,0.0971225806451613,0.23830549806580764
2025-12-22,Valle,Tienda,Cuidado personal,10048608.33,6511600.0,446,39,39,0.08271538461538462,0.35198986902895835
2025-12-22,Valle,Tienda,Hogar,10166113.959999999,7024700.0,353,44,44,0.10252727272727272,0.30900833616073287
2025-12-29,Antioquia,E-commerce,Alimentos,4245984.01,3713094.0,252,33,33,0.10701212121212121,0.1255044787603898
2025-12-29,Antioquia,E-commerce,Bebidas,1640388.16,1316700.0,200,36,36,0.11461388888888889,0.197324126016613
2025-12-29,Antioquia,E-commerce,Cuidado personal,7269362.96,5065324.0,332,58,58,0.12902241379310345,0.30319561316828236
2025-12-29,Antioquia,E-commerce,Hogar,5973745.01,4575010.0,220,30,30,0.14531666666666665,0.23414708991738498
2025-12-29,Antioquia,Marketplace,Alimentos,1159310.19,1071177.0,71,17,17,0.12244117647058825,0.07602209551871528
2025-12-29,Antioquia,Marketplace,Bebidas,479343.68,397719.0,59,7,7,0.14057142857142857,0.17028425200056876
2025-12-29,Antioquia,Marketplace,Cuidado personal,2424144.54,1937128.0,124,22,22,0.20442272727272728,0.200902434637829
2025-12-29,Antioquia,Marketplace,Hogar,3930123.72,3279122.0,154,22,22,0.19537272727272728,0.1656440779935549
2025-12-29,Antioquia,Tienda,Alimentos,11360702.28,9376500.0,665,55,55,0.06898181818181819,0.1746548964224771
2025-12-29,Antioquia,Tienda,Bebidas,2684734.98,1990800.0,316,29,29,0.06622068965517242,0.2584742945465701
2025-12-29,Antioquia,Tienda,Cuidado personal,8022661.0200000005,5226800.0,358,37,37,0.10773513513513513,0.3484954696490467
2025-12-29,Antioquia,Tienda,Hogar,14021720.81,9671400.0,486,48,48,0.09982916666666668,0.3102558429845103
2025-12-29,Bogotá,E-commerce,Alimentos,7953174.3,6984153.0,474,82,82,0.10767317073170732,0.12184082272659356
2025-12-29,Bogotá,E-commerce,Bebidas,2654930.38,2126470.5,323,43,43,0.1147767441860465,0.1990484887969077
2025-12-29,Bogotá,E-commerce,Cuidado personal,12526248.13,8711747.0,571,100,100,0.125472,0.3045206426068139
2025-12-29,Bogotá,E-commerce,Hogar,11218959.55,8380586.5,403,54,54,0.12467407407407408,0.25299788606511203
2025-12-29,Bogotá,Marketplace,Alimentos,3741928.43,3560532.0,236,34,34,0.15183529411764707,0.04847672353797535
2025-12-29,Bogotá,Marketplace,Bebidas,906242.04,768474.0,114,17,17,0.13916470588235294,0.15202124147760793
2025-12-29,Bogotá,Marketplace,Cuidado personal,5157479.75,3796146.0,243,41,41,0.15484146341463415,0.263953290364349
2025-12-29,Bogotá,Marketplace,Hogar,2131786.58,1746026.0,82,20,20,0.17234500000000003,0.18095647266904177
2025-12-29,Bogotá,Tienda,Alimentos,20425547.95,16990500.0,1205,99,99,0.08091616161616162,0.16817409052666318
2025-12-29,Bogotá,Tienda,Bebidas,5805625.14,4410000.0,700,52,52,0.08204423076923077,0.240391879658975
2025-12-29,Bogotá,Tienda,Cuidado personal,15771937.34,10322200.0,707,76,76,0.10212763157894737,0.345533793504153
2025-12-29,Bogotá,Tienda,Hogar,20318262.26,14208600.0,714,71,71,0.10353098591549295,0.3006980706232897
2025-12-29,Caribe,E-commerce,Alimentos,1886542.97,1694467.5,115,19,19,0.12682631578947368,0.10181346147657584
2025-12-29,Caribe,E-commerce,Bebidas,834360.21,678100.5,103,17,17,0.13311764705882353,0.18728087476750596
2025-12-29,Caribe,E-commerce,Cuidado personal,2771964.13,1937639.0,127,24,24,0.14437083333333334,0.30098698643694205
2025-12-29,Caribe,E-commerce,Hogar,5360357.44,3951145.0,190,27,27,0.12115925925925926,0.26289523707583207
2025-12-29,Caribe,Marketplace,Alimentos,1867771.89,1750092.0,116,15,15,0.15405333333333332,0.06300549367406953
2025-12-29,Caribe,Marketplace,Bebidas,1215735.85,1031373.0,153,12,12,0.15079166666666666,0.15164712795135563
2025-12-29,Caribe,Marketplace,Cuidado personal,545098.3,406172.0,26,6,6,0.1755,0.2548646730323687
2025-12-29,Caribe,Marketplace,Hogar,1231982.51,979478.0,46,6,6,0.19203333333333336,0.20495786908533303
2025-12-29,Caribe,Tienda,Alimentos,12670253.4,10814700.0,767,44,44,0.09070681818181818,0.1464495887667093
2025-12-29,Caribe,Tienda,Bebidas,1256023.97,945000.0,150,15,15,0.07879333333333333,0.2476258235740517
2025-12-29,Caribe,Tienda,Cuidado personal,4564349.8,2949200.0,202,24,24,0.10307083333333333,0.35386196737156295
2025-12-29,Caribe,Tienda,Hogar,6367088.66,4378000.0,220,25,25,0.08769600000000001,0.3124015961166151
2025-12-29,Eje Cafetero,E-commerce,Alimentos,2600201.17,2313316.5,157,18,18,0.12457222222222224,0.11033172098757264
2025-12-29,Eje Cafetero,E-commerce,Bebidas,948533.68,750519.0,114,15,15,0.11019333333333334,0.20875872325377
2025-12-29,Eje Cafetero,E-commerce,Cuidado personal,1912400.8,1418901.0,93,20,20,0.180725,0.25805249610855635
2025-12-29,Eje Cafetero,E-commerce,Hogar,3683660.09,2828188.0,136,22,22,0.1543,0.23223426404687625
2025-12-29,Eje Cafetero,Marketplace,Alimentos,1848015.95,1719918.0,114,9,9,0.15032222222222222,0.06931647424363407
2025-12-29,Eje Cafetero,Marketplace,Bebidas,197734.62,155043.0,23,3,3,0.07273333333333333,0.21590361869863758
2025-12-29,Eje Cafetero,Marketplace,Cuidado personal,1521710.0899999999,1202894.0,77,11,11,0.22386363636363635,0.20951171454741413
2025-12-29,Eje Cafetero,Marketplace,Hogar,1807458.21,1405338.0,66,10,10,0.14699,0.22247828900010916
2025-12-29,Eje Cafetero,Tienda,Alimentos,5565019.4,4653000.0,330,32,32,0.08893125,0.16388431637812445
2025-12-29,Eje Cafetero,Tienda,Bebidas,924956.03,674100.0,107,14,14,0.07218571428571428,0.27120860004556113
2025-12-29,Eje Cafetero,Tienda,Cuidado personal,2990542.94,1941800.0,133,19,19,0.0997736842105263,0.35068646765526795
2025-12-29,Eje Cafetero,Tienda,Hogar,4379658.8,3064600.0,154,17,17,0.12148235294117647,0.3002651256760001
2025-12-29,Valle,E-commerce,Alimentos,3147530.12,2784820.5,189,30,30,0.12453,0.11523626658733932
2025-12-29,Valle,E-commerce,Bebidas,770090.5700000001,645183.0,98,17,17,0.14968823529411762,0.1621985450360729
2025-12-29,Valle,E-commerce,Cuidado personal,5740393.87,4149904.0,272,49,49,0.15320204081632652,0.27706981542017434
2025-12-29,Valle,E-commerce,Hogar,4468766.99,3410462.0,164,26,26,0.14175384615384615,0.236822593876169
2025-12-29,Valle,Marketplace,Alimentos,1234166.45,1146612.0,76,12,12,0.13954999999999998,0.07094217315662726
2025-12-29,Valle,Marketplace,Bebidas,691368.89,572985.0,85,8,8,0.1188625,0.17123114984245244
2025-12-29,Valle,Marketplace,Cuidado personal,998721.31,765478.0,49,8,8,0.195675,0.23354193774036927
2025-12-29,Valle,Marketplace,Hogar,2315376.2800000003,1937663.0,91,12,12,0.20579166666666668,0.16313256867259615
2025-12-29,Valle,Tienda,Alimentos,9227460.94,7628100.0,541,52,52,0.07936346153846154,0.17332622163340194
2025-12-29,Valle,Tienda,Bebidas,4166966.94,3181500.0,505,24,24,0.08351666666666667,0.23649502244431053
2025-12-29,Valle,Tienda,Cuidado personal,7792498.4399999995,5007800.0,343,40,40,0.0876025,0.35735630381467226
2025-12-29,Valle,Tienda,Hogar,9256684.33,6348100.0,319,34,34,0.08308823529411766,0.3142144882885944
2026-01-05,Antioquia,E-commerce,Alimentos,2536567.84,2210175.0,150,24,24,0.10670416666666667,0.12867498942981154
2026-01-05,Antioquia,E-commerce,Bebidas,1437072.37,1132362.0,172,26,26,0.10771153846153846,0.21203550799602394
2026-01-05,Antioquia,E-commerce,Cuidado personal,2305220.33,1678270.0,110,26,26,0.15850000000000003,0.27196980776236696
2026-01-05,Antioquia,E-commerce,Hogar,3990680.69,3119325.0,150,19,19,0.1595421052631579,0.2183476348241733
2026-01-05,Antioquia,Marketplace,Alimentos,1003939.62,905220.0,60,9,9,0.12662222222222222,0.09833222838640435
2026-01-05,Antioquia,Marketplace,Bebidas,376527.51,316827.0,47,8,8,0.1348625,0.15855550634268398
2026-01-05,Antioquia,Marketplace,Cuidado personal,1441099.41,1093540.0,70,17,17,0.17958235294117647,0.24117656810365354
2026-01-05,Antioquia,Marketplace,Hogar,2306524.95,1873784.0,88,12,12,0.18225833333333333,0.18761598481733316
2026-01-05,Antioquia,Tienda,Alimentos,4510493.57,3736500.0,265,27,27,0.07164074074074074,0.17159841999287015
2026-01-05,Antioquia,Tienda,Bebidas,1197599.05,875700.0,139,17,17,0.07421176470588235,0.26878699511326437
2026-01-05,Antioquia,Tienda,Cuidado personal,3072985.57,1985600.0,136,23,23,0.10933913043478262,0.3538531324766357
2026-01-05,Antioquia,Tienda,Hogar,6334102.84,4477500.0,225,20,20,0.103635,0.29311220340085287
2026-01-05,Bogotá,E-commerce,Alimentos,4148382.4499999997,3654156.0,248,46,46,0.11251956521739129,0.11913714705836723
2026-01-05,Bogotá,E-commerce,Bebidas,1386375.52,1125778.5,171,36,36,0.12158333333333332,0.18797000974166078
2026-01-05,Bogotá,E-commerce,Cuidado personal,6919034.01,4866983.0,319,66,66,0.14266969696969697,0.29658056414149636
2026-01-05,Bogotá,E-commerce,Hogar,5690085.14,4429441.5,213,36,36,0.17588055555555554,0.22155092744359178
2026-01-05,Bogotá,Marketplace,Alimentos,1625300.83,1508700.0,100,13,13,0.1237076923076923,0.0717410757736462
2026-01-05,Bogotá,Marketplace,Bebidas,677324.6599999999,593208.0,88,10,10,0.17896,0.12418957254560896
2026-01-05,Bogotá,Marketplace,Cuidado personal,1828153.8699999999,1405980.0,90,22,22,0.17408636363636362,0.23092906835024773
2026-01-05,Bogotá,Marketplace,Hogar,3733802.78,3002313.0,141,24,24,0.17637083333333334,0.19591012785094125
2026-01-05,Bogotá,Tienda,Alimentos,11739751.13,9785400.0,694,59,59,0.0781050847457627,0.16647296082842947
2026-01-05,Bogotá,Tienda,Bebidas,4450172.07,3408300.0,541,37,37,0.09335405405405406,0.23411950226005535
2026-01-05,Bogotá,Tienda,Cuidado personal,7533051.07,4876400.0,334,38,38,0.10023157894736842,0.3526660107987294
2026-01-05,Bogotá,Tienda,Hogar,14057424.47,9671400.0,486,51,51,0.08266666666666667,0.31200768528831374
2026-01-05,Caribe,E-commerce,Alimentos,1139652.61,1031415.0,70,11,11,0.14138181818181816,0.09497421323854126
2026-01-05,Caribe,E-commerce,Bebidas,548486.9400000001,427927.5,65,13,13,0.09340769230769232,0.21980366569895
2026-01-05,Caribe,E-commerce,Cuidado personal,2342239.05,1601985.0,105,15,15,0.12489333333333333,0.31604547366760016
2026-01-05,Caribe,E-commerce,Hogar,2396229.19,1830004.0,88,14,14,0.16945714285714283,0.2362984276975609
2026-01-05,Caribe,Marketplace,Alimentos,1261774.6199999999,1191873.0,79,7,7,0.1685,0.05539945002222337
2026-01-05,Caribe,Marketplace,Bebidas,272347.33999999997,222453.0,33,4,4,0.133375,0.18320112838260133
2026-01-05,Caribe,Marketplace,Cuidado personal,1223372.24,937320.0,60,10,10,0.19153,0.23382273248246993
2026-01-05,Caribe,Marketplace,Hogar,496763.65,404567.0,19,3,3,0.19876666666666667,0.18559459815548102
2026-01-05,Caribe,Tienda,Alimentos,5023229.2700000005,4201800.0,298,23,23,0.07726086956521738,0.1635261354495174
2026-01-05,Caribe,Tienda,Bebidas,1808754.57,1348200.0,214,17,17,0.07464117647058824,0.2546252419420287
2026-01-05,Caribe,Tienda,Cuidado personal,4355999.8,2803200.0,192,21,21,0.08429523809523809,0.3564737996544444
2026-01-05,Caribe,Tienda,Hogar,4179670.95,2865600.0,144,17,17,0.09771764705882353,0.314395789936526
2026-01-05,Eje Cafetero,E-commerce,Alimentos,693979.11,604114.5,41,8,8,0.108325,0.12949180847821196
2026-01-05,Eje Cafetero,E-commerce,Bebidas,417577.08999999997,329175.0,50,7,7,0.10875714285714286,0.21170244277529682
2026-01-05,Eje Cafetero,E-commerce,Cuidado personal,1690331.88,1174789.0,77,17,17,0.12374117647058824,0.3049950640462392
2026-01-05,Eje Cafetero,E-commerce,Hogar,1723111.23,1268525.5,61,11,11,0.12844545454545456,0.26381682278282176
2026-01-05,Eje Cafetero,Marketplace,Alimentos,624995.6,573306.0,38,7,7,0.13651428571428573,0.08270394223575331
2026-01-05,Eje Cafetero,Marketplace,Cuidado personal,809372.11,624880.0,40,9,9,0.17762222222222224,0.22794473360343487
2026-01-05,Eje Cafetero,Marketplace,Hogar,88691.95000000001,85172.0,4,2,2,0.29610000000000003,0.039687367342808574
2026-01-05,Eje Cafetero,Tienda,Alimentos,2658603.47,2143200.0,152,19,19,0.0647578947368421,0.19386248299751152
2026-01-05,Eje Cafetero,Tienda,Bebidas,938219.93,718200.0,114,7,7,0.07405714285714285,0.23450784082150125
2026-01-05,Eje Cafetero,Tienda,Cuidado personal,1540171.97,1051200.0,72,10,10,0.15505,0.31747881374571435
2026-01-05,Eje Cafetero,Tienda,Hogar,2526383.79,1711400.0,86,11,11,0.06510909090909091,0.32258906711873736
2026-01-05,Valle,E-commerce,Alimentos,2059571.75,1782874.5,121,23,23,0.10149999999999999,0.1343469825705271
2026-01-05,Valle,E-commerce,Bebidas,317812.22,256756.5,39,7,7,0.12735714285714286,0.19211256256917994
2026-01-05,Valle,E-commerce,Cuidado personal,3644128.02,2532662.0,166,30,30,0.14072333333333334,0.3050019137362798
2026-01-05,Valle,E-commerce,Hogar,4696936.9,3452053.0,166,24,24,0.11938333333333334,0.26504164873920283
2026-01-05,Valle,Marketplace,Alimentos,753503.5700000001,663828.0,44,7,7,0.09088571428571428,0.11901147329666939
2026-01-05,Valle,Marketplace,Bebidas,297101.2,249417.0,37,7,7,0.1386285714285714,0.1604981736862726
2026-01-05,Valle,Marketplace,Cuidado personal,894619.29,734234.0,47,10,10,0.2242,0.17927770146785013
2026-01-05,Valle,Marketplace,Hogar,718657.4,617497.0,29,6,6,0.21538333333333334,0.14076303952342245
2026-01-05,Valle,Tienda,Alimentos,9147462.29,7726800.0,548,31,31,0.08286129032258063,0.1553067118465267
2026-01-05,Valle,Tienda,Bebidas,2521803.58,1902600.0,302,20,20,0.0776,0.245539971832382
2026-01-05,Valle,Tienda,Cuidado personal,2217977.83,1416200.0,97,12,12,0.07871666666666667,0.3614904617869873
2026-01-05,Valle,Tienda,Hogar,5895417.17,4179000.0,210,24,24,0.135525,0.2911443109970791
2026-01-12,Antioquia,E-commerce,Alimentos,995027.55,913539.0,62,12,12,0.152075,0.08189577263463714
2026-01-12,Antioquia,E-commerce,Bebidas,489353.12,368676.0,56,7,7,0.06321428571428571,0.24660539611967733
2026-01-12,Antioquia,E-commerce,Cuidado personal,3315140.9899999998,2334321.0,153,32,32,0.136990625,0.29586071692232907
2026-01-12,Antioquia,E-commerce,Hogar,4462707.39,3452053.0,166,27,27,0.15886296296296296,0.2264666494300447
2026-01-12,Antioquia,Marketplace,Alimentos,1350760.39,1267308.0,84,14,14,0.15855,0.061781786479539795
2026-01-12,Antioquia,Marketplace,Bebidas,269384.18,215712.0,32,5,5,0.10564,0.1992402820388339
2026-01-12,Antioquia,Marketplace,Cuidado personal,924516.75,734234.0,47,13,13,0.19763076923076922,0.20581860739678323
2026-01-12,Antioquia,Marketplace,Hogar,2000991.14,1682147.0,79,14,14,0.20772142857142856,0.1593431043377833
2026-01-12,Antioquia,Tienda,Alimentos,6374941.68,5301600.0,376,41,41,0.09341707317073171,0.1683688626309127
2026-01-12,Antioquia,Tienda,Bebidas,1308390.02,982800.0,156,19,19,0.09586315789473684,0.24884783208603198
2026-01-12,Antioquia,Tienda,Cuidado personal,3691269.75,2409000.0,165,23,23,0.12247826086956523,0.34737904213042137
2026-01-12,Antioquia,Tienda,Hogar,7827356.65,5412800.0,272,34,34,0.09925,0.3084766362345327
2026-01-12,Bogotá,E-commerce,Alimentos,3890887.9699999997,3506811.0,238,43,43,0.12869999999999998,0.09871190662937535
2026-01-12,Bogotá,E-commerce,Bebidas,754485.0,599098.5,91,23,23,0.10885217391304348,0.20595041650927454
2026-01-12,Bogotá,E-commerce,Cuidado personal,8044469.47,5690861.0,373,60,60,0.13493833333333333,0.2925747283617946
2026-01-12,Bogotá,E-commerce,Hogar,6213813.63,4595805.5,221,38,38,0.12061842105263158,0.26038890548444077
2026-01-12,Bogotá,Marketplace,Alimentos,1328065.75,1206960.0,80,11,11,0.13043636363636366,0.09118957401017232
2026-01-12,Bogotá,Marketplace,Bebidas,405013.77,337050.0,50,8,8,0.150075,0.1678060723713172
2026-01-12,Bogotá,Marketplace,Cuidado personal,2654497.77,1983994.0,127,21,21,0.16505714285714285,0.25259157403624416
2026-01-12,Bogotá,Marketplace,Hogar,2793283.48,2171886.0,102,15,15,0.15385333333333331,0.22246130206591133
2026-01-12,Bogotá,Tienda,Alimentos,11037021.82,9235500.0,655,58,58,0.09002758620689656,0.163225356385134
2026-01-12,Bogotá,Tienda,Bebidas,2804643.46,2142000.0,340,24,24,0.09447083333333334,0.23626655917255165
2026-01-12,Bogotá,Tienda,Cuidado personal,8512848.43,5591800.0,383,39,39,0.11103589743589744,0.3431340818551376
2026-01-12,Bogotá,Tienda,Hogar,12843109.44,8895300.0,447,47,47,0.09193191489361703,0.3073873549426049
2026-01-12,Caribe,E-commerce,Alimentos,2427736.2,2151237.0,146,18,18,0.1262111111111111,0.11389178115810118
2026-01-12,Caribe,E-commerce,Bebidas,580497.2,474012.0,72,9,9,0.15168888888888887,0.18343792183665997
2026-01-12,Caribe,E-commerce,Cuidado personal,2196847.35,1525700.0,100,18,18,0.1254388888888889,0.305504772555089
2026-01-12,Caribe,E-commerce,Hogar,3768142.66,2745006.0,132,17,17,0.11981764705882354,0.2715228037571168
2026-01-12,Caribe,Marketplace,Alimentos,32224.03,30174.0,2,1,1,0.1338,0.06361805149759353
2026-01-12,Caribe,Marketplace,Bebidas,304557.58,249417.0,37,6,6,0.11418333333333335,0.18105141234705113
2026-01-12,Caribe,Marketplace,Cuidado personal,592513.5,453038.0,29,8,8,0.18203750000000002,0.23539632430315935
2026-01-12,Caribe,Marketplace,Hogar,988396.0800000001,809134.0,38,7,7,0.2057,0.1813666440279691
2026-01-12,Caribe,Tienda,Alimentos,5578538.06,4681200.0,332,24,24,0.09309166666666667,0.1608554159438682
2026-01-12,Caribe,Tienda,Bebidas,2842462.8,2154600.0,342,26,26,0.0793076923076923,0.24199535698409136
2026-01-12,Caribe,Tienda,Cuidado personal,2868774.5100000002,1927200.0,132,12,12,0.12296666666666667,0.3282148899182739
2026-01-12,Caribe,Tienda,Hogar,4380283.47,2985000.0,150,20,20,0.088425,0.3185372543937207
2026-01-12,Eje Cafetero,E-commerce,Alimentos,1509629.77,1311370.5,89,16,16,0.1090875,0.13132972993769196
2026-01-12,Eje Cafetero,E-commerce,Bebidas,186864.13,138253.5,21,2,2,0.0348,0.2601389041331796
2026-01-12,Eje Cafetero,E-commerce,Cuidado personal,835616.95,579766.0,38,7,7,0.11741428571428571,0.3061820969524373
2026-01-12,Eje Cafetero,E-commerce,Hogar,1553583.51,1185343.5,57,10,10,0.14008,0.23702620916721753
2026-01-12,Eje Cafetero,Marketplace,Alimentos,367624.55,347001.0,23,5,5,0.16106,0.05609949063521462
2026-01-12,Eje Cafetero,Marketplace,Bebidas,59288.44,53928.0,8,3,3,0.17586666666666664,0.09041290342603048
2026-01-12,Eje Cafetero,Marketplace,Cuidado personal,361899.96,281196.0,18,4,4,0.18355,0.22300074307828058
2026-01-12,Eje Cafetero,Marketplace,Hogar,411727.05000000005,340688.0,16,4,4,0.172325,0.17253918585140335
2026-01-12,Eje Cafetero,Tienda,Alimentos,5022815.399999999,4385100.0,311,15,15,0.12562666666666666,0.12696373432318447
2026-01-12,Eje Cafetero,Tienda,Bebidas,1012763.55,756000.0,120,10,10,0.08308,0.2535276373246253
2026-01-12,Eje Cafetero,Tienda,Cuidado personal,928526.34,613200.0,42,8,8,0.122425,0.33959870217575083
2026-01-12,Eje Cafetero,Tienda,Hogar,1771628.17,1213900.0,61,9,9,0.1056,0.3148110757349269
2026-01-12,Valle,E-commerce,Alimentos,2561988.27,2298582.0,156,25,25,0.13728400000000002,0.1028132224820842
2026-01-12,Valle,E-commerce,Bebidas,746114.65,592515.0,90,15,15,0.11724666666666667,0.20586601536372462
2026-01-12,Valle,E-commerce,Cuidado personal,2833970.4,1952896.0,128,25,25,0.114688,0.31089753089869954
2026-01-12,Valle,E-commerce,Hogar,2913533.62,2308300.5,111,17,17,0.18178823529411764,0.20773164100299624
2026-01-12,Valle,Marketplace,Alimentos,3942461.28,3681228.0,244,18,18,0.1431611111111111,0.0662614700428966
2026-01-12,Valle,Marketplace,Bebidas,148652.71,134820.0,20,6,6,0.19399999999999998,0.0930538703263465
2026-01-12,Valle,Marketplace,Cuidado personal,1221637.94,937320.0,60,9,9,0.18818888888888888,0.23273502785939995
2026-01-12,Valle,Marketplace,Hogar,1589812.77,1277580.0,60,9,9,0.19732222222222223,0.19639593786883472
2026-01-12,Valle,Tienda,Alimentos,8742328.48,7416600.0,526,37,37,0.08980810810810812,0.1516447801101155
2026-01-12,Valle,Tienda,Bebidas,1968869.8599999999,1480500.0,235,19,19,0.08970526315789475,0.24804577992778046
2026-01-12,Valle,Tienda,Cuidado personal,4386795.78,2774000.0,190,20,20,0.07588500000000001,0.36764779143650955
2026-01-12,Valle,Tienda,Hogar,6482082.29,4437700.0,223,21,21,0.07454285714285713,0.31538974646370926
2026-01-19,Antioquia,E-commerce,Alimentos,2261101.59,2033361.0,138,22,22,0.12681818181818183,0.10072107817145884
2026-01-19,Antioquia,E-commerce,Bebidas,970446.85,770269.5,117,21,21,0.12214761904761906,0.20627337808350862
2026-01-19,Antioquia,E-commerce,Cuidado personal,4142160.38,2898830.0,190,37,37,0.1263837837837838,0.3001647125985981
2026-01-19,Antioquia,E-commerce,Hogar,3249844.8200000003,2370687.0,114,16,16,0.10721875,0.27052301531123574
2026-01-19,Antioquia,Marketplace,Alimentos,1853390.45,1704831.0,113,15,15,0.14404666666666666,0.08015550635863046
2026-01-19,Antioquia,Marketplace,Bebidas,257126.78,215712.0,32,7,7,0.14861428571428573,0.16106754807881155
2026-01-19,Antioquia,Marketplace,Cuidado personal,379173.70999999996,296818.0,19,6,6,0.18043333333333333,0.21719783789862426
2026-01-19,Antioquia,Marketplace,Hogar,1469099.6,1171115.0,55,11,11,0.16996363636363637,0.20283485204134566
2026-01-19,Antioquia,Tienda,Alimentos,5985397.59,4906800.0,348,41,41,0.08126585365853659,0.18020483581609487
2026-01-19,Antioquia,Tienda,Bebidas,1568993.54,1178100.0,187,19,19,0.07489473684210526,0.24913648784047895
2026-01-19,Antioquia,Tienda,Cuidado personal,5094146.82,3285000.0,225,28,28,0.09298214285714286,0.35514226109407665
2026-01-19,Antioquia,Tienda,Hogar,4035141.71,2766100.0,139,19,19,0.09752105263157895,0.3144974331025415
2026-01-19,Bogotá,E-commerce,Alimentos,6616653.3,5864331.0,398,54,54,0.12367222222222223,0.11370133296843585
2026-01-19,Bogotá,E-commerce,Bebidas,1260026.15,1013859.0,154,30,30,0.11811666666666666,0.19536669933397804
2026-01-19,Bogotá,E-commerce,Cuidado personal,5140259.79,3707451.0,243,50,50,0.14962,0.2787424855038309
2026-01-19,Bogotá,E-commerce,Hogar,7359336.26,5469216.5,263,46,46,0.12344347826086956,0.2568329117223949
2026-01-19,Bogotá,Marketplace,Alimentos,1102174.07,1025916.0,68,12,12,0.1371,0.06918877160664835
2026-01-19,Bogotá,Marketplace,Bebidas,846524.07,707805.0,105,20,20,0.13555,0.16386902028668832
2026-01-19,Bogotá,Marketplace,Cuidado personal,2979531.08,2312056.0,148,20,20,0.19832,0.22402017702731936
2026-01-19,Bogotá,Marketplace,Hogar,1634429.53,1298873.0,61,11,11,0.16572727272727272,0.20530498491421653
2026-01-19,Bogotá,Tienda,Alimentos,10804680.02,8981700.0,637,64,64,0.08906875,0.16872133340604006
2026-01-19,Bogotá,Tienda,Bebidas,3485674.14,2671200.0,424,35,35,0.09023428571428571,0.23366330508450803
2026-01-19,Bogotá,Tienda,Cuidado personal,11200477.13,7343800.0,503,48,48,0.11099166666666667,0.344331503491941
2026-01-19,Bogotá,Tienda,Hogar,8853743.42,6208800.0,312,39,39,0.10821025641025642,0.29873730178641206
2026-01-19,Caribe,E-commerce,Alimentos,1133520.29,1046149.5,71,13,13,0.1322846153846154,0.07707915841541754
2026-01-19,Caribe,E-commerce,Bebidas,290535.73,237006.0,36,10,10,0.12147000000000001,0.18424491197691928
2026-01-19,Caribe,E-commerce,Cuidado personal,1301673.1199999999,945934.0,62,14,14,0.16644285714285714,0.27329374367045384
2026-01-19,Caribe,E-commerce,Hogar,2042140.54,1518071.5,73,12,12,0.126575,0.25662731322105775
2026-01-19,Caribe,Marketplace,Alimentos,256646.46000000002,271566.0,18,4,4,0.23375,-0.05813265454742675
2026-01-19,Caribe,Marketplace,Bebidas,232097.5,202230.0,30,7,7,0.18035714285714285,0.12868514309718976
2026-01-19,Caribe,Marketplace,Cuidado personal,388037.91000000003,296818.0,19,6,6,0.1796,0.23507989206518515
2026-01-19,Caribe,Marketplace,Hogar,1531774.6400000001,1192408.0,56,8,8,0.144075,0.22155128511593591
2026-01-19,Caribe,Tienda,Alimentos,5619160.4,4667100.0,331,26,26,0.0838076923076923,0.16943107728336074
2026-01-19,Caribe,Tienda,Bebidas,1050465.78,793800.0,126,11,11,0.0769,0.24433521289955779
2026-01-19,Caribe,Tienda,Cuidado personal,2496037.17,1591400.0,109,16,16,0.08349999999999999,0.3624293663863988
2026-01-19,Caribe,Tienda,Hogar,4623945.72,3144200.0,158,18,18,0.0991888888888889,0.32001796941509075
2026-01-19,Eje Cafetero,E-commerce,Alimentos,1115801.61,972477.0,66,11,11,0.10454545454545454,0.12844990428002706
2026-01-19,Eje Cafetero,E-commerce,Bebidas,835848.07,697851.0,106,4,4,0.111175,0.1650982695934202
2026-01-19,Eje Cafetero,E-commerce,Cuidado personal,1640730.35,1174789.0,77,15,15,0.16205999999999998,0.28398411110027927
2026-01-19,Eje Cafetero,E-commerce,Hogar,1042462.57,790229.0,38,8,8,0.1372875,0.24195935399388005
2026-01-19,Eje Cafetero,Marketplace,Alimentos,398242.77,347001.0,23,4,4,0.07085,0.1286696805569126
2026-01-19,Eje Cafetero,Marketplace,Bebidas,260022.59,202230.0,30,4,4,0.05955,0.22225988134338634
2026-01-19,Eje Cafetero,Marketplace,Cuidado personal,514147.44999999995,421794.0,27,6,6,0.22141666666666668,0.17962444431067384
2026-01-19,Eje Cafetero,Marketplace,Hogar,709092.36,681376.0,32,6,6,0.2709333333333333,0.03908709438076584
2026-01-19,Eje Cafetero,Tienda,Alimentos,3086624.45,2580300.0,183,16,16,0.08391875,0.1640382424884894
2026-01-19,Eje Cafetero,Tienda,Bebidas,858997.0,667800.0,106,10,10,0.10806,0.222581685384233
2026-01-19,Eje Cafetero,Tienda,Cuidado personal,2257017.32,1460000.0,100,15,15,0.11250666666666667,0.35312857944749837
2026-01-19,Eje Cafetero,Tienda,Hogar,2332729.0,1611900.0,81,11,11,0.1029,0.30900674703319586
2026-01-19,Valle,E-commerce,Alimentos,1754992.3900000001,1576591.5,107,20,20,0.119635,0.10165336956247435
2026-01-19,Valle,E-commerce,Bebidas,610467.78,487179.0,74,13,13,0.12526923076923077,0.20195788219977806
2026-01-19,Valle,E-commerce,Cuidado personal,3024633.79,2135980.0,140,28,28,0.13812142857142856,0.2938054163575287
2026-01-19,Valle,E-commerce,Hogar,2185602.35,1663640.0,80,17,17,0.13520588235294118,0.23881853439625012
2026-01-19,Valle,Marketplace,Alimentos,1947358.69,1825527.0,121,7,7,0.09662857142857142,0.06256253181585153
2026-01-19,Valle,Marketplace,Cuidado personal,1254115.99,952942.0,61,9,9,0.20336666666666667,0.24014843316047665
2026-01-19,Valle,Marketplace,Hogar,891801.67,702669.0,33,7,7,0.17835714285714285,0.21207929561289118
2026-01-19,Valle,Tienda,Alimentos,7302704.32,6020700.0,427,40,40,0.0737025,0.17555199605835886
2026-01-19,Valle,Tienda,Bebidas,1957217.1500000001,1474200.0,234,22,22,0.08905454545454546,0.24678771591593712
2026-01-19,Valle,Tienda,Cuidado personal,3267440.94,2117000.0,145,18,18,0.10189444444444445,0.35209234416950164
2026-01-19,Valle,Tienda,Hogar,5824663.16,3980000.0,200,21,21,0.08233333333333333,0.31669868442658583
2026-01-26,Antioquia,E-commerce,Alimentos,2399102.87,2121768.0,144,21,21,0.10828095238095237,0.11559940737347378
2026-01-26,Antioquia,E-commerce,Bebidas,548428.57,441094.5,67,15,15,0.12449333333333333,0.19571203228890857
2026-01-26,Antioquia,E-commerce,Cuidado personal,4237422.51,2975115.0,195,34,34,0.13042647058823528,0.29789512540254093
2026-01-26,Antioquia,E-commerce,Hogar,4586884.84,3410462.0,164,24,24,0.14611666666666667,0.25647533806407924
2026-01-26,Antioquia,Marketplace,Alimentos,917975.3,905220.0,60,13,13,0.19679999999999997,0.013895036173631302
2026-01-26,Antioquia,Marketplace,Bebidas,215718.3,195489.0,29,5,5,0.21456,0.09377646680879642
2026-01-26,Antioquia,Marketplace,Cuidado personal,1799844.93,1359114.0,87,16,16,0.170925,0.2448716123560711
2026-01-26,Antioquia,Marketplace,Hogar,712609.33,617497.0,29,6,6,0.2369666666666667,0.13347050900947363
2026-01-26,Antioquia,Tienda,Alimentos,7598497.149999999,6387300.0,453,39,39,0.08561025641025641,0.1593995662681797
2026-01-26,Antioquia,Tienda,Bebidas,1882690.71,1398600.0,222,26,26,0.07886538461538461,0.2571270508898405
2026-01-26,Antioquia,Tienda,Cuidado personal,3198076.66,2087800.0,143,21,21,0.11410952380952381,0.3471701206812222
2026-01-26,Antioquia,Tienda,Hogar,5608137.48,3860600.0,194,24,24,0.09804166666666668,0.31160746080711277
2026-01-26,Bogotá,E-commerce,Alimentos,6016813.96,5392827.0,366,57,57,0.12593859649122807,0.1037072052000092
2026-01-26,Bogotá,E-commerce,Bebidas,1193901.14,948024.0,144,29,29,0.11047931034482758,0.2059443045677969
2026-01-26,Bogotá,E-commerce,Cuidado personal,7012536.45,4836469.0,317,60,60,0.120335,0.31031103588773506
2026-01-26,Bogotá,E-commerce,Hogar,7106225.24,5282057.0,254,38,38,0.11520263157894736,0.2567000310842948
2026-01-26,Bogotá,Marketplace,Alimentos,1980243.92,1855701.0,123,14,14,0.13222857142857142,0.06289271677198227
2026-01-26,Bogotá,Marketplace,Bebidas,259101.96000000002,215712.0,32,5,5,0.1292,0.1674628783201795
2026-01-26,Bogotá,Marketplace,Cuidado personal,1887587.83,1468468.0,94,17,17,0.18469411764705884,0.22203990899856568
2026-01-26,Bogotá,Marketplace,Hogar,2119356.15,1724733.0,81,15,15,0.19261999999999999,0.18619954461169724
2026-01-26,Bogotá,Tienda,Alimentos,12330975.139999999,10363500.0,735,57,57,0.08742982456140351,0.15955551914282742
2026-01-26,Bogotá,Tienda,Bebidas,4589240.88,3452400.0,548,46,46,0.0797695652173913,0.24771872074843015
2026-01-26,Bogotá,Tienda,Cuidado personal,9049079.46,5752400.0,394,43,43,0.0752767441860465,0.36431103015201066
2026-01-26,Bogotá,Tienda,Hogar,11744245.69,8178900.0,411,40,40,0.10290250000000001,0.3035823486761541
2026-01-26,Caribe,E-commerce,Alimentos,889867.12,780928.5,53,10,10,0.10124999999999999,0.1224212217212835
2026-01-26,Caribe,E-commerce,Bebidas,538865.5,434511.0,66,11,11,0.1474181818181818,0.19365593083988492
2026-01-26,Caribe,E-commerce,Cuidado personal,2357694.84,1601985.0,105,19,19,0.11306315789473685,0.3205291147856946
2026-01-26,Caribe,E-commerce,Hogar,926619.49,707047.0,34,7,7,0.1422142857142857,0.23696079390689267
2026-01-26,Caribe,Marketplace,Alimentos,439747.77,437523.0,29,7,7,0.19384285714285715,0.005059195638445236
2026-01-26,Caribe,Marketplace,Bebidas,274255.94,215712.0,32,3,3,0.06783333333333334,0.21346461994587976
2026-01-26,Caribe,Marketplace,Cuidado personal,1023681.55,749856.0,48,10,10,0.15572,0.26749094970012893
2026-01-26,Caribe,Marketplace,Hogar,1592210.73,1192408.0,56,7,7,0.14427142857142858,0.2510991305780234
2026-01-26,Caribe,Tienda,Alimentos,4849679.01,4046700.0,287,27,27,0.09055185185185186,0.16557364071813072
2026-01-26,Caribe,Tienda,Bebidas,1046666.61,800100.0,127,12,12,0.093775,0.23557320702147935
2026-01-26,Caribe,Tienda,Cuidado personal,3184439.69,2073200.0,142,16,16,0.0948,0.34895925128982425
2026-01-26,Caribe,Tienda,Hogar,6291146.93,4358100.0,219,22,22,0.08976818181818182,0.3072646294083613
2026-01-26,Eje Cafetero,E-commerce,Alimentos,1171776.1,1046149.5,71,10,10,0.10072,0.10721041332042877
2026-01-26,Eje Cafetero,E-commerce,Bebidas,313903.70999999996,237006.0,36,4,4,0.04755,0.24497228783947783
2026-01-26,Eje Cafetero,E-commerce,Cuidado personal,1246297.31,884906.0,58,12,12,0.15020833333333333,0.28997198910747873
2026-01-26,Eje Cafetero,E-commerce,Hogar,2093271.3399999999,1497276.0,72,9,9,0.10265555555555556,0.28471958155219373
2026-01-26,Eje Cafetero,Marketplace,Alimentos,499033.36,467697.0,31,6,6,0.15521666666666667,0.06279411861363333
2026-01-26,Eje Cafetero,Marketplace,Bebidas,164506.5,148302.0,22,6,6,0.17675,0.09850370654047104
2026-01-26,Eje Cafetero,Marketplace,Cuidado personal,652096.55,468660.0,30,4,4,0.125075,0.28130274573604175
2026-01-26,Eje Cafetero,Marketplace,Hogar,173001.53,149051.0,7,2,2,0.22315000000000002,0.1384411455783079
2026-01-26,Eje Cafetero,Tienda,Alimentos,2552329.77,2086800.0,148,17,17,0.0671,0.18239405247386978
2026-01-26,Eje Cafetero,Tienda,Bebidas,462629.99,340200.0,54,8,8,0.0837625,0.26463911256596223
2026-01-26,Eje Cafetero,Tienda,Cuidado personal,3997592.5500000003,2613400.0,179,17,17,0.097,0.3462565363245937
2026-01-26,Eje Cafetero,Tienda,Hogar,3198270.12,2169100.0,109,12,12,0.08865,0.3217896179450909
2026-01-26,Valle,E-commerce,Alimentos,1684474.24,1502919.0,102,19,19,0.12663684210526316,0.10778154731532136
2026-01-26,Valle,E-commerce,Bebidas,1162120.0899999999,921690.0,140,19,19,0.10209473684210527,0.20688919507449516
2026-01-26,Valle,E-commerce,Cuidado personal,2528797.5,1769812.0,116,27,27,0.12677037037037037,0.3001369227864232
2026-01-26,Valle,E-commerce,Hogar,2329483.59,1726026.5,83,14,14,0.12060714285714284,0.2590518742396463
2026-01-26,Valle,Marketplace,Alimentos,893552.9099999999,799611.0,53,11,11,0.11045454545454546,0.10513301333213712
2026-01-26,Valle,Marketplace,Bebidas,134238.59,114597.0,17,4,4,0.133175,0.14631850647418151
2026-01-26,Valle,Marketplace,Cuidado personal,1213569.13,921698.0,59,11,11,0.17474545454545454,0.24050638961127818
2026-01-26,Valle,Marketplace,Hogar,587181.35,468446.0,22,3,3,0.13413333333333333,0.2022123999680848
2026-01-26,Valle,Tienda,Alimentos,4732895.04,3919800.0,278,24,24,0.076175,0.17179655013012923
2026-01-26,Valle,Tienda,Bebidas,837603.72,604800.0,96,14,14,0.060635714285714286,0.27794016960669654
2026-01-26,Valle,Tienda,Cuidado personal,5387811.39,3504000.0,240,23,23,0.1032,0.34964315816556446
2026-01-26,Valle,Tienda,Hogar,6795869.89,4895400.0,246,21,21,0.1223809523809524,0.2796507173859386
2026-02-02,Antioquia,E-commerce,Alimentos,2966717.47,2652210.0,180,31,31,0.12327419354838709,0.10601193850791601
2026-02-02,Antioquia,E-commerce,Bebidas,478701.8,395010.0,60,14,14,0.14675714285714284,0.17483076102909995
2026-02-02,Antioquia,E-commerce,Cuidado personal,4881716.6,3463339.0,227,37,37,0.14222702702702703,0.29054894337782733
2026-02-02,Antioquia,E-commerce,Hogar,4291585.07,3264893.5,157,29,29,0.15271724137931034,0.23923365219461915
2026-02-02,Antioquia,Marketplace,Alimentos,1307890.26,1191873.0,79,10,10,0.13010000000000002,0.08870565333210755
2026-02-02,Antioquia,Marketplace,Bebidas,287777.01,249417.0,37,8,8,0.15583750000000002,0.13329768767838684
2026-02-02,Antioquia,Marketplace,Cuidado personal,1316508.92,968564.0,62,14,14,0.1517642857142857,0.2642936289410025
2026-02-02,Antioquia,Marketplace,Hogar,1145267.21,958185.0,45,7,7,0.2086285714285714,0.16335245466426998
2026-02-02,Antioquia,Tienda,Alimentos,7921424.33,6655200.0,472,39,39,0.08872051282051283,0.15984806232441787
2026-02-02,Antioquia,Tienda,Bebidas,2315988.91,1776600.0,282,26,26,0.10143846153846153,0.23289788119063148
2026-02-02,Antioquia,Tienda,Cuidado personal,4297387.19,2759400.0,189,28,28,0.0947,0.3578889036526402
2026-02-02,Antioquia,Tienda,Hogar,8696983.55,5989900.0,301,36,36,0.09169722222222222,0.3112669507118937
2026-02-02,Bogotá,E-commerce,Alimentos,5686937.53,4965526.5,337,57,57,0.10564912280701755,0.12685404511556156
2026-02-02,Bogotá,E-commerce,Bebidas,1596248.13,1257448.5,191,37,37,0.10015675675675675,0.21224747182632558
2026-02-02,Bogotá,E-commerce,Cuidado personal,6523779.7,4531329.0,297,69,69,0.1210768115942029,0.30541354730295384
2026-02-02,Bogotá,E-commerce,Hogar,8202657.39,6301036.5,303,41,41,0.15163658536585367,0.23182985703124676
2026-02-02,Bogotá,Marketplace,Alimentos,1572079.0,1463439.0,97,19,19,0.14757368421052633,0.06910594187696674
2026-02-02,Bogotá,Marketplace,Bebidas,736883.21,620172.0,92,16,16,0.1557,0.15838494949559234
2026-02-02,Bogotá,Marketplace,Cuidado personal,1776202.06,1312248.0,84,18,18,0.16935555555555556,0.2612056761154753
2026-02-02,Bogotá,Marketplace,Hogar,4520863.93,3513345.0,165,18,18,0.14764444444444444,0.22285982183940664
2026-02-02,Bogotá,Tienda,Alimentos,14613583.23,12323400.0,874,54,54,0.08286851851851852,0.15671606299121207
2026-02-02,Bogotá,Tienda,Bebidas,3307666.89,2520000.0,400,41,41,0.09956341463414634,0.23813368038400023
2026-02-02,Bogotá,Tienda,Cuidado personal,7370285.98,4832600.0,331,42,42,0.10689761904761905,0.34431309543296723
2026-02-02,Bogotá,Tienda,Hogar,11807706.23,8218700.0,413,48,48,0.11044583333333334,0.30395456662712045
2026-02-02,Caribe,E-commerce,Alimentos,620990.32,545176.5,37,10,10,0.10418000000000001,0.12208534909207595
2026-02-02,Caribe,E-commerce,Bebidas,274784.59,217255.5,33,7,7,0.11562857142857141,0.2093606850369594
2026-02-02,Caribe,E-commerce,Cuidado personal,2041235.73,1418901.0,93,15,15,0.12558666666666668,0.30488136223247475
2026-02-02,Caribe,E-commerce,Hogar,3680562.44,2745006.0,132,21,21,0.13959047619047618,0.2541884440900831
2026-02-02,Caribe,Marketplace,Alimentos,447440.61000000004,422436.0,28,7,7,0.1507285714285714,0.055883640065661544
2026-02-02,Caribe,Marketplace,Bebidas,83108.68000000001,67410.0,10,2,2,0.11069999999999999,0.18889338634664882
2026-02-02,Caribe,Marketplace,Cuidado personal,702198.6799999999,546770.0,35,8,8,0.182375,0.2213457308122538
2026-02-02,Caribe,Marketplace,Hogar,1278715.9,1064650.0,50,9,9,0.1902666666666667,0.16740692752784253
2026-02-02,Caribe,Tienda,Alimentos,5478565.91,4667100.0,331,15,15,0.08458666666666667,0.14811648218356474
2026-02-02,Caribe,Tienda,Bebidas,807736.3300000001,611100.0,97,10,10,0.07517,0.24344123533480294
2026-02-02,Caribe,Tienda,Cuidado personal,2917500.55,1854200.0,127,16,16,0.085375,0.36445598956270975
2026-02-02,Caribe,Tienda,Hogar,4438122.3,3084500.0,155,21,21,0.1157904761904762,0.30499887305944673
2026-02-02,Eje Cafetero,E-commerce,Alimentos,2152628.06,1900750.5,129,18,18,0.11008888888888889,0.11700932672967203
2026-02-02,Eje Cafetero,E-commerce,Bebidas,245591.95,190921.5,29,6,6,0.09751666666666665,0.22260684847365725
2026-02-02,Eje Cafetero,E-commerce,Cuidado personal,1068485.72,793364.0,52,10,10,0.18056,0.2574875029682193
2026-02-02,Eje Cafetero,E-commerce,Hogar,2419811.48,1809208.5,87,14,14,0.1495357142857143,0.2523349380919542
2026-02-02,Eje Cafetero,Marketplace,Alimentos,817878.09,724176.0,48,4,4,0.1275,0.1145673067241598
2026-02-02,Eje Cafetero,Marketplace,Cuidado personal,520963.61,453038.0,29,5,5,0.25996,0.13038455795405746
2026-02-02,Eje Cafetero,Marketplace,Hogar,1012438.62,809134.0,38,5,5,0.1995,0.20080685977783028
2026-02-02,Eje Cafetero,Tienda,Alimentos,4361060.73,3595500.0,255,22,22,0.061349999999999995,0.17554461572471622
2026-02-02,Eje Cafetero,Tienda,Bebidas,753675.88,548100.0,87,10,10,0.052739999999999995,0.2727643081797974
2026-02-02,Eje Cafetero,Tienda,Cuidado personal,1413884.8,919800.0,63,9,9,0.1143,0.34945194969208243
2026-02-02,Eje Cafetero,Tienda,Hogar,2277470.91,1631800.0,82,13,13,0.1339923076923077,0.2835034718401738
2026-02-02,Valle,E-commerce,Alimentos,2405373.94,2165971.5,147,23,23,0.12522608695652174,0.09952815901880102
2026-02-02,Valle,E-commerce,Bebidas,463817.23,388426.5,59,11,11,0.15334545454545456,0.16254404779227366
2026-02-02,Valle,E-commerce,Cuidado personal,2929516.94,2135980.0,140,27,27,0.1608,0.27087637868378395
2026-02-02,Valle,E-commerce,Hogar,2747435.88,2079550.0,100,20,20,0.16140000000000002,0.2430942555791329
2026-02-02,Valle,Marketplace,Alimentos,1753734.11,1629396.0,108,11,11,0.14805454545454547,0.07089906576544838
2026-02-02,Valle,Marketplace,Bebidas,307017.95,256158.0,38,5,5,0.14914,0.16565790371540168
2026-02-02,Valle,Marketplace,Cuidado personal,1242225.27,937320.0,60,11,11,0.18759090909090909,0.24545086737770197
2026-02-02,Valle,Marketplace,Hogar,616584.9,489739.0,23,4,4,0.1539,0.20572333185584016
2026-02-02,Valle,Tienda,Alimentos,4460554.56,3708300.0,263,30,30,0.08875666666666666,0.16864597212773463
2026-02-02,Valle,Tienda,Bebidas,2143461.18,1612800.0,256,23,23,0.08163478260869565,0.24757209738690025
2026-02-02,Valle,Tienda,Cuidado personal,4165230.7199999997,2701000.0,185,24,24,0.10578749999999999,0.3515365218472219
2026-02-02,Valle,Tienda,Hogar,5637293.9,4019800.0,202,28,28,0.12014642857142857,0.2869273677570723
2026-02-09,Antioquia,E-commerce,Alimentos,2260822.55,2018626.5,137,26,26,0.12541923076923076,0.10712740369649969
2026-02-09,Antioquia,E-commerce,Bebidas,394208.94,316008.0,48,10,10,0.11905000000000002,0.19837434432613324
2026-02-09,Antioquia,E-commerce,Cuidado personal,4664287.51,3341283.0,219,41,41,0.15132682926829266,0.2836455744127145
2026-02-09,Antioquia,E-commerce,Hogar,3435575.15,2641028.5,127,20,20,0.14641500000000002,0.23127034493773188
2026-02-09,Antioquia,Marketplace,Alimentos,916421.3,859959.0,57,10,10,0.14347000000000001,0.06161172814294042
2026-02-09,Antioquia,Marketplace,Bebidas,337579.94,283122.0,42,9,9,0.13784444444444444,0.1613186494434474
2026-02-09,Antioquia,Marketplace,Cuidado personal,1505888.07,1124784.0,72,16,16,0.1668375,0.2530759606854446
2026-02-09,Antioquia,Marketplace,Hogar,1185905.35,1000771.0,47,11,11,0.22314545454545456,0.15611224791253372
2026-02-09,Antioquia,Tienda,Alimentos,5466178.87,4469700.0,317,37,37,0.07588918918918919,0.18229898686063306
2026-02-09,Antioquia,Tienda,Bebidas,1844453.81,1373400.0,218,25,25,0.07768,0.25538932308638296
2026-02-09,Antioquia,Tienda,Cuidado personal,6541390.16,4248600.0,291,25,25,0.08891199999999999,0.3505050308755777
2026-02-09,Antioquia,Tienda,Hogar,6138462.66,4278500.0,215,25,25,0.103848,0.3030013804791964
2026-02-09,Bogotá,E-commerce,Alimentos,4315661.18,3816235.5,259,45,45,0.1142488888888889,0.11572402447033614
2026-02-09,Bogotá,E-commerce,Bebidas,1317035.2,1046776.5,159,28,28,0.10519285714285713,0.20520233627772436
2026-02-09,Bogotá,E-commerce,Cuidado personal,6631822.73,4714413.0,309,71,71,0.13997605633802818,0.2891225848553404
2026-02-09,Bogotá,E-commerce,Hogar,5156464.87,3847167.5,185,35,35,0.12594,0.25391375739169925
2026-02-09,Bogotá,Marketplace,Alimentos,2455414.23,2278137.0,151,18,18,0.1367722222222222,0.07219850232765002
2026-02-09,Bogotá,Marketplace,Bebidas,1206029.37,1024632.0,152,17,17,0.14272941176470588,0.1504087499958646
2026-02-09,Bogotá,Marketplace,Cuidado personal,1959572.96,1484090.0,95,22,22,0.16774545454545453,0.24264621410166834
2026-02-09,Bogotá,Marketplace,Hogar,3272589.5300000003,2597746.0,122,21,21,0.1717857142857143,0.20621086873672184
2026-02-09,Bogotá,Tienda,Alimentos,14586724.12,12182400.0,864,67,67,0.07900597014925373,0.16482961494441423
2026-02-09,Bogotá,Tienda,Bebidas,3565185.2,2746800.0,436,33,33,0.10082121212121213,0.229549140953463
2026-02-09,Bogotá,Tienda,Cuidado personal,12455752.76,8044600.0,551,53,53,0.08698301886792453,0.3541458188031664
2026-02-09,Bogotá,Tienda,Hogar,8274341.92,5751100.0,289,39,39,0.10397948717948718,0.3049477462251161
2026-02-09,Caribe,E-commerce,Alimentos,2255954.49,2003892.0,136,19,19,0.11637894736842104,0.11173208108466771
2026-02-09,Caribe,E-commerce,Bebidas,270421.69,230422.5,35,8,8,0.1476625,0.14791413366287298
2026-02-09,Caribe,E-commerce,Cuidado personal,1022629.22,762850.0,50,12,12,0.17963333333333334,0.254030703327644
2026-02-09,Caribe,E-commerce,Hogar,2072728.1099999999,1518071.5,73,15,15,0.12820666666666666,0.2675973791854446
2026-02-09,Caribe,Marketplace,Alimentos,950340.14,920307.0,61,11,11,0.15981818181818183,0.03160251654739114
2026-02-09,Caribe,Marketplace,Bebidas,249316.75,202230.0,30,6,6,0.11718333333333332,0.1888631630245461
2026-02-09,Caribe,Marketplace,Cuidado personal,606073.7,468660.0,30,5,5,0.17914000000000002,0.22672770654789998
2026-02-09,Caribe,Marketplace,Hogar,376780.41000000003,298102.0,14,3,3,0.19083333333333333,0.2088176771186167
2026-02-09,Caribe,Tienda,Alimentos,5434812.43,4512000.0,320,25,25,0.077696,0.16979655542592476
2026-02-09,Caribe,Tienda,Bebidas,1612712.8299999998,1209600.0,192,17,17,0.07275294117647058,0.24995946116457687
2026-02-09,Caribe,Tienda,Cuidado personal,1807601.15,1197200.0,82,11,11,0.11950909090909091,0.33768574997863876
2026-02-09,Caribe,Tienda,Hogar,4109067.6,2766100.0,139,16,16,0.06276875,0.3268302521963864
2026-02-09,Eje Cafetero,E-commerce,Alimentos,1345531.8800000001,1164025.5,79,12,12,0.10603333333333333,0.13489563695807794
2026-02-09,Eje Cafetero,E-commerce,Bebidas,290912.64,230422.5,35,7,7,0.11938571428571429,0.20793231947570243
2026-02-09,Eje Cafetero,E-commerce,Cuidado personal,1749911.28,1266331.0,83,15,15,0.15477333333333335,0.2763455985037139
2026-02-09,Eje Cafetero,E-commerce,Hogar,2475441.49,1933981.5,93,16,16,0.1668,0.21873269563725387
2026-02-09,Eje Cafetero,Marketplace,Alimentos,223482.93,211218.0,14,3,3,0.1455,0.05488083586518216
2026-02-09,Eje Cafetero,Marketplace,Bebidas,165887.34,155043.0,23,3,3,0.19506666666666664,0.06537171552693531
2026-02-09,Eje Cafetero,Marketplace,Cuidado personal,884933.37,671746.0,43,8,8,0.2046,0.2409078211165209
2026-02-09,Eje Cafetero,Marketplace,Hogar,1184877.25,979478.0,46,7,7,0.20184285714285716,0.17335065720942824
2026-02-09,Eje Cafetero,Tienda,Alimentos,2615949.86,2171400.0,154,19,19,0.08781052631578948,0.1699382189228963
2026-02-09,Eje Cafetero,Tienda,Bebidas,974254.16,718200.0,114,11,11,0.08166363636363637,0.26282069968271937
2026-02-09,Eje Cafetero,Tienda,Cuidado personal,2569236.34,1635200.0,112,14,14,0.08947857142857142,0.363546290178972
2026-02-09,Eje Cafetero,Tienda,Hogar,5276417.91,3761100.0,189,20,20,0.12315000000000001,0.2871868634832983
2026-02-09,Valle,E-commerce,Alimentos,2416381.38,2121768.0,144,25,25,0.10536,0.12192337784029766
2026-02-09,Valle,E-commerce,Bebidas,845680.8099999999,664933.5,101,16,16,0.1274,0.21372994144209084
2026-02-09,Valle,E-commerce,Cuidado personal,3146333.94,2273293.0,149,32,32,0.153584375,0.2774787917140162
2026-02-09,Valle,E-commerce,Hogar,3425965.5300000003,2578642.0,124,19,19,0.14034736842105264,0.24732400912393307
2026-02-09,Valle,Marketplace,Alimentos,1402700.29,1312569.0,87,15,15,0.16588666666666665,0.06425555811355826
2026-02-09,Valle,Marketplace,Bebidas,334776.89,289863.0,43,10,10,0.15854,0.1341606644353498
2026-02-09,Valle,Marketplace,Cuidado personal,844159.96,718612.0,46,10,10,0.26008,0.14872531978417924
2026-02-09,Valle,Marketplace,Hogar,972956.52,830427.0,39,11,11,0.21515454545454543,0.14649115049868827
2026-02-09,Valle,Tienda,Alimentos,6516507.92,5400300.0,383,40,40,0.0800125,0.17128927543757208
2026-02-09,Valle,Tienda,Bebidas,2535522.43,1915200.0,304,24,24,0.086875,0.24465270851498644
2026-02-09,Valle,Tienda,Cuidado personal,5079568.06,3372600.0,231,26,26,0.12026153846153845,0.33604590780894067
2026-02-09,Valle,Tienda,Hogar,6580771.9,4517300.0,227,27,27,0.09116666666666667,0.3135607693681041
2026-02-16,Antioquia,E-commerce,Alimentos,1823894.6300000001,1620795.0,110,24,24,0.1178625,0.11135491418163784
2026-02-16,Antioquia,E-commerce,Bebidas,682033.93,546430.5,83,13,13,0.11889999999999999,0.19882211725155674
2026-02-16,Antioquia,E-commerce,Cuidado personal,2630066.0,1922382.0,126,25,25,0.170736,0.2690746163784483
2026-02-16,Antioquia,E-commerce,Hogar,4799673.21,3556030.5,171,28,28,0.1296107142857143,0.2591098717739577
2026-02-16,Antioquia,Marketplace,Alimentos,752211.83,724176.0,48,10,10,0.14806,0.03727118995190485
2026-02-16,Antioquia,Marketplace,Bebidas,288267.96,249417.0,37,6,6,0.15856666666666666,0.13477377090398815
2026-02-16,Antioquia,Marketplace,Cuidado personal,992659.6900000001,702990.0,45,9,9,0.13415555555555556,0.2918116781794575
2026-02-16,Antioquia,Marketplace,Hogar,1809602.87,1469217.0,69,9,9,0.18902222222222223,0.18809976246335203
2026-02-16,Antioquia,Tienda,Alimentos,7552349.100000001,6471900.0,459,37,37,0.11266216216216215,0.1430613290903092
2026-02-16,Antioquia,Tienda,Bebidas,3346034.84,2570400.0,408,25,25,0.09050000000000001,0.2318071619361859
2026-02-16,Antioquia,Tienda,Cuidado personal,4817120.19,3080600.0,211,30,30,0.09578,0.3604892802145342
2026-02-16,Antioquia,Tienda,Hogar,7485744.4,5193900.0,261,34,34,0.10355588235294118,0.3061611881912506
2026-02-16,Bogotá,E-commerce,Alimentos,3252413.71,2887962.0,196,40,40,0.12672,0.1120557661159287
2026-02-16,Bogotá,E-commerce,Bebidas,2183501.94,1810462.5,275,41,41,0.1391609756097561,0.1708445654048743
2026-02-16,Bogotá,E-commerce,Cuidado personal,6102987.48,4287217.0,281,60,60,0.1263,0.29752158036542464
2026-02-16,Bogotá,E-commerce,Hogar,8454363.56,6321832.0,304,47,47,0.1355404255319149,0.2522403425007193
2026-02-16,Bogotá,Marketplace,Alimentos,2192014.69,2051832.0,136,19,19,0.14123684210526316,0.06395152853651721
2026-02-16,Bogotá,Marketplace,Bebidas,861348.97,687582.0,102,13,13,0.09732307692307693,0.20173817587545265
2026-02-16,Bogotá,Marketplace,Cuidado personal,2935026.17,2202702.0,141,27,27,0.1686666666666667,0.24951197283532225
2026-02-16,Bogotá,Marketplace,Hogar,2728965.36,2086714.0,98,14,14,0.13558571428571428,0.23534610201134978
2026-02-16,Bogotá,Tienda,Alimentos,11523928.74,9630300.0,683,69,69,0.0864072463768116,0.16432145518456237
2026-02-16,Bogotá,Tienda,Bebidas,4199255.3,3206700.0,509,39,39,0.07748974358974359,0.23636460017089217
2026-02-16,Bogotá,Tienda,Cuidado personal,6613976.21,4263200.0,292,41,41,0.09252682926829268,0.3554255617741328
2026-02-16,Bogotá,Tienda,Hogar,13265784.49,9114200.0,458,47,47,0.08573617021276596,0.31295431439652466
2026-02-16,Caribe,E-commerce,Alimentos,1480924.57,1296636.0,88,15,15,0.09731333333333334,0.1244415642317286
2026-02-16,Caribe,E-commerce,Bebidas,636403.79,506929.5,77,13,13,0.12303076923076922,0.2034467613714243
2026-02-16,Caribe,E-commerce,Cuidado personal,1930565.8,1342616.0,88,18,18,0.14492777777777777,0.3045479206147752
2026-02-16,Caribe,E-commerce,Hogar,2100708.67,1622049.0,78,14,14,0.17702142857142858,0.22785628337507643
2026-02-16,Caribe,Marketplace,Alimentos,373926.61,377175.0,25,5,5,0.17188,-0.008687239455892198
2026-02-16,Caribe,Marketplace,Bebidas,171767.75,141561.0,21,3,3,0.1032,0.17585809909019592
2026-02-16,Caribe,Marketplace,Cuidado personal,578494.15,468660.0,30,5,5,0.21635999999999997,0.18986216195963265
2026-02-16,Caribe,Marketplace,Hogar,497309.72,361981.0,17,2,2,0.07175000000000001,0.27212160663177865
2026-02-16,Caribe,Tienda,Alimentos,3039806.92,2467500.0,175,25,25,0.08407999999999999,0.1882708129370269
2026-02-16,Caribe,Tienda,Bebidas,1222793.99,913500.0,145,15,15,0.09034666666666666,0.25294039104657356
2026-02-16,Caribe,Tienda,Cuidado personal,5724471.0,3752200.0,257,26,26,0.11114615384615385,0.3445333201967483
2026-02-16,Caribe,Tienda,Hogar,4778502.81,3263600.0,164,17,17,0.08608235294117647,0.31702457238902404
2026-02-16,Eje Cafetero,E-commerce,Alimentos,1253626.02,1090353.0,74,12,12,0.112375,0.13024061194900854
2026-02-16,Eje Cafetero,E-commerce,Bebidas,628131.03,520096.5,79,9,9,0.137,0.17199362050303424
2026-02-16,Eje Cafetero,E-commerce,Cuidado personal,1848280.86,1312102.0,86,14,14,0.14802142857142855,0.2900959868187999
2026-02-16,Eje Cafetero,E-commerce,Hogar,1985201.0,1559662.5,75,9,9,0.17117777777777776,0.2143553725794013
2026-02-16,Eje Cafetero,Marketplace,Alimentos,835339.54,754350.0,50,7,7,0.10894285714285713,0.09695403619945972
2026-02-16,Eje Cafetero,Marketplace,Bebidas,167485.13999999998,141561.0,21,4,4,0.14255,0.1547847170202681
2026-02-16,Eje Cafetero,Marketplace,Cuidado personal,195478.02000000002,156220.0,10,2,2,0.2056,0.2008308657924815
2026-02-16,Eje Cafetero,Marketplace,Hogar,694256.77,617497.0,29,7,7,0.23061428571428572,0.11056394883985073
2026-02-16,Eje Cafetero,Tienda,Alimentos,4099039.43,3510900.0,249,12,12,0.097825,0.14348225725654953
2026-02-16,Eje Cafetero,Tienda,Bebidas,804368.01,592200.0,94,13,13,0.06997692307692308,0.2637698259531729
2026-02-16,Eje Cafetero,Tienda,Cuidado personal,2143624.69,1387000.0,95,15,15,0.11409333333333334,0.3529650939036348
2026-02-16,Eje Cafetero,Tienda,Hogar,3879690.98,2746200.0,138,19,19,0.13660526315789473,0.2921601194123971
2026-02-16,Valle,E-commerce,Alimentos,2216656.94,1915485.0,130,23,23,0.09391739130434783,0.1358676367846077
2026-02-16,Valle,E-commerce,Bebidas,871127.58,684684.0,104,16,16,0.09344375,0.21402557361345392
2026-02-16,Valle,E-commerce,Cuidado personal,2242103.24,1601985.0,105,21,21,0.1557952380952381,0.28549900315919446
2026-02-16,Valle,E-commerce,Hogar,4492090.74,3368871.0,162,29,29,0.13836896551724137,0.25004386710140236
2026-02-16,Valle,Marketplace,Alimentos,977897.41,920307.0,61,9,9,0.13742222222222222,0.058892077441947646
2026-02-16,Valle,Marketplace,Bebidas,350654.45,296604.0,44,6,6,0.14853333333333332,0.15414163430693667
2026-02-16,Valle,Marketplace,Cuidado personal,812802.97,609258.0,39,9,9,0.18215555555555554,0.25042350669560176
2026-02-16,Valle,Marketplace,Hogar,1402012.72,1234994.0,58,11,11,0.24557272727272725,0.11912782075186877
2026-02-16,Valle,Tienda,Alimentos,7886877.6,6669300.0,473,38,38,0.09228947368421053,0.1543801820887901
2026-02-16,Valle,Tienda,Bebidas,1760523.02,1310400.0,208,19,19,0.08647368421052631,0.2556757366342191
2026-02-16,Valle,Tienda,Cuidado personal,4152614.06,2657200.0,182,26,26,0.09905384615384616,0.36011390377077324
2026-02-16,Valle,Tienda,Hogar,6436947.8,4517300.0,227,26,26,0.10791923076923077,0.2982232976939785
2026-02-23,Antioquia,E-commerce,Alimentos,2711052.84,2328051.0,158,23,23,0.09572173913043479,0.14127420696086465
2026-02-23,Antioquia,E-commerce,Bebidas,999909.46,796603.5,121,23,23,0.1130608695652174,0.20332436898836817
2026-02-23,Antioquia,E-commerce,Cuidado personal,2850577.31,2059695.0,135,29,29,0.15036896551724135,0.27744636401389167
2026-02-23,Antioquia,E-commerce,Hogar,4785200.69,3660008.0,176,28,28,0.14595357142857143,0.2351401253350568
2026-02-23,Antioquia,Marketplace,Alimentos,1212566.89,1146612.0,76,14,14,0.15712857142857145,0.05439278487968602
2026-02-23,Antioquia,Marketplace,Bebidas,202661.26,168525.0,25,6,6,0.1135,0.16843998700096904
2026-02-23,Antioquia,Marketplace,Cuidado personal,1450793.83,1046674.0,67,14,14,0.15395,0.2785508330980426
2026-02-23,Antioquia,Marketplace,Hogar,3174016.2399999998,2512574.0,118,19,19,0.16056842105263155,0.20839283418411236
2026-02-23,Antioquia,Tienda,Alimentos,4991182.609999999,4103100.0,291,38,38,0.09118157894736842,0.1779302981663497
2026-02-23,Antioquia,Tienda,Bebidas,1497262.35,1115100.0,177,22,22,0.09621363636363635,0.2552407398743447
2026-02-23,Antioquia,Tienda,Cuidado personal,4418529.72,2817800.0,193,24,24,0.09699999999999999,0.36227655383972385
2026-02-23,Antioquia,Tienda,Hogar,7057533.97,4835700.0,243,33,33,0.08845454545454545,0.314817325633078
2026-02-23,Bogotá,E-commerce,Alimentos,3935522.09,3462607.5,235,39,39,0.11017692307692308,0.12016565507322559
2026-02-23,Bogotá,E-commerce,Bebidas,1305047.4,1027026.0,156,30,30,0.10553333333333333,0.21303548055036156
2026-02-23,Bogotá,E-commerce,Cuidado personal,7834481.09,5477263.0,359,60,60,0.13056166666666666,0.30087737310500035
2026-02-23,Bogotá,E-commerce,Hogar,7622541.76,5656376.0,272,46,46,0.1285173913043478,0.2579409627268477
2026-02-23,Bogotá,Marketplace,Alimentos,2279127.54,2097093.0,139,21,21,0.13408095238095238,0.07987027351703188
2026-02-23,Bogotá,Marketplace,Bebidas,646128.39,539280.0,80,15,15,0.13838,0.16536711844529847
2026-02-23,Bogotá,Marketplace,Cuidado personal,2831483.08,2124592.0,136,31,31,0.16762903225806453,0.2496540011109655
2026-02-23,Bogotá,Marketplace,Hogar,2554297.93,1980249.0,93,17,17,0.15004117647058823,0.22473843918434375
2026-02-23,Bogotá,Tienda,Alimentos,10611451.52,8911200.0,632,52,52,0.09102307692307693,0.16022798735832133
2026-02-23,Bogotá,Tienda,Bebidas,2982186.51,2286900.0,363,26,26,0.08989615384615385,0.2331465546063381
2026-02-23,Bogotá,Tienda,Cuidado personal,10041435.65,6570000.0,450,43,43,0.1023093023255814,0.3457110886330283
2026-02-23,Bogotá,Tienda,Hogar,15327789.23,10606700.0,533,63,63,0.10354761904761905,0.3080084909283425
2026-02-23,Caribe,E-commerce,Alimentos,1066946.94,987211.5,67,11,11,0.14481818181818182,0.07473233861095281
2026-02-23,Caribe,E-commerce,Bebidas,618038.11,474012.0,72,8,8,0.0768375,0.2330375872775871
2026-02-23,Caribe,E-commerce,Cuidado personal,3023265.65,2074952.0,136,21,21,0.1257952380952381,0.3136719560188169
2026-02-23,Caribe,E-commerce,Hogar,1848383.14,1476480.5,71,13,13,0.1954,0.20120430226386934
2026-02-23,Caribe,Marketplace,Alimentos,227326.44,226305.0,15,3,3,0.1742,0.004493274077577612
2026-02-23,Caribe,Marketplace,Bebidas,239931.11,195489.0,29,6,6,0.11278333333333333,0.18522862666704618
2026-02-23,Caribe,Marketplace,Cuidado personal,1094109.63,859210.0,55,12,12,0.18683333333333332,0.21469478337376477
2026-02-23,Caribe,Marketplace,Hogar,1202080.35,936892.0,44,6,6,0.18205000000000002,0.2206078403993544
2026-02-23,Caribe,Tienda,Alimentos,3966493.71,3299400.0,234,25,25,0.088736,0.16818221804264502
2026-02-23,Caribe,Tienda,Bebidas,958924.03,699300.0,111,14,14,0.07416428571428571,0.2707451496444406
2026-02-23,Caribe,Tienda,Cuidado personal,3335658.69,2131600.0,146,18,18,0.10097222222222221,0.3609657947348324
2026-02-23,Caribe,Tienda,Hogar,8774543.61,6169000.0,310,23,23,0.0939,0.2969434908307441
2026-02-23,Eje Cafetero,E-commerce,Alimentos,1631428.1,1458715.5,99,16,16,0.1252375,0.10586589749189687
2026-02-23,Eje Cafetero,E-commerce,Bebidas,221641.99,184338.0,28,5,5,0.16629999999999998,0.16830741322977652
2026-02-23,Eje Cafetero,E-commerce,Cuidado personal,1082674.47,747593.0,49,9,9,0.12885555555555556,0.3094942009669813
2026-02-23,Eje Cafetero,E-commerce,Hogar,1190495.14,894206.5,43,8,8,0.143175,0.2488784960516512
2026-02-23,Eje Cafetero,Marketplace,Alimentos,140497.28,165957.0,11,2,2,0.22175,-0.18121147968131485
2026-02-23,Eje Cafetero,Marketplace,Bebidas,98286.23999999999,80892.0,12,2,2,0.17454999999999998,0.17697533245752398
2026-02-23,Eje Cafetero,Marketplace,Cuidado personal,881802.2,687368.0,44,9,9,0.2010111111111111,0.22049638796546434
2026-02-23,Eje Cafetero,Marketplace,Hogar,840453.17,660083.0,31,8,8,0.148125,0.21461061298632503
2026-02-23,Eje Cafetero,Tienda,Alimentos,3211694.31,2707200.0,192,15,15,0.09902666666666667,0.15708042587652124
2026-02-23,Eje Cafetero,Tienda,Bebidas,1412752.67,1108800.0,176,8,8,0.1302875,0.2151492447719104
2026-02-23,Eje Cafetero,Tienda,Cuidado personal,3624825.4,2379800.0,163,21,21,0.11502857142857142,0.3434718262567902
2026-02-23,Eje Cafetero,Tienda,Hogar,3810457.4899999998,2587000.0,130,16,16,0.08365,0.3210788975367889
2026-02-23,Valle,E-commerce,Alimentos,2525707.37,2224909.5,151,24,24,0.13135,0.11909450539394835
2026-02-23,Valle,E-commerce,Bebidas,356493.33,296257.5,45,13,13,0.14993846153846155,0.16896762135774046
2026-02-23,Valle,E-commerce,Cuidado personal,3686294.52,2532662.0,166,31,31,0.12292580645161291,0.31295180397034583
2026-02-23,Valle,E-commerce,Hogar,3946220.93,2952961.0,142,25,25,0.112596,0.25169901726713517
2026-02-23,Valle,Marketplace,Alimentos,234814.41,226305.0,15,4,4,0.156175,0.0362388747777447
2026-02-23,Valle,Marketplace,Bebidas,219330.85,182007.0,27,4,4,0.17097500000000002,0.17017145558866892
2026-02-23,Valle,Marketplace,Cuidado personal,735917.4199999999,562392.0,36,8,8,0.177675,0.2357946901161817
2026-02-23,Valle,Marketplace,Hogar,2167054.16,1703440.0,80,13,13,0.15573846153846155,0.21393750491219846
2026-02-23,Valle,Tienda,Alimentos,5414539.82,4582500.0,325,28,28,0.09941785714285714,0.15366768878984813
2026-02-23,Valle,Tienda,Bebidas,1993953.4500000002,1518300.0,241,22,22,0.08544545454545455,0.23854792096575783
2026-02-23,Valle,Tienda,Cuidado personal,4027796.2199999997,2598800.0,178,26,26,0.1044153846153846,0.35478364394512485
2026-02-23,Valle,Tienda,Hogar,5411738.53,3681500.0,185,23,23,0.0740695652173913,0.31971953567387157
2026-03-02,Antioquia,E-commerce,Alimentos,1763291.3900000001,1576591.5,107,23,23,0.12679565217391306,0.10588147316933257
2026-03-02,Antioquia,E-commerce,Bebidas,864479.11,697851.0,106,13,13,0.13326923076923075,0.192749724166267
2026-03-02,Antioquia,E-commerce,Cuidado personal,5574004.51,3921049.0,257,43,43,0.1308906976744186,0.29654721431145736
2026-03-02,Antioquia,E-commerce,Hogar,7234401.14,5282057.0,254,39,39,0.11948205128205128,0.26986948915580866
2026-03-02,Antioquia,Marketplace,Alimentos,695916.58,663828.0,44,9,9,0.14696666666666666,0.046109808161202255
2026-03-02,Antioquia,Marketplace,Bebidas,387626.98,337050.0,50,9,9,0.15035555555555555,0.13047848217376404
2026-03-02,Antioquia,Marketplace,Cuidado personal,1846837.13,1390358.0,89,16,16,0.16893750000000002,0.2471680488684998
2026-03-02,Antioquia,Marketplace,Hogar,1168920.6099999999,958185.0,45,10,10,0.19018000000000002,0.18028222635239521
2026-03-02,Antioquia,Tienda,Alimentos,6363002.96,5400300.0,383,39,39,0.10892820512820513,0.15129695303489218
2026-03-02,Antioquia,Tienda,Bebidas,2446026.66,1833300.0,291,31,31,0.07892903225806452,0.2504987660273499
2026-03-02,Antioquia,Tienda,Cuidado personal,4553707.51,2963800.0,203,31,31,0.1167741935483871,0.3491457249962899
2026-03-02,Antioquia,Tienda,Hogar,8042370.23,5572000.0,280,29,29,0.0982896551724138,0.30716942385777235
2026-03-02,Bogotá,E-commerce,Alimentos,5961212.12,5289685.5,359,53,53,0.12063396226415095,0.11264934152351554
2026-03-02,Bogotá,E-commerce,Bebidas,1610888.1,1329867.0,202,36,36,0.13955833333333334,0.17445103728806494
2026-03-02,Bogotá,E-commerce,Cuidado personal,6689427.92,4683899.0,307,66,66,0.13874848484848484,0.2998057448236919
2026-03-02,Bogotá,E-commerce,Hogar,7274675.32,5386034.5,259,46,46,0.13053260869565217,0.2596185722279081
2026-03-02,Bogotá,Marketplace,Alimentos,1882504.12,1855701.0,123,22,22,0.17709545454545456,0.014238013991703833
2026-03-02,Bogotá,Marketplace,Bebidas,595664.32,485352.0,72,10,10,0.11324000000000001,0.18519208939692738
2026-03-02,Bogotá,Marketplace,Cuidado personal,3177524.04,2343300.0,150,31,31,0.1592032258064516,0.26253901764343535
2026-03-02,Bogotá,Marketplace,Hogar,3956492.82,3130071.0,147,25,25,0.163376,0.20887737134829423
2026-03-02,Bogotá,Tienda,Alimentos,15272971.77,12901500.0,915,70,70,0.08530142857142857,0.15527245160356895
2026-03-02,Bogotá,Tienda,Bebidas,4254763.98,3225600.0,512,38,38,0.07391842105263158,0.24188509276606227
2026-03-02,Bogotá,Tienda,Cuidado personal,6944975.08,4540600.0,311,42,42,0.11284285714285713,0.3462035575799359
2026-03-02,Bogotá,Tienda,Hogar,13522523.79,9313200.0,468,50,50,0.089328,0.31128240965734694
2026-03-02,Caribe,E-commerce,Alimentos,2348929.47,2048095.5,139,22,22,0.11064545454545455,0.12807279820113124
2026-03-02,Caribe,E-commerce,Bebidas,610621.43,513513.0,78,14,14,0.15007857142857145,0.1590321355082478
2026-03-02,Caribe,E-commerce,Cuidado personal,2490778.73,1815583.0,119,23,23,0.1617,0.27107816598385676
2026-03-02,Caribe,E-commerce,Hogar,3078487.99,2453869.0,118,21,21,0.18150952380952382,0.20289797849755464
2026-03-02,Caribe,Marketplace,Alimentos,567923.18,512958.0,34,4,4,0.13865,0.09678277262780513
2026-03-02,Caribe,Marketplace,Bebidas,231803.76,208971.0,31,5,5,0.17224,0.09850038670641066
2026-03-02,Caribe,Marketplace,Cuidado personal,1216454.41,890454.0,57,10,10,0.17921,0.2679922957408654
2026-03-02,Caribe,Marketplace,Hogar,685126.62,617497.0,29,6,6,0.2454333333333333,0.09871112583539667
2026-03-02,Caribe,Tienda,Alimentos,4118443.84,3412200.0,242,25,25,0.089108,0.171483178461892
2026-03-02,Caribe,Tienda,Bebidas,1332740.5,1001700.0,159,15,15,0.07514666666666667,0.24839081576646016
2026-03-02,Caribe,Tienda,Cuidado personal,3357516.38,2190000.0,150,19,19,0.12108421052631578,0.3477321471771941
2026-03-02,Caribe,Tienda,Hogar,6888541.3100000005,4776000.0,240,20,20,0.08838,0.306674695691126
2026-03-02,Eje Cafetero,E-commerce,Alimentos,1565638.22,1326105.0,90,14,14,0.08460714285714285,0.15299397839176407
2026-03-02,Eje Cafetero,E-commerce,Bebidas,586081.6699999999,480595.5,73,12,12,0.13655,0.17998544469066904
2026-03-02,Eje Cafetero,E-commerce,Cuidado personal,1374965.76,930677.0,61,12,12,0.109825,0.3231271446352235
2026-03-02,Eje Cafetero,E-commerce,Hogar,2096555.71,1622049.0,78,14,14,0.16724999999999998,0.22632678336985376
2026-03-02,Eje Cafetero,Marketplace,Alimentos,923935.8,875046.0,58,11,11,0.15080909090909092,0.05291471550296032
2026-03-02,Eje Cafetero,Marketplace,Bebidas,193341.3,188748.0,28,4,4,0.2262,0.023757469304282058
2026-03-02,Eje Cafetero,Marketplace,Cuidado personal,262751.29000000004,203086.0,13,3,3,0.18986666666666666,0.2270789612488678
2026-03-02,Eje Cafetero,Marketplace,Hogar,639310.29,468446.0,22,2,2,0.0775,0.26726347545571344
2026-03-02,Eje Cafetero,Tienda,Alimentos,3226653.63,2636700.0,187,23,23,0.0811695652173913,0.18283760751847414
2026-03-02,Eje Cafetero,Tienda,Bebidas,474656.26999999996,352800.0,56,9,9,0.11221111111111111,0.2567252930209896
2026-03-02,Eje Cafetero,Tienda,Cuidado personal,3290615.53,2175400.0,149,18,18,0.11864444444444446,0.3389078790374517
2026-03-02,Eje Cafetero,Tienda,Hogar,4236702.3,2885500.0,145,15,15,0.07796666666666667,0.31892783686972764
2026-03-02,Valle,E-commerce,Alimentos,3790963.5,3300528.0,224,28,28,0.10165357142857143,0.12936961804037417
2026-03-02,Valle,E-commerce,Bebidas,563764.39,441094.5,67,12,12,0.10410833333333332,0.21759070309495782
2026-03-02,Valle,E-commerce,Cuidado personal,3487009.21,2502148.0,164,31,31,0.15354838709677418,0.28243722648498537
2026-03-02,Valle,E-commerce,Hogar,4541948.42,3348075.5,161,26,26,0.13441923076923076,0.26285479481512913
2026-03-02,Valle,Marketplace,Alimentos,815362.6699999999,724176.0,48,9,9,0.10081111111111112,0.11183571845397329
2026-03-02,Valle,Marketplace,Bebidas,205683.3,175266.0,26,5,5,0.1624,0.14788415005010125
2026-03-02,Valle,Marketplace,Cuidado personal,1451935.45,1062296.0,68,11,11,0.15548181818181817,0.2683586587819727
2026-03-02,Valle,Marketplace,Hogar,3433792.69,2725504.0,128,18,18,0.18340555555555554,0.20627007916427242
2026-03-02,Valle,Tienda,Alimentos,7427580.93,6175800.0,438,37,37,0.06804864864864864,0.16853144271293719
2026-03-02,Valle,Tienda,Bebidas,1825999.79,1386000.0,220,21,21,0.08441904761904762,0.24096376812836326
2026-03-02,Valle,Tienda,Cuidado personal,4728844.83,3066000.0,210,29,29,0.10702758620689655,0.3516386960829924
2026-03-02,Valle,Tienda,Hogar,10808568.87,7601800.0,382,34,34,0.09800588235294116,0.29668764741839493
2026-03-09,Antioquia,E-commerce,Alimentos,2032576.27,1856547.0,126,24,24,0.14202083333333335,0.08660401707828658
2026-03-09,Antioquia,E-commerce,Bebidas,1248154.23,1000692.0,152,18,18,0.10167777777777778,0.19826254164118803
2026-03-09,Antioquia,E-commerce,Cuidado personal,3730341.2,2532662.0,166,33,33,0.10495454545454545,0.32106425010130446
2026-03-09,Antioquia,E-commerce,Hogar,5169067.54,3909554.0,188,27,27,0.1429962962962963,0.24366358734016466
2026-03-09,Antioquia,Marketplace,Alimentos,1076204.55,1025916.0,68,12,12,0.16603333333333334,0.046727687594333295
2026-03-09,Antioquia,Marketplace,Bebidas,310430.38,296604.0,44,7,7,0.2246142857142857,0.04453939076452506
2026-03-09,Antioquia,Marketplace,Cuidado personal,1268159.92,984186.0,63,15,15,0.17784666666666665,0.22392595407052443
2026-03-09,Antioquia,Marketplace,Hogar,1488456.59,1234994.0,58,10,10,0.18789,0.17028551030836583
2026-03-09,Antioquia,Tienda,Alimentos,6077372.5,5104200.0,362,39,39,0.10102820512820514,0.16013046756637017
2026-03-09,Antioquia,Tienda,Bebidas,2160174.23,1638000.0,260,22,22,0.07234090909090908,0.2417278304444915
2026-03-09,Antioquia,Tienda,Cuidado personal,4467530.3,2847000.0,195,30,30,0.08730333333333333,0.3627351559316788
2026-03-09,Antioquia,Tienda,Hogar,7711508.18,5293400.0,266,30,30,0.08912666666666666,0.3135713693815987
2026-03-09,Bogotá,E-commerce,Alimentos,5591780.22,4936057.5,335,66,66,0.1133090909090909,0.11726546720393094
2026-03-09,Bogotá,E-commerce,Bebidas,1991694.79,1553706.0,236,36,36,0.09875277777777777,0.21990758433424432
2026-03-09,Bogotá,E-commerce,Cuidado personal,8218993.3,5736632.0,376,74,74,0.1269635135135135,0.3020274149633386
2026-03-09,Bogotá,E-commerce,Hogar,7331981.83,5490012.0,264,47,47,0.13189148936170214,0.25122400364704667
2026-03-09,Bogotá,Marketplace,Alimentos,2049809.5,1900962.0,126,25,25,0.128932,0.07261528449351025
2026-03-09,Bogotá,Marketplace,Bebidas,651851.26,566244.0,84,15,15,0.17664,0.1313294385593425
2026-03-09,Bogotá,Marketplace,Cuidado personal,3361882.55,2468276.0,158,30,30,0.15274333333333334,0.26580540417748977
2026-03-09,Bogotá,Marketplace,Hogar,2760909.72,2278351.0,107,21,21,0.18796190476190477,0.17478250610816792
2026-03-09,Bogotá,Tienda,Alimentos,13744124.82,11505600.0,816,71,71,0.09016619718309858,0.1628713977293463
2026-03-09,Bogotá,Tienda,Bebidas,4231191.58,3206700.0,509,40,40,0.09257,0.2421283840804013
2026-03-09,Bogotá,Tienda,Cuidado personal,6439575.75,4248600.0,291,37,37,0.11890810810810812,0.3402360396179826
2026-03-09,Bogotá,Tienda,Hogar,17570793.09,12298200.0,618,59,59,0.09730847457627119,0.3000771258868657
2026-03-09,Caribe,E-commerce,Alimentos,2665912.36,2298582.0,156,22,22,0.09713636363636363,0.13778786036312157
2026-03-09,Caribe,E-commerce,Bebidas,920292.6,770269.5,117,11,11,0.1426818181818182,0.16301674054534393
2026-03-09,Caribe,E-commerce,Cuidado personal,2267260.22,1586728.0,104,20,20,0.125695,0.3001562035080385
2026-03-09,Caribe,E-commerce,Hogar,2619312.98,1954777.0,94,14,14,0.13113571428571427,0.2537062142149962
2026-03-09,Caribe,Marketplace,Alimentos,1570529.07,1523787.0,101,15,15,0.17414,0.029761989696886072
2026-03-09,Caribe,Marketplace,Bebidas,305237.65,256158.0,38,6,6,0.16335,0.160791599594611
2026-03-09,Caribe,Marketplace,Cuidado personal,694081.4,578014.0,37,7,7,0.22215714285714286,0.16722447828165402
2026-03-09,Caribe,Marketplace,Hogar,1787015.8,1384045.0,65,9,9,0.14058888888888887,0.2254992932910834
2026-03-09,Caribe,Tienda,Alimentos,5233651.350000001,4441500.0,315,23,23,0.09777391304347827,0.1513573023927168
2026-03-09,Caribe,Tienda,Bebidas,1355853.0,1033200.0,164,11,11,0.09769090909090909,0.23797048795112744
2026-03-09,Caribe,Tienda,Cuidado personal,2134640.35,1387000.0,95,17,17,0.11417647058823528,0.35024183347794396
2026-03-09,Caribe,Tienda,Hogar,4374129.29,3004900.0,151,19,19,0.08848947368421052,0.31302899370859705
2026-03-09,Eje Cafetero,E-commerce,Alimentos,1272539.52,1134556.5,77,13,13,0.12060000000000001,0.10843122577442625
2026-03-09,Eje Cafetero,E-commerce,Bebidas,423388.95,348925.5,53,9,9,0.12725555555555557,0.1758748073137006
2026-03-09,Eje Cafetero,E-commerce,Cuidado personal,1400388.29,1006962.0,66,14,14,0.14717857142857144,0.2809408596240119
2026-03-09,Eje Cafetero,E-commerce,Hogar,1000852.26,748638.0,36,6,6,0.1255,0.25199949091387375
2026-03-09,Eje Cafetero,Marketplace,Alimentos,275285.96,256479.0,17,3,3,0.1495,0.06831790477073375
2026-03-09,Eje Cafetero,Marketplace,Bebidas,346311.51,289863.0,43,7,7,0.15168571428571426,0.1629992315300176
2026-03-09,Eje Cafetero,Marketplace,Cuidado personal,1059751.95,781100.0,50,10,10,0.16673,0.2629407287243019
2026-03-09,Eje Cafetero,Marketplace,Hogar,702269.54,574911.0,27,5,5,0.20578,0.18135278941473104
2026-03-09,Eje Cafetero,Tienda,Alimentos,2122193.88,1720200.0,122,18,18,0.06827222222222223,0.18942372974895202
2026-03-09,Eje Cafetero,Tienda,Bebidas,1545936.1900000002,1184400.0,188,14,14,0.10884285714285714,0.23386229802926092
2026-03-09,Eje Cafetero,Tienda,Cuidado personal,3110523.93,1941800.0,133,17,17,0.06609999999999999,0.3757321776977939
2026-03-09,Eje Cafetero,Tienda,Hogar,2004539.98,1353200.0,68,9,9,0.07376666666666667,0.324932396708795
2026-03-09,Valle,E-commerce,Alimentos,4057071.59,3624687.0,246,33,33,0.1190909090909091,0.10657553863869576
2026-03-09,Valle,E-commerce,Bebidas,1402578.1400000001,1152112.5,175,23,23,0.14308695652173914,0.17857517728031902
2026-03-09,Valle,E-commerce,Cuidado personal,2627648.02,1800326.0,118,23,23,0.11754347826086957,0.31485267954571783
2026-03-09,Valle,E-commerce,Hogar,2717538.9699999997,2017163.5,97,16,16,0.12866875,0.2577241679812966
2026-03-09,Valle,Marketplace,Alimentos,1313919.01,1252221.0,83,12,12,0.17545,0.046957239776902235
2026-03-09,Valle,Marketplace,Bebidas,149573.58,128079.0,19,4,4,0.1476,0.14370572663969125
2026-03-09,Valle,Marketplace,Cuidado personal,1145648.34,827966.0,53,11,11,0.15083636363636363,0.2772948110761458
2026-03-09,Valle,Marketplace,Hogar,2010359.06,1596975.0,75,10,10,0.17744,0.20562697889400913
2026-03-09,Valle,Tienda,Alimentos,8453627.74,7148700.0,507,38,38,0.08244736842105263,0.15436304745541116
2026-03-09,Valle,Tienda,Bebidas,2638396.41,2009700.0,319,26,26,0.10180769230769232,0.2382873201377651
2026-03-09,Valle,Tienda,Cuidado personal,4119392.56,2671800.0,183,20,20,0.10120499999999999,0.35140922816057135
2026-03-09,Valle,Tienda,Hogar,7097225.14,4895400.0,246,29,29,0.08419310344827585,0.31023746556812765
2026-03-16,Antioquia,E-commerce,Alimentos,3904817.81,3492076.5,237,32,32,0.1305,0.10570052946977315
2026-03-16,Antioquia,E-commerce,Bebidas,617193.26,506929.5,77,15,15,0.12892666666666666,0.1786535387635309
2026-03-16,Antioquia,E-commerce,Cuidado personal,4266588.72,3020886.0,198,38,38,0.13985263157894737,0.2919669088704664
2026-03-16,Antioquia,E-commerce,Hogar,3693247.48,2807392.5,135,22,22,0.1455909090909091,0.2398580070242138
2026-03-16,Antioquia,Marketplace,Alimentos,1353258.55,1312569.0,87,12,12,0.16633333333333333,0.030067831457632428
2026-03-16,Antioquia,Marketplace,Bebidas,384798.41,357273.0,53,12,12,0.2109916666666667,0.07153202634075327
2026-03-16,Antioquia,Marketplace,Cuidado personal,1582068.08,1171650.0,75,16,16,0.16324375,0.25941872235991265
2026-03-16,Antioquia,Marketplace,Hogar,1355089.3900000001,1149822.0,54,12,12,0.2358,0.1514788555757197
2026-03-16,Antioquia,Tienda,Alimentos,8373409.93,6880800.0,488,47,47,0.07334255319148936,0.178255924704262
2026-03-16,Antioquia,Tienda,Bebidas,3074280.21,2299500.0,365,31,31,0.06960967741935484,0.2520200362607805
2026-03-16,Antioquia,Tienda,Cuidado personal,4364097.819999999,2832400.0,194,21,21,0.10275714285714287,0.3509769677894158
2026-03-16,Antioquia,Tienda,Hogar,8015823.1,5512300.0,277,33,33,0.0954,0.31232264843768814
2026-03-16,Bogotá,E-commerce,Alimentos,4671939.26,4125660.0,280,45,45,0.11112888888888889,0.11692773163322329
2026-03-16,Bogotá,E-commerce,Bebidas,2041713.31,1619541.0,246,40,40,0.1023425,0.2067735503962601
2026-03-16,Bogotá,E-commerce,Cuidado personal,7002819.15,4866983.0,319,70,70,0.12282285714285714,0.30499661696961006
2026-03-16,Bogotá,E-commerce,Hogar,5755603.32,4325464.0,208,41,41,0.1423170731707317,0.24847774255575353
2026-03-16,Bogotá,Marketplace,Alimentos,1761643.56,1659570.0,110,22,22,0.1360909090909091,0.05794223208240835
2026-03-16,Bogotá,Marketplace,Bebidas,590732.42,525798.0,78,14,14,0.15727142857142856,0.10992188307525096
2026-03-16,Bogotá,Marketplace,Cuidado personal,2345994.73,1749664.0,112,21,21,0.18302380952380953,0.2541909930036373
2026-03-16,Bogotá,Marketplace,Hogar,2719770.21,2171886.0,102,14,14,0.17677857142857142,0.2014450367849275
2026-03-16,Bogotá,Tienda,Alimentos,11132433.9,9320100.0,661,61,61,0.08842950819672131,0.16279763403760253
2026-03-16,Bogotá,Tienda,Bebidas,5028959.0,3843000.0,610,49,49,0.09454489795918367,0.23582594330158588
2026-03-16,Bogotá,Tienda,Cuidado personal,9235489.959999999,5913000.0,405,46,46,0.09068043478260869,0.35975243050342715
2026-03-16,Bogotá,Tienda,Hogar,17116094.21,11820600.0,594,55,55,0.08308545454545455,0.309386834696559
2026-03-16,Caribe,E-commerce,Alimentos,2399721.62,2136502.5,145,21,21,0.11826190476190475,0.10968735615258578
2026-03-16,Caribe,E-commerce,Bebidas,147237.62,118503.0,18,4,4,0.124875,0.19515813961133027
2026-03-16,Caribe,E-commerce,Cuidado personal,1963172.13,1434158.0,94,21,21,0.16602857142857144,0.26946905058192727
2026-03-16,Caribe,E-commerce,Hogar,2192657.46,1684435.5,81,14,14,0.16353571428571428,0.23178356367619773
2026-03-16,Caribe,Marketplace,Alimentos,522434.32,512958.0,34,6,6,0.17931666666666665,0.018138777712765897
2026-03-16,Caribe,Marketplace,Bebidas,889870.2599999999,754992.0,112,7,7,0.11107142857142857,0.1515707020032335
2026-03-16,Caribe,Marketplace,Cuidado personal,102338.7,78110.0,5,1,1,0.1747,0.23675012483058705
2026-03-16,Caribe,Marketplace,Hogar,964653.9400000001,745255.0,35,6,6,0.13143333333333332,0.2274379763586515
2026-03-16,Caribe,Tienda,Alimentos,4964726.38,4173600.0,296,23,23,0.09160434782608695,0.15934944233522894
2026-03-16,Caribe,Tienda,Bebidas,1163056.47,900900.0,143,10,10,0.10839000000000001,0.22540304513331152
2026-03-16,Caribe,Tienda,Cuidado personal,3538028.43,2365200.0,162,23,23,0.13079565217391306,0.33149208752966414
2026-03-16,Caribe,Tienda,Hogar,5704787.15,3999900.0,201,17,17,0.09809411764705882,0.2988520176427617
2026-03-16,Eje Cafetero,E-commerce,Alimentos,1033158.3,943008.0,64,15,15,0.14836666666666665,0.08725700601737414
2026-03-16,Eje Cafetero,E-commerce,Bebidas,106848.66,85585.5,13,3,3,0.1119,0.1990025892697204
2026-03-16,Eje Cafetero,E-commerce,Cuidado personal,1962053.29,1403644.0,92,17,17,0.1489470588235294,0.2846045481262132
2026-03-16,Eje Cafetero,E-commerce,Hogar,2061336.8,1559662.5,75,15,15,0.14029333333333333,0.24337328087287824
2026-03-16,Eje Cafetero,Marketplace,Alimentos,471020.2,452610.0,30,6,6,0.16403333333333334,0.03908579716963309
2026-03-16,Eje Cafetero,Marketplace,Bebidas,107003.55,101115.0,15,5,5,0.2062,0.05503135176356301
2026-03-16,Eje Cafetero,Marketplace,Cuidado personal,572624.1,421794.0,27,5,5,0.15524,0.26340159277264086
2026-03-16,Eje Cafetero,Marketplace,Hogar,909040.31,681376.0,32,5,5,0.12706,0.25044468050047203
2026-03-16,Eje Cafetero,Tienda,Alimentos,2078846.9300000002,1677900.0,119,14,14,0.06902857142857143,0.19286986656588523
2026-03-16,Eje Cafetero,Tienda,Bebidas,1977075.29,1530900.0,243,16,16,0.09450625,0.22567440514619957
2026-03-16,Eje Cafetero,Tienda,Cuidado personal,4966274.99,3299600.0,226,14,14,0.13812142857142856,0.33559861130444574
2026-03-16,Eje Cafetero,Tienda,Hogar,3464980.04,2348200.0,118,13,13,0.06801538461538462,0.3223048984720847
2026-03-16,Valle,E-commerce,Alimentos,1277459.11,1149291.0,78,17,17,0.13012941176470588,0.10033049903256794
2026-03-16,Valle,E-commerce,Bebidas,1389275.8900000001,1138945.5,173,21,21,0.14077619047619047,0.1801876731625999
2026-03-16,Valle,E-commerce,Cuidado personal,5519605.6,3844764.0,252,44,44,0.1401659090909091,0.30343501354517066
2026-03-16,Valle,E-commerce,Hogar,4809278.59,3680803.5,177,25,25,0.14718,0.23464539824048744
2026-03-16,Valle,Marketplace,Alimentos,865135.13,814698.0,54,9,9,0.17106666666666667,0.05829971324826447
2026-03-16,Valle,Marketplace,Bebidas,77924.34,74151.0,11,3,3,0.22639999999999996,0.04842312427670221
2026-03-16,Valle,Marketplace,Cuidado personal,1081246.68,781100.0,50,12,12,0.1467,0.2775931575577184
2026-03-16,Valle,Marketplace,Hogar,2184643.77,1703440.0,80,15,15,0.15586,0.22026646934754035
2026-03-16,Valle,Tienda,Alimentos,8991515.96,7698600.0,546,30,30,0.10167999999999999,0.1437928782812282
2026-03-16,Valle,Tienda,Bebidas,1113938.8800000001,819000.0,130,16,16,0.0814,0.26477115153750636
2026-03-16,Valle,Tienda,Cuidado personal,4316745.87,2730200.0,187,23,23,0.08677391304347826,0.3675328401947368
2026-03-16,Valle,Tienda,Hogar,9331490.209999999,6606800.0,332,28,28,0.11267142857142856,0.29198875513796413
2026-03-23,Antioquia,E-commerce,Alimentos,2281331.09,2018626.5,137,26,26,0.1212230769230769,0.11515408313661296
2026-03-23,Antioquia,E-commerce,Bebidas,566799.16,454261.5,69,12,12,0.119075,0.19854944739155933
2026-03-23,Antioquia,E-commerce,Cuidado personal,4895573.16,3417568.0,224,45,45,0.1233622222222222,0.3019064595084103
2026-03-23,Antioquia,E-commerce,Hogar,3703866.18,2807392.5,135,25,25,0.144204,0.24203727576356449
2026-03-23,Antioquia,Marketplace,Alimentos,625950.5,588393.0,39,5,5,0.13904,0.06000075085809501
2026-03-23,Antioquia,Marketplace,Bebidas,121774.97,114597.0,17,5,5,0.2032,0.05894454336552085
2026-03-23,Antioquia,Marketplace,Cuidado personal,1622453.1099999999,1234138.0,79,19,19,0.16883684210526315,0.23933826352614893
2026-03-23,Antioquia,Marketplace,Hogar,2419152.43,1980249.0,93,12,12,0.19757499999999997,0.18142859646095147
2026-03-23,Antioquia,Tienda,Alimentos,7356341.45,6091200.0,432,41,41,0.07800975609756097,0.17197970738565976
2026-03-23,Antioquia,Tienda,Bebidas,2601368.93,1934100.0,307,33,33,0.08754848484848485,0.256506842341659
2026-03-23,Antioquia,Tienda,Cuidado personal,4530656.12,2949200.0,202,29,29,0.11435862068965516,0.34905675427867167
2026-03-23,Antioquia,Tienda,Hogar,7031137.94,4815800.0,242,31,31,0.09969032258064515,0.31507530628818814
2026-03-23,Bogotá,E-commerce,Alimentos,5249055.03,4611898.5,313,50,50,0.10888199999999999,0.12138499717729197
2026-03-23,Bogotá,E-commerce,Bebidas,1630963.62,1310116.5,199,37,37,0.1192027027027027,0.196722425972935
2026-03-23,Bogotá,E-commerce,Cuidado personal,6335900.57,4485558.0,294,58,58,0.14658275862068965,0.29204097342708146
2026-03-23,Bogotá,E-commerce,Hogar,7795881.83,5885126.5,283,49,49,0.14115306122448978,0.24509803658735038
2026-03-23,Bogotá,Marketplace,Alimentos,1813125.6400000001,1719918.0,114,19,19,0.15710526315789472,0.051407160068620575
2026-03-23,Bogotá,Marketplace,Bebidas,623338.52,525798.0,78,13,13,0.15217692307692307,0.1564808155927858
2026-03-23,Bogotá,Marketplace,Cuidado personal,6662399.48,4920930.0,315,34,34,0.15613235294117647,0.26138773053578596
2026-03-23,Bogotá,Marketplace,Hogar,3362161.55,2746797.0,129,23,23,0.18623043478260867,0.1830264670060247
2026-03-23,Bogotá,Tienda,Alimentos,13602951.55,11322300.0,803,73,73,0.08441917808219178,0.16765858068501321
2026-03-23,Bogotá,Tienda,Bebidas,4703565.45,3559500.0,565,44,44,0.08863409090909091,0.24323366224233153
2026-03-23,Bogotá,Tienda,Cuidado personal,8746365.83,5694000.0,390,49,49,0.11756938775510205,0.34898675510809274
2026-03-23,Bogotá,Tienda,Hogar,22877936.3,15999600.0,804,67,67,0.09514626865671642,0.3006537045039329
2026-03-23,Caribe,E-commerce,Alimentos,867446.87,810397.5,55,11,11,0.1479909090909091,0.06576699043250914
2026-03-23,Caribe,E-commerce,Bebidas,508799.31,414760.5,63,12,12,0.13604166666666667,0.1848249558357302
2026-03-23,Caribe,E-commerce,Cuidado personal,2410023.21,1724041.0,113,20,20,0.145505,0.2846371799050018
2026-03-23,Caribe,E-commerce,Hogar,3239789.96,2412278.0,116,17,17,0.12284117647058825,0.2554214841754741
2026-03-23,Caribe,Marketplace,Alimentos,555463.32,497871.0,33,6,6,0.1095,0.10368338993112984
2026-03-23,Caribe,Marketplace,Bebidas,146296.91,121338.0,18,4,4,0.12325,0.17060449191989088
2026-03-23,Caribe,Marketplace,Cuidado personal,1052295.01,781100.0,50,10,10,0.16515,0.2577176622741944
2026-03-23,Caribe,Marketplace,Hogar,788401.69,617497.0,29,6,6,0.13183333333333333,0.21677362208596984
2026-03-23,Caribe,Tienda,Alimentos,5344315.03,4497900.0,319,35,35,0.10434,0.1583767096903343
2026-03-23,Caribe,Tienda,Bebidas,2446691.27,1864800.0,296,22,22,0.10966363636363635,0.23782782778311054
2026-03-23,Caribe,Tienda,Cuidado personal,5763041.84,3723000.0,255,22,22,0.08156363636363637,0.3539869910089009
2026-03-23,Caribe,Tienda,Hogar,6495748.3100000005,4397900.0,221,21,21,0.0655,0.32295714210023024
2026-03-23,Eje Cafetero,E-commerce,Alimentos,1248411.88,1090353.0,74,13,13,0.10162307692307691,0.12660795890535734
2026-03-23,Eje Cafetero,E-commerce,Bebidas,257642.71000000002,197505.0,30,5,5,0.07128,0.23341514300948013
2026-03-23,Eje Cafetero,E-commerce,Cuidado personal,4621675.48,3326026.0,218,17,17,0.1448705882352941,0.28034194213913094
2026-03-23,Eje Cafetero,E-commerce,Hogar,2176110.47,1663640.0,80,14,14,0.16265714285714286,0.23549837063189175
2026-03-23,Eje Cafetero,Marketplace,Alimentos,152706.28,135783.0,9,2,2,0.1152,0.11082242328213351
2026-03-23,Eje Cafetero,Marketplace,Bebidas,241049.61,195489.0,29,4,4,0.131625,0.1890092665986889
2026-03-23,Eje Cafetero,Marketplace,Cuidado personal,253221.77,187464.0,12,2,2,0.1351,0.25968450500918616
2026-03-23,Eje Cafetero,Marketplace,Hogar,389894.8,361981.0,17,3,3,0.23570000000000002,0.07159315794927244
2026-03-23,Eje Cafetero,Tienda,Alimentos,5024713.71,4173600.0,296,26,26,0.08318846153846154,0.16938551311015887
2026-03-23,Eje Cafetero,Tienda,Bebidas,978731.9900000001,743400.0,118,15,15,0.10636,0.24044579354149861
2026-03-23,Eje Cafetero,Tienda,Cuidado personal,2162005.81,1430800.0,98,16,16,0.12615625,0.33820714385591777
2026-03-23,Eje Cafetero,Tienda,Hogar,5306077.73,3761100.0,189,22,22,0.1413090909090909,0.2911713338206224
2026-03-23,Valle,E-commerce,Alimentos,2682912.84,2460661.5,167,26,26,0.13071923076923075,0.0828395677587498
2026-03-23,Valle,E-commerce,Bebidas,700740.3,572764.5,87,12,12,0.13091666666666665,0.18262942776375218
2026-03-23,Valle,E-commerce,Cuidado personal,3770788.75,2639461.0,173,28,28,0.12687857142857142,0.3000241660315763
2026-03-23,Valle,E-commerce,Hogar,4302698.07,3140120.5,151,22,22,0.10608636363636363,0.2701973392244091
2026-03-23,Valle,Marketplace,Alimentos,954537.9,844872.0,56,9,9,0.108,0.11488899497861742
2026-03-23,Valle,Marketplace,Bebidas,242629.34,229194.0,34,7,7,0.22442857142857142,0.055373929632747614
2026-03-23,Valle,Marketplace,Cuidado personal,2098803.58,1562200.0,100,19,19,0.16811578947368422,0.25567117624222846
2026-03-23,Valle,Marketplace,Hogar,1026018.0,936892.0,44,8,8,0.2586,0.08686592243021078
2026-03-23,Valle,Tienda,Alimentos,8861983.35,7487100.0,531,27,27,0.08082222222222223,0.15514397801255175
2026-03-23,Valle,Tienda,Bebidas,735580.9299999999,560700.0,89,14,14,0.09540000000000001,0.23774532871590343
2026-03-23,Valle,Tienda,Cuidado personal,5041436.88,3226600.0,221,28,28,0.10942142857142857,0.3599840528004389
2026-03-23,Valle,Tienda,Hogar,7351989.62,5114300.0,257,32,32,0.10565625,0.304365176728854
2026-03-30,Antioquia,E-commerce,Alimentos,4209673.8,3742563.0,254,39,39,0.1221,0.11096128160809035
2026-03-30,Antioquia,E-commerce,Bebidas,729671.1799999999,585931.5,89,13,13,0.11286153846153847,0.19699240416758676
2026-03-30,Antioquia,E-commerce,Cuidado personal,4374261.16,3005629.0,197,36,36,0.11895277777777778,0.3128830469738117
2026-03-30,Antioquia,E-commerce,Hogar,3864800.6,2932165.5,141,24,24,0.14883333333333335,0.24131519230254728
2026-03-30,Antioquia,Marketplace,Alimentos,1330083.86,1222047.0,81,15,15,0.14007333333333333,0.0812256003166598
2026-03-30,Antioquia,Marketplace,Bebidas,726724.02,633654.0,94,8,8,0.1775625,0.12806790120959538
2026-03-30,Antioquia,Marketplace,Cuidado personal,1175503.54,921698.0,59,10,10,0.19239,0.2159121868744011
2026-03-30,Antioquia,Marketplace,Hogar,1592429.1,1298873.0,61,13,13,0.1874153846153846,0.18434484775491736
2026-03-30,Antioquia,Tienda,Alimentos,8089101.34,6739800.0,478,43,43,0.07682558139534884,0.16680485053732802
2026-03-30,Antioquia,Tienda,Bebidas,1727250.27,1316700.0,209,21,21,0.10232380952380953,0.23769008876750675
2026-03-30,Antioquia,Tienda,Cuidado personal,6655935.25,4307000.0,295,37,37,0.10724054054054055,0.35290836851214863
2026-03-30,Antioquia,Tienda,Hogar,8977041.99,6129200.0,308,30,30,0.07911666666666667,0.3172361222296121
2026-03-30,Bogotá,E-commerce,Alimentos,4542370.27,4081456.5,277,55,55,0.1272981818181818,0.10146988083382283
2026-03-30,Bogotá,E-commerce,Bebidas,1424038.44,1171863.0,178,33,33,0.1337727272727273,0.17708471408959997
2026-03-30,Bogotá,E-commerce,Cuidado personal,5843434.79,4165161.0,273,55,55,0.14346363636363638,0.2872067286302343
2026-03-30,Bogotá,E-commerce,Hogar,8004153.92,6093081.5,293,52,52,0.14127884615384614,0.2387600787167271
2026-03-30,Bogotá,Marketplace,Alimentos,1918759.8900000001,1810440.0,120,21,21,0.1604809523809524,0.05645307188488296
2026-03-30,Bogotá,Marketplace,Bebidas,436847.04000000004,357273.0,53,10,10,0.10164,0.18215538326641753
2026-03-30,Bogotá,Marketplace,Cuidado personal,2551111.39,1952750.0,125,28,28,0.18096428571428572,0.2345492997073719
2026-03-30,Bogotá,Marketplace,Hogar,3088234.7,2619039.0,123,24,24,0.20343333333333333,0.15193006541892692
2026-03-30,Bogotá,Tienda,Alimentos,13000447.74,10786500.0,765,65,65,0.08319076923076923,0.17029780698922298
2026-03-30,Bogotá,Tienda,Bebidas,3935058.17,2992500.0,475,43,43,0.08622093023255814,0.23952839558658925
2026-03-30,Bogotá,Tienda,Cuidado personal,9775579.65,6336400.0,434,51,51,0.10307254901960786,0.35181337303103044
2026-03-30,Bogotá,Tienda,Hogar,17478508.04,12298200.0,618,60,60,0.09693833333333333,0.2963815920755213
2026-03-30,Caribe,E-commerce,Alimentos,1531311.94,1370308.5,93,14,14,0.11755,0.10514085066168814
2026-03-30,Caribe,E-commerce,Bebidas,185115.51,151420.5,23,6,6,0.13123333333333334,0.18202153887591596
2026-03-30,Caribe,E-commerce,Cuidado personal,2460395.65,1815583.0,119,24,24,0.16923333333333335,0.2620768127272538
2026-03-30,Caribe,E-commerce,Hogar,3739304.98,2786597.0,134,20,20,0.135305,0.25478210124492173
2026-03-30,Caribe,Marketplace,Alimentos,392763.49,407349.0,27,5,5,0.20578000000000002,-0.037135605450496455
2026-03-30,Caribe,Marketplace,Bebidas,118924.67,94374.0,14,2,2,0.0847,0.206438832245656
2026-03-30,Caribe,Marketplace,Cuidado personal,1223277.33,952942.0,61,12,12,0.20104999999999998,0.2209926754712278
2026-03-30,Caribe,Marketplace,Hogar,2272816.52,1703440.0,80,9,9,0.11362222222222222,0.25051583134392214
2026-03-30,Caribe,Tienda,Alimentos,4643540.82,3849300.0,273,25,25,0.06618399999999999,0.1710420669888717
2026-03-30,Caribe,Tienda,Bebidas,1948199.1300000001,1486800.0,236,18,18,0.08826111111111111,0.23683365981176682
2026-03-30,Caribe,Tienda,Cuidado personal,2625694.55,1679000.0,115,16,16,0.09535625,0.3605501447226601
2026-03-30,Caribe,Tienda,Hogar,4137883.83,2786000.0,140,17,17,0.06438235294117647,0.3267089859311009
2026-03-30,Eje Cafetero,E-commerce,Alimentos,1045704.84,913539.0,62,13,13,0.1033846153846154,0.12638924000772528
2026-03-30,Eje Cafetero,E-commerce,Bebidas,256405.5,197505.0,30,6,6,0.07845,0.22971621123571842
2026-03-30,Eje Cafetero,E-commerce,Cuidado personal,3057935.35,2120723.0,139,17,17,0.12451176470588234,0.3064853382201164
2026-03-30,Eje Cafetero,E-commerce,Hogar,1540136.9300000002,1164548.0,56,11,11,0.13283636363636364,0.24386723198696372
2026-03-30,Eje Cafetero,Marketplace,Alimentos,407765.95,392262.0,26,5,5,0.19154,0.03802168866723671
2026-03-30,Eje Cafetero,Marketplace,Bebidas,132016.22,114597.0,17,3,3,0.16743333333333332,0.1319475743207918
2026-03-30,Eje Cafetero,Marketplace,Cuidado personal,1244541.32,968564.0,62,12,12,0.20505833333333334,0.2217502268225213
2026-03-30,Eje Cafetero,Marketplace,Hogar,210563.47999999998,191637.0,9,3,3,0.2572666666666667,0.08988491261637575
2026-03-30,Eje Cafetero,Tienda,Alimentos,4773628.12,3976200.0,282,26,26,0.07801923076923077,0.16704864726664131
2026-03-30,Eje Cafetero,Tienda,Bebidas,1205452.29,900900.0,143,15,15,0.07919333333333332,0.252645660493125
2026-03-30,Eje Cafetero,Tienda,Cuidado personal,2322113.14,1518400.0,104,15,15,0.13429333333333335,0.3461128254930766
2026-03-30,Eje Cafetero,Tienda,Hogar,1401931.02,955200.0,48,7,7,0.07289999999999999,0.3186540661608301
2026-03-30,Valle,E-commerce,Alimentos,2390103.47,2092299.0,142,24,24,0.12092083333333332,0.1245989865032915
2026-03-30,Valle,E-commerce,Bebidas,575174.84,447678.0,68,13,13,0.08927692307692309,0.2216662328275694
2026-03-30,Valle,E-commerce,Cuidado personal,2951082.45,2151237.0,141,33,33,0.15466969696969696,0.2710345995246592
2026-03-30,Valle,E-commerce,Hogar,2651193.22,2058754.5,99,16,16,0.1784125,0.22346116289479653
2026-03-30,Valle,Marketplace,Alimentos,983054.4,965568.0,64,13,13,0.18958461538461538,0.017787825373651776
2026-03-30,Valle,Marketplace,Bebidas,301027.16,262899.0,39,6,6,0.1831,0.12666019903320344
2026-03-30,Valle,Marketplace,Cuidado personal,1306884.49,1031052.0,66,11,11,0.2,0.21106110915739767
2026-03-30,Valle,Marketplace,Hogar,2014617.19,1660854.0,78,14,14,0.2025142857142857,0.17559821873653325
2026-03-30,Valle,Tienda,Alimentos,8008393.33,6711600.0,476,31,31,0.07147419354838709,0.16192927551923827
2026-03-30,Valle,Tienda,Bebidas,2556555.57,1940400.0,308,23,23,0.09391304347826088,0.24101004383800656
2026-03-30,Valle,Tienda,Cuidado personal,5555895.15,3693800.0,253,25,25,0.11114800000000001,0.3351566398800741
2026-03-30,Valle,Tienda,Hogar,7660145.2299999995,5233700.0,263,30,30,0.08916333333333333,0.3167623011241524
2026-04-06,Antioquia,E-commerce,Alimentos,2231276.3,1959688.5,133,25,25,0.116028,0.12171858769799143
2026-04-06,Antioquia,E-commerce,Bebidas,1487469.34,1171863.0,178,29,29,0.10691724137931034,0.21217670274803788
2026-04-06,Antioquia,E-commerce,Cuidado personal,4465232.38,3249741.0,213,36,36,0.1630111111111111,0.2722123456428039
2026-04-06,Antioquia,E-commerce,Hogar,3458846.19,2578642.0,124,19,19,0.11498947368421053,0.2544791360034428
2026-04-06,Antioquia,Marketplace,Alimentos,788616.07,724176.0,48,11,11,0.1353181818181818,0.08171285426633514
2026-04-06,Antioquia,Marketplace,Bebidas,346336.61,323568.0,48,10,10,0.21766000000000002,0.06574127407437518
2026-04-06,Antioquia,Marketplace,Cuidado personal,1222180.75,921698.0,59,12,12,0.19201666666666664,0.24585786513165095
2026-04-06,Antioquia,Marketplace,Hogar,1544935.7,1192408.0,56,9,9,0.14875555555555556,0.22818276514679542
2026-04-06,Antioquia,Tienda,Alimentos,10531192.19,8897100.0,631,45,45,0.07992,0.15516687574571741
2026-04-06,Antioquia,Tienda,Bebidas,1895220.95,1417500.0,225,30,30,0.10619666666666666,0.25206609815071956
2026-04-06,Antioquia,Tienda,Cuidado personal,3931204.65,2628000.0,180,23,23,0.13895652173913045,0.3315026222305674
2026-04-06,Antioquia,Tienda,Hogar,9717450.11,6785900.0,341,30,30,0.09039666666666667,0.30167894630950665
2026-04-06,Bogotá,E-commerce,Alimentos,6427066.3,5628579.0,382,54,54,0.1080962962962963,0.12423822358888686
2026-04-06,Bogotá,E-commerce,Bebidas,2049905.69,1612957.5,245,39,39,0.11057179487179489,0.21315526471854418
2026-04-06,Bogotá,E-commerce,Cuidado personal,8764336.7,6148571.0,403,79,79,0.12576075949367088,0.2984556378350913
2026-04-06,Bogotá,E-commerce,Hogar,8037085.46,6093081.5,293,45,45,0.1486222222222222,0.2418792197339656
2026-04-06,Bogotá,Marketplace,Alimentos,2549426.66,2398833.0,159,31,31,0.15060322580645163,0.05906961842157881
2026-04-06,Bogotá,Marketplace,Bebidas,648036.0,572985.0,85,15,15,0.18672666666666665,0.11581301038831177
2026-04-06,Bogotá,Marketplace,Cuidado personal,2176808.46,1593444.0,102,18,18,0.17835,0.26799071701512955
2026-04-06,Bogotá,Marketplace,Hogar,3534306.62,2789383.0,131,21,21,0.15723809523809523,0.21076938140698162
2026-04-06,Bogotá,Tienda,Alimentos,14190342.48,11914500.0,845,60,60,0.07778333333333333,0.1603796725278191
2026-04-06,Bogotá,Tienda,Bebidas,5995211.28,4529700.0,719,56,56,0.07781607142857143,0.24444697802209903
2026-04-06,Bogotá,Tienda,Cuidado personal,6529180.01,4394600.0,301,47,47,0.1390468085106383,0.32692926320467613
2026-04-06,Bogotá,Tienda,Hogar,13100004.06,9014700.0,453,41,41,0.07915121951219513,0.3118551751044267
2026-04-06,Caribe,E-commerce,Alimentos,1431478.28,1296636.0,88,15,15,0.13438666666666668,0.09419792244420225
2026-04-06,Caribe,E-commerce,Bebidas,928045.27,724185.0,110,14,14,0.09130714285714285,0.21966629925283712
2026-04-06,Caribe,E-commerce,Cuidado personal,2355254.39,1678270.0,110,22,22,0.1433090909090909,0.2874357831045164
2026-04-06,Caribe,E-commerce,Hogar,3932939.86,2952961.0,142,21,21,0.1413047619047619,0.24917209387483485
2026-04-06,Caribe,Marketplace,Alimentos,1271912.65,1191873.0,79,13,13,0.1492153846153846,0.06292857453693845
2026-04-06,Caribe,Marketplace,Bebidas,173221.19,155043.0,23,5,5,0.1915,0.10494206857717582
2026-04-06,Caribe,Marketplace,Cuidado personal,3472629.32,2671362.0,171,8,8,0.2145375,0.23073793548457394
2026-04-06,Caribe,Marketplace,Hogar,1320375.24,1107236.0,52,7,7,0.2397,0.16142323298943412
2026-04-06,Caribe,Tienda,Alimentos,5077055.65,4286400.0,304,25,25,0.09037200000000001,0.15573113719956966
2026-04-06,Caribe,Tienda,Bebidas,2122166.17,1638000.0,260,14,14,0.09715714285714286,0.2281471530572933
2026-04-06,Caribe,Tienda,Cuidado personal,2436053.1,1591400.0,109,16,16,0.09641875,0.3467301677455225
2026-04-06,Caribe,Tienda,Hogar,6731809.36,4596900.0,231,23,23,0.09165217391304348,0.31713752511850696
2026-04-06,Eje Cafetero,E-commerce,Alimentos,1505880.29,1326105.0,90,15,15,0.11890666666666667,0.11938219205990142
2026-04-06,Eje Cafetero,E-commerce,Bebidas,429924.43,348925.5,53,7,7,0.14945714285714287,0.18840271533301794
2026-04-06,Eje Cafetero,E-commerce,Cuidado personal,1696357.8800000001,1205303.0,79,16,16,0.15063125,0.28947599194104023
2026-04-06,Eje Cafetero,E-commerce,Hogar,2369457.43,1746822.0,84,12,12,0.11495,0.26277552916407537
2026-04-06,Eje Cafetero,Marketplace,Alimentos,261363.63,256479.0,17,5,5,0.14778,0.018689019585471797
2026-04-06,Eje Cafetero,Marketplace,Bebidas,40380.09,40446.0,6,1,1,0.2685,-0.0016322400470133549
2026-04-06,Eje Cafetero,Marketplace,Cuidado personal,1297124.32,937320.0,60,7,7,0.13785714285714284,0.27738614907783093
2026-04-06,Eje Cafetero,Marketplace,Hogar,798182.97,723962.0,34,5,5,0.27254,0.09298741365028118
2026-04-06,Eje Cafetero,Tienda,Alimentos,5954505.5,5047800.0,358,27,27,0.10172222222222223,0.15227217440642216
2026-04-06,Eje Cafetero,Tienda,Bebidas,1947978.87,1461600.0,232,18,18,0.07265555555555556,0.24968385309025456
2026-04-06,Eje Cafetero,Tienda,Cuidado personal,1863360.93,1211800.0,83,12,12,0.10055833333333335,0.34966973897000186
2026-04-06,Eje Cafetero,Tienda,Hogar,4125807.23,2885500.0,145,18,18,0.1025,0.30062171130569276
2026-04-06,Valle,E-commerce,Alimentos,2374488.69,2092299.0,142,23,23,0.1247,0.11884229694941185
2026-04-06,Valle,E-commerce,Bebidas,730341.38,599098.5,91,17,17,0.1352,0.17970073118409366
2026-04-06,Valle,E-commerce,Cuidado personal,3518282.81,2441120.0,160,31,31,0.13483870967741934,0.3061615191758846
2026-04-06,Valle,E-commerce,Hogar,4817504.37,3784781.0,182,30,30,0.16227333333333332,0.21436895344217408
2026-04-06,Valle,Marketplace,Alimentos,664996.76,603480.0,40,8,8,0.1137875,0.09250685672513653
2026-04-06,Valle,Marketplace,Bebidas,610337.5599999999,519057.0,77,13,13,0.16901538461538462,0.14955750060671336
2026-04-06,Valle,Marketplace,Cuidado personal,992716.75,796722.0,51,12,12,0.20101666666666665,0.19743270172483743
2026-04-06,Valle,Marketplace,Hogar,1285196.26,958185.0,45,5,5,0.11803999999999999,0.2544446091058497
2026-04-06,Valle,Tienda,Alimentos,6522316.27,5386200.0,382,43,43,0.07983023255813954,0.17418907991715643
2026-04-06,Valle,Tienda,Bebidas,3675901.16,2809800.0,446,30,30,0.08305,0.23561600878300007
2026-04-06,Valle,Tienda,Cuidado personal,6417655.02,4234000.0,290,29,29,0.12033793103448277,0.3402574636989446
2026-04-06,Valle,Tienda,Hogar,8713365.57,5989900.0,301,30,30,0.08082333333333333,0.3125618394087418
2026-04-13,Antioquia,E-commerce,Alimentos,2160560.87,1959688.5,133,23,23,0.1307173913043478,0.09297232620898115
2026-04-13,Antioquia,E-commerce,Bebidas,806300.0499999999,638599.5,97,18,18,0.11398333333333333,0.2079877708056696
2026-04-13,Antioquia,E-commerce,Cuidado personal,4870887.5200000005,3387054.0,222,43,43,0.13316511627906977,0.30463309076781975
2026-04-13,Antioquia,E-commerce,Hogar,4464343.3,3348075.5,161,28,28,0.13137857142857143,0.2500407618742044
2026-04-13,Antioquia,Marketplace,Alimentos,2026860.34,1885875.0,125,19,19,0.1409,0.06955848768544165
2026-04-13,Antioquia,Marketplace,Bebidas,243935.93,215712.0,32,5,5,0.15786,0.11570222558029887
2026-04-13,Antioquia,Marketplace,Cuidado personal,1257557.69,999808.0,64,12,12,0.20596666666666666,0.20496052948473478
2026-04-13,Antioquia,Marketplace,Hogar,2530180.32,2044128.0,96,16,16,0.198625,0.19210184987922121
2026-04-13,Antioquia,Tienda,Alimentos,6388667.140000001,5287500.0,375,33,33,0.07110909090909091,0.17236257827638216
2026-04-13,Antioquia,Tienda,Bebidas,2947378.13,2205000.0,350,30,30,0.08965,0.25187746439578823
2026-04-13,Antioquia,Tienda,Cuidado personal,6468353.0,4219400.0,289,30,30,0.10339666666666666,0.34768557003614364
2026-04-13,Antioquia,Tienda,Hogar,8380848.41,5850600.0,294,28,28,0.09936785714285713,0.3019083851917565
2026-04-13,Bogotá,E-commerce,Alimentos,6539948.43,5687517.0,386,58,58,0.10926206896551724,0.13034222503800383
2026-04-13,Bogotá,E-commerce,Bebidas,1892806.75,1566873.0,238,44,44,0.14713636363636365,0.1721959994067012
2026-04-13,Bogotá,E-commerce,Cuidado personal,9669910.78,6697823.0,439,86,86,0.11805581395348837,0.30735420911505035
2026-04-13,Bogotá,E-commerce,Hogar,6450158.38,4762169.5,229,42,42,0.11529523809523809,0.26169727633881756
2026-04-13,Bogotá,Marketplace,Alimentos,3699051.44,3454923.0,229,24,24,0.15300833333333333,0.06599757909827822
2026-04-13,Bogotá,Marketplace,Bebidas,542691.34,465129.0,69,15,15,0.15104666666666666,0.14292164676886124
2026-04-13,Bogotá,Marketplace,Cuidado personal,3261297.3899999997,2499520.0,160,30,30,0.1736,0.23358108718812662
2026-04-13,Bogotá,Marketplace,Hogar,3153429.59,2555160.0,120,22,22,0.17603636363636366,0.18972029434150134
2026-04-13,Bogotá,Tienda,Alimentos,14722216.47,12238800.0,868,75,75,0.073656,0.16868495820996446
2026-04-13,Bogotá,Tienda,Bebidas,4410318.64,3332700.0,529,45,45,0.07817777777777778,0.2443403136966992
2026-04-13,Bogotá,Tienda,Cuidado personal,9793000.879999999,6511600.0,446,47,47,0.12589148936170214,0.3350761344973962
2026-04-13,Bogotá,Tienda,Hogar,15900517.88,10746000.0,540,60,60,0.075235,0.3241729558056382
2026-04-13,Caribe,E-commerce,Alimentos,1855222.69,1694467.5,115,20,20,0.14423,0.08665007757101113
2026-04-13,Caribe,E-commerce,Bebidas,341132.78,269923.5,41,7,7,0.13281428571428572,0.20874358658819014
2026-04-13,Caribe,E-commerce,Cuidado personal,2350445.21,1693527.0,111,23,23,0.14157391304347827,0.27948671477434694
2026-04-13,Caribe,E-commerce,Hogar,3051097.36,2329096.0,112,18,18,0.14774444444444446,0.23663661784952017
2026-04-13,Caribe,Marketplace,Alimentos,1168770.72,1086264.0,72,12,12,0.13710833333333333,0.07059273353459776
2026-04-13,Caribe,Marketplace,Bebidas,196244.3,155043.0,23,2,2,0.0702,0.20994902781889713
2026-04-13,Caribe,Marketplace,Cuidado personal,923250.12,796722.0,51,11,11,0.24424545454545454,0.13704641598096948
2026-04-13,Caribe,Marketplace,Hogar,1057750.06,894306.0,42,6,6,0.22075,0.15452049229853038
2026-04-13,Caribe,Tienda,Alimentos,5323051.33,4455600.0,316,26,26,0.08099230769230768,0.16296129348051958
2026-04-13,Caribe,Tienda,Bebidas,944669.1,711900.0,113,16,16,0.10361875000000001,0.24640278802386992
2026-04-13,Caribe,Tienda,Cuidado personal,2715283.39,1737400.0,119,13,13,0.08999230769230769,0.360140452963917
2026-04-13,Caribe,Tienda,Hogar,10687045.76,7382900.0,371,34,34,0.08888823529411764,0.3091729776592629
2026-04-13,Eje Cafetero,E-commerce,Alimentos,2155195.9,1989157.5,135,22,22,0.15003636363636363,0.07704097803823769
2026-04-13,Eje Cafetero,E-commerce,Bebidas,703684.1799999999,585931.5,89,15,15,0.15054666666666666,0.16733739843348466
2026-04-13,Eje Cafetero,E-commerce,Cuidado personal,1217165.33,884906.0,58,11,11,0.1645818181818182,0.2729779774453484
2026-04-13,Eje Cafetero,E-commerce,Hogar,2076185.22,1518071.5,73,11,11,0.1257090909090909,0.2688169218351338
2026-04-13,Eje Cafetero,Marketplace,Alimentos,1301364.27,1206960.0,80,6,6,0.1353,0.0725425402988819
2026-04-13,Eje Cafetero,Marketplace,Bebidas,43663.08,40446.0,6,2,2,0.209,0.07367963964063007
2026-04-13,Eje Cafetero,Marketplace,Cuidado personal,885086.45,702990.0,45,11,11,0.19173636363636362,0.20573860327429028
2026-04-13,Eje Cafetero,Marketplace,Hogar,481859.94,447153.0,21,5,5,0.2496,0.07202702926497688
2026-04-13,Eje Cafetero,Tienda,Alimentos,3362853.13,2890500.0,205,16,16,0.09761875,0.14046201595488647
2026-04-13,Eje Cafetero,Tienda,Bebidas,699281.24,510300.0,81,11,11,0.06453636363636363,0.2702506934119954
2026-04-13,Eje Cafetero,Tienda,Cuidado personal,1967455.96,1270200.0,87,14,14,0.11546428571428571,0.3543946976073609
2026-04-13,Eje Cafetero,Tienda,Hogar,3722209.05,2567100.0,129,17,17,0.10716470588235294,0.3103289026713854
2026-04-13,Valle,E-commerce,Alimentos,2482438.76,2195440.5,149,29,29,0.11362758620689654,0.11561141592874573
2026-04-13,Valle,E-commerce,Bebidas,648800.42,553014.0,84,17,17,0.17765882352941176,0.14763618679531687
2026-04-13,Valle,E-commerce,Cuidado personal,3263653.11,2364835.0,155,29,29,0.16398620689655174,0.2754024645713649
2026-04-13,Valle,E-commerce,Hogar,4186769.68,3056938.5,147,22,22,0.0999,0.26985749548085963
2026-04-13,Valle,Marketplace,Alimentos,639283.46,588393.0,39,7,7,0.1426714285714286,0.07960546953615845
2026-04-13,Valle,Marketplace,Bebidas,481395.47,390978.0,58,8,8,0.1027125,0.18782368267819383
2026-04-13,Valle,Marketplace,Cuidado personal,1950256.3800000001,1468468.0,94,17,17,0.18508235294117648,0.24703848424277433
2026-04-13,Valle,Marketplace,Hogar,986089.65,809134.0,38,7,7,0.18551428571428571,0.17945188857828495
2026-04-13,Valle,Tienda,Alimentos,5180404.47,4244100.0,301,31,31,0.07440645161290323,0.1807396459913872
2026-04-13,Valle,Tienda,Bebidas,3666274.09,2828700.0,449,20,20,0.08047,0.22845375698574677
2026-04-13,Valle,Tienda,Cuidado personal,6991676.65,4482200.0,307,29,29,0.08390689655172413,0.35892344220466776
2026-04-13,Valle,Tienda,Hogar,10661243.1,7382900.0,371,36,36,0.10144166666666667,0.3075010174001191
2026-04-20,Antioquia,E-commerce,Alimentos,3585793.05,3079510.5,209,31,31,0.09548709677419355,0.1411912352275879
2026-04-20,Antioquia,E-commerce,Bebidas,1308233.32,1046776.5,159,22,22,0.12474090909090908,0.19985488521267755
2026-04-20,Antioquia,E-commerce,Cuidado personal,5855618.72,4165161.0,273,56,56,0.14208392857142857,0.28868985513455697
2026-04-20,Antioquia,E-commerce,Hogar,3376240.61,2578642.0,124,22,22,0.15381818181818183,0.2362386755368125
2026-04-20,Antioquia,Marketplace,Alimentos,278462.26,271566.0,18,4,4,0.197825,0.024765510414229953
2026-04-20,Antioquia,Marketplace,Bebidas,354774.32,289863.0,43,6,6,0.11521666666666668,0.18296510299843574
2026-04-20,Antioquia,Marketplace,Cuidado personal,1788966.92,1312248.0,84,13,13,0.17094615384615386,0.2664772135641278
2026-04-20,Antioquia,Marketplace,Hogar,3628129.43,2810676.0,132,13,13,0.1525,0.22530988647778205
2026-04-20,Antioquia,Tienda,Alimentos,6288926.21,5076000.0,360,39,39,0.06374615384615384,0.19286698070512104
2026-04-20,Antioquia,Tienda,Bebidas,1914236.95,1467900.0,233,18,18,0.09576666666666667,0.23316703295273866
2026-04-20,Antioquia,Tienda,Cuidado personal,4668414.01,2993000.0,205,26,26,0.09929615384615385,0.35888291107240505
2026-04-20,Antioquia,Tienda,Hogar,10719067.26,7323200.0,368,38,38,0.08084473684210526,0.3168062274104995
2026-04-20,Bogotá,E-commerce,Alimentos,6983278.49,6291631.5,427,65,65,0.12575076923076922,0.09904330623365992
2026-04-20,Bogotá,E-commerce,Bebidas,1263397.26,1027026.0,156,29,29,0.1212,0.1870917940727527
2026-04-20,Bogotá,E-commerce,Cuidado personal,7093270.2,5019553.0,329,61,61,0.13581803278688526,0.29234995164853583
2026-04-20,Bogotá,E-commerce,Hogar,7670439.4,5885126.5,283,53,53,0.14968301886792454,0.23275236357385215
2026-04-20,Bogotá,Marketplace,Alimentos,3131652.95,2987226.0,198,25,25,0.15923199999999998,0.04611844042297221
2026-04-20,Bogotá,Marketplace,Bebidas,403447.58,343791.0,51,10,10,0.15697,0.1478669917911021
2026-04-20,Bogotá,Marketplace,Cuidado personal,3677960.61,2796338.0,179,32,32,0.17061875,0.23970420118229593
2026-04-20,Bogotá,Marketplace,Hogar,4605863.31,3598517.0,169,26,26,0.15102692307692306,0.218709553931595
2026-04-20,Bogotá,Tienda,Alimentos,14714623.78,12393900.0,879,69,69,0.08723333333333333,0.15771546827818383
2026-04-20,Bogotá,Tienda,Bebidas,3351245.4,2520000.0,400,41,41,0.08071219512195123,0.24804074330098294
2026-04-20,Bogotá,Tienda,Cuidado personal,6932867.96,4482200.0,307,44,44,0.11127045454545455,0.3534854513513625
2026-04-20,Bogotá,Tienda,Hogar,12601070.12,8676400.0,436,46,46,0.09223260869565218,0.3114553036071828
2026-04-20,Caribe,E-commerce,Alimentos,1869130.8699999999,1635529.5,111,16,16,0.10815625000000001,0.12497860569816596
2026-04-20,Caribe,E-commerce,Bebidas,879040.39,724185.0,110,15,15,0.13670666666666667,0.17616413507461245
2026-04-20,Caribe,E-commerce,Cuidado personal,1516315.83,1067990.0,70,13,13,0.13103076923076923,0.29566784249690253
2026-04-20,Caribe,E-commerce,Hogar,2879737.63,2204323.0,106,19,19,0.14525263157894738,0.23454033553744266
2026-04-20,Caribe,Marketplace,Alimentos,411796.76,392262.0,26,5,5,0.17450000000000002,0.04743786716534634
2026-04-20,Caribe,Marketplace,Bebidas,82304.45,67410.0,10,2,2,0.10550000000000001,0.18096773625241402
2026-04-20,Caribe,Marketplace,Cuidado personal,2022908.42,1468468.0,94,15,15,0.13738666666666666,0.27408083060922744
2026-04-20,Caribe,Marketplace,Hogar,883402.8200000001,702669.0,33,6,6,0.16151666666666667,0.2045882307688355
2026-04-20,Caribe,Tienda,Alimentos,6364555.42,5386200.0,382,37,37,0.09614864864864865,0.1537193653661358
2026-04-20,Caribe,Tienda,Bebidas,1156058.98,856800.0,136,14,14,0.07933571428571429,0.25886134287024004
2026-04-20,Caribe,Tienda,Cuidado personal,4720461.92,3036800.0,208,27,27,0.10358148148148148,0.35667312829419034
2026-04-20,Caribe,Tienda,Hogar,7235807.54,5014800.0,252,23,23,0.10761739130434783,0.30694674059835486
2026-04-20,Eje Cafetero,E-commerce,Alimentos,1270929.08,1119822.0,76,11,11,0.1164090909090909,0.11889497406102319
2026-04-20,Eje Cafetero,E-commerce,Bebidas,352793.38,276507.0,42,7,7,0.09677142857142858,0.216235293303973
2026-04-20,Eje Cafetero,E-commerce,Cuidado personal,2888532.21,2013924.0,132,14,14,0.13377857142857144,0.3027863795224911
2026-04-20,Eje Cafetero,E-commerce,Hogar,1807706.33,1393298.5,67,11,11,0.15054545454545454,0.22924510642168303
2026-04-20,Eje Cafetero,Marketplace,Alimentos,710934.49,724176.0,48,7,7,0.2198142857142857,-0.018625499516840165
2026-04-20,Eje Cafetero,Marketplace,Bebidas,277901.37,229194.0,34,5,5,0.15548,0.1752685494137722
2026-04-20,Eje Cafetero,Marketplace,Cuidado personal,1044036.04,843588.0,54,7,7,0.21944285714285713,0.19199341049567603
2026-04-20,Eje Cafetero,Marketplace,Hogar,2566469.58,2108007.0,99,8,8,0.204825,0.17863550130214287
2026-04-20,Eje Cafetero,Tienda,Alimentos,3348009.91,2777700.0,197,24,24,0.0940125,0.17034295755713583
2026-04-20,Eje Cafetero,Tienda,Bebidas,473501.45999999996,352800.0,56,6,6,0.09153333333333334,0.2549125402907944
2026-04-20,Eje Cafetero,Tienda,Cuidado personal,3483985.5000000005,2379800.0,163,16,16,0.15185,0.3169317151291245
2026-04-20,Eje Cafetero,Tienda,Hogar,2261334.73,1512400.0,76,8,8,0.055275,0.331191450811884
2026-04-20,Valle,E-commerce,Alimentos,2615851.46,2254378.5,153,21,21,0.09658571428571427,0.13818558336641942
2026-04-20,Valle,E-commerce,Bebidas,807575.54,632016.0,96,14,14,0.09752142857142856,0.2173908585690944
2026-04-20,Valle,E-commerce,Cuidado personal,3764479.13,2624204.0,172,32,32,0.13035,0.30290382563496904
2026-04-20,Valle,E-commerce,Hogar,3451405.25,2516255.5,121,18,18,0.11359444444444446,0.2709475365142937
2026-04-20,Valle,Marketplace,Alimentos,628509.82,603480.0,40,7,7,0.14467142857142856,0.039824071483879044
2026-04-20,Valle,Marketplace,Bebidas,244405.0,222453.0,33,6,6,0.21681666666666666,0.08981812974366318
2026-04-20,Valle,Marketplace,Cuidado personal,969859.55,749856.0,48,8,8,0.196775,0.22684062862504167
2026-04-20,Valle,Marketplace,Hogar,1209382.18,979478.0,46,8,8,0.193,0.19010051892777183
2026-04-20,Valle,Tienda,Alimentos,9180242.16,7614000.0,540,46,46,0.08121086956521739,0.1706101138403957
2026-04-20,Valle,Tienda,Bebidas,2563881.68,1934100.0,307,29,29,0.08198620689655173,0.24563601546542513
2026-04-20,Valle,Tienda,Cuidado personal,3707467.53,2409000.0,165,21,21,0.10435714285714286,0.35023031745877486
2026-04-20,Valle,Tienda,Hogar,8332114.0,5830700.0,293,30,30,0.10737666666666666,0.30021360725501356
2026-04-27,Antioquia,E-commerce,Alimentos,2531788.51,2224909.5,151,26,26,0.11483461538461538,0.12121036523702361
2026-04-27,Antioquia,E-commerce,Bebidas,1338592.56,1040193.0,158,25,25,0.095608,0.22292037840102746
2026-04-27,Antioquia,E-commerce,Cuidado personal,3988618.7,2807288.0,184,38,38,0.14287368421052632,0.29617539024224104
2026-04-27,Antioquia,E-commerce,Hogar,5449336.6,4200691.0,202,28,28,0.15664285714285714,0.22913717607387288
2026-04-27,Antioquia,Marketplace,Alimentos,1645341.83,1538874.0,102,14,14,0.1427142857142857,0.06470863869059967
2026-04-27,Antioquia,Marketplace,Bebidas,301435.78,269640.0,40,8,8,0.18253750000000002,0.10548110778355517
2026-04-27,Antioquia,Marketplace,Cuidado personal,1500551.3599999999,1187272.0,76,16,16,0.208825,0.208776166115367
2026-04-27,Antioquia,Marketplace,Hogar,1697051.93,1469217.0,69,10,10,0.22819000000000003,0.1342533637140968
2026-04-27,Antioquia,Tienda,Alimentos,9325489.32,7881900.0,559,46,46,0.09627826086956522,0.15480038317174333
2026-04-27,Antioquia,Tienda,Bebidas,1665836.34,1234800.0,196,20,20,0.07589,0.25875071256999954
2026-04-27,Antioquia,Tienda,Cuidado personal,5599399.14,3547800.0,243,34,34,0.07942941176470589,0.3663963023003929
2026-04-27,Antioquia,Tienda,Hogar,9330387.42,6328200.0,318,39,39,0.0697923076923077,0.32176449753465863
2026-04-27,Bogotá,E-commerce,Alimentos,5159483.37,4656102.0,316,47,47,0.1257595744680851,0.09756429741142864
2026-04-27,Bogotá,E-commerce,Bebidas,2093126.04,1685376.0,256,32,32,0.119975,0.19480434154839527
2026-04-27,Bogotá,E-commerce,Cuidado personal,9682028.92,6743594.0,442,86,86,0.1279918604651163,0.30349371441456097
2026-04-27,Bogotá,E-commerce,Hogar,9686469.93,7174447.5,345,52,52,0.12724615384615384,0.2593331160013212
2026-04-27,Bogotá,Marketplace,Alimentos,1653079.21,1538874.0,102,20,20,0.14915,0.06908635067765444
2026-04-27,Bogotá,Marketplace,Bebidas,948379.4299999999,802179.0,119,17,17,0.14721176470588238,0.15415816220307513
2026-04-27,Bogotá,Marketplace,Cuidado personal,3613237.4,2780716.0,178,28,28,0.19444285714285714,0.23040871878498764
2026-04-27,Bogotá,Marketplace,Hogar,2439599.23,1937663.0,91,17,17,0.16228235294117646,0.20574536334806107
2026-04-27,Bogotá,Tienda,Alimentos,15170131.64,12788700.0,907,67,67,0.08668358208955225,0.15698160678584597
2026-04-27,Bogotá,Tienda,Bebidas,3984705.44,2979900.0,473,50,50,0.08695800000000001,0.25216555028469056
2026-04-27,Bogotá,Tienda,Cuidado personal,9650684.73,6190400.0,424,48,48,0.09046875,0.3585532868194732
2026-04-27,Bogotá,Tienda,Hogar,12024896.82,8218700.0,413,54,54,0.09118518518518519,0.316526360015786
2026-04-27,Caribe,E-commerce,Alimentos,1662406.99,1488184.5,101,15,15,0.13120666666666667,0.10480134590868148
2026-04-27,Caribe,E-commerce,Bebidas,362750.34,296257.5,45,7,7,0.1394,0.18330193708433196
2026-04-27,Caribe,E-commerce,Cuidado personal,2177051.48,1556214.0,102,18,18,0.14695555555555556,0.2851735412338527
2026-04-27,Caribe,E-commerce,Hogar,2014525.62,1580458.0,76,13,13,0.1787923076923077,0.2154689003160953
2026-04-27,Caribe,Marketplace,Alimentos,750379.74,694002.0,46,8,8,0.129525,0.07513227902448431
2026-04-27,Caribe,Marketplace,Bebidas,146980.33,121338.0,18,3,3,0.10976666666666668,0.1744609635860798
2026-04-27,Caribe,Marketplace,Cuidado personal,1187474.33,906076.0,58,12,12,0.16838333333333333,0.23697213732611808
2026-04-27,Caribe,Marketplace,Hogar,1762621.3,1341459.0,63,9,9,0.1260777777777778,0.2389408887774135
2026-04-27,Caribe,Tienda,Alimentos,5176844.55,4399200.0,312,25,25,0.09104000000000001,0.1502159360763498
2026-04-27,Caribe,Tienda,Bebidas,1001992.63,737100.0,117,17,17,0.07573529411764707,0.26436584668292423
2026-04-27,Caribe,Tienda,Cuidado personal,3864763.54,2555000.0,175,20,20,0.10791999999999999,0.33889875187551577
2026-04-27,Caribe,Tienda,Hogar,7882638.77,5512300.0,277,28,28,0.10391785714285715,0.3007037159968704
2026-04-27,Eje Cafetero,E-commerce,Alimentos,2012075.5599999998,1738671.0,118,19,19,0.09676315789473684,0.13588185525199653
2026-04-27,Eje Cafetero,E-commerce,Bebidas,294666.13,237006.0,36,7,7,0.11672857142857142,0.19567953059281026
2026-04-27,Eje Cafetero,E-commerce,Cuidado personal,2155112.97,1510443.0,99,15,15,0.13302666666666668,0.29913511680086086
2026-04-27,Eje Cafetero,E-commerce,Hogar,2285541.94,1726026.5,83,14,14,0.13775,0.24480646371337206
2026-04-27,Eje Cafetero,Marketplace,Alimentos,1788189.3900000001,1644483.0,109,7,7,0.12465714285714287,0.08036418894085941
2026-04-27,Eje Cafetero,Marketplace,Bebidas,318134.82,256158.0,38,6,6,0.10051666666666666,0.19481306698839193
2026-04-27,Eje Cafetero,Marketplace,Cuidado personal,905672.78,656124.0,42,8,8,0.1474875,0.27553967118234474
2026-04-27,Eje Cafetero,Marketplace,Hogar,942713.74,766548.0,36,5,5,0.19588,0.18687087344245135
2026-04-27,Eje Cafetero,Tienda,Alimentos,2662103.26,2298300.0,163,7,7,0.10445714285714285,0.13666008583002892
2026-04-27,Eje Cafetero,Tienda,Bebidas,568655.4199999999,415800.0,66,8,8,0.076575,0.268801482627212
2026-04-27,Eje Cafetero,Tienda,Cuidado personal,1979196.5699999998,1284800.0,88,11,11,0.12639999999999998,0.35084770281306615
2026-04-27,Eje Cafetero,Tienda,Hogar,5681986.32,3999900.0,201,18,18,0.11364444444444444,0.29603843185599227
2026-04-27,Valle,E-commerce,Alimentos,2810188.48,2475396.0,168,33,33,0.11649696969696971,0.119135240352277
2026-04-27,Valle,E-commerce,Bebidas,931180.5700000001,763686.0,116,19,19,0.1297473684210526,0.17987335152407663
2026-04-27,Valle,E-commerce,Cuidado personal,2688573.97,1830840.0,120,23,23,0.11399565217391305,0.31902933658172705
2026-04-27,Valle,E-commerce,Hogar,4082647.57,3098529.5,149,24,24,0.14874583333333333,0.24104898919795809
2026-04-27,Valle,Marketplace,Alimentos,1027442.62,935394.0,62,8,8,0.1045375,0.08959003472135504
2026-04-27,Valle,Marketplace,Bebidas,415722.77,370755.0,55,8,8,0.1498,0.10816768588355172
2026-04-27,Valle,Marketplace,Cuidado personal,889602.1,718612.0,46,9,9,0.21458888888888888,0.19220964069217011
2026-04-27,Valle,Marketplace,Hogar,1519704.94,1192408.0,56,8,8,0.1453375,0.21536874125052194
2026-04-27,Valle,Tienda,Alimentos,7153129.52,6048900.0,429,31,31,0.09269354838709677,0.15437012805550313
2026-04-27,Valle,Tienda,Bebidas,2473584.35,1890000.0,300,24,24,0.09718333333333333,0.2359266018157012
2026-04-27,Valle,Tienda,Cuidado personal,5921317.76,3825200.0,262,29,29,0.11497586206896551,0.35399514853936837
2026-04-27,Valle,Tienda,Hogar,9258572.23,6308300.0,317,31,31,0.07947419354838708,0.3186530446282429
2026-05-04,Antioquia,E-commerce,Alimentos,2615880.29,2328051.0,158,26,26,0.12791538461538463,0.11003152212290267
2026-05-04,Antioquia,E-commerce,Bebidas,1589918.21,1250865.0,190,30,30,0.10567666666666667,0.21325198231423487
2026-05-04,Antioquia,E-commerce,Cuidado personal,7902799.1,5507777.0,361,52,52,0.13432307692307693,0.30305997529407014
2026-05-04,Antioquia,E-commerce,Hogar,4122232.98,3036143.0,146,23,23,0.11633478260869565,0.26347127522132435
2026-05-04,Antioquia,Marketplace,Alimentos,1504274.76,1508700.0,100,14,14,0.18652857142857143,-0.0029417764079216423
2026-05-04,Antioquia,Marketplace,Bebidas,385424.59,316827.0,47,7,7,0.12827142857142856,0.17797927734709407
2026-05-04,Antioquia,Marketplace,Cuidado personal,1280713.21,1062296.0,68,12,12,0.24445000000000003,0.1705434193186779
2026-05-04,Antioquia,Marketplace,Hogar,1596238.69,1192408.0,56,8,8,0.124875,0.25298891232864423
2026-05-04,Antioquia,Tienda,Alimentos,7287483.33,5992500.0,425,33,33,0.06634242424242423,0.1776996627448889
2026-05-04,Antioquia,Tienda,Bebidas,2523372.2,1908900.0,303,24,24,0.09133333333333334,0.24351231261087847
2026-05-04,Antioquia,Tienda,Cuidado personal,10100384.97,6409400.0,439,37,37,0.07885945945945946,0.36543012775878386
2026-05-04,Antioquia,Tienda,Hogar,11199219.69,7780900.0,391,41,41,0.09712439024390244,0.3052283806033632
2026-05-04,Bogotá,E-commerce,Alimentos,5261007.34,4656102.0,316,56,56,0.11774642857142857,0.11497899563850444
2026-05-04,Bogotá,E-commerce,Bebidas,2350991.92,1817046.0,276,40,40,0.09244,0.22711516592536818
2026-05-04,Bogotá,E-commerce,Cuidado personal,10544827.55,7475930.0,490,77,77,0.13753246753246753,0.29103345080309073
2026-05-04,Bogotá,E-commerce,Hogar,8103366.84,6113877.0,294,53,53,0.13505849056603775,0.245513979470785
2026-05-04,Bogotá,Marketplace,Alimentos,3178263.9,2896704.0,192,31,31,0.12961290322580646,0.088589213752829
2026-05-04,Bogotá,Marketplace,Bebidas,1066606.34,916776.0,136,20,20,0.16073500000000002,0.1404738884263524
2026-05-04,Bogotá,Marketplace,Cuidado personal,4471309.78,3452462.0,221,36,36,0.19144166666666665,0.2278633845852658
2026-05-04,Bogotá,Marketplace,Hogar,3187028.57,2491281.0,117,20,20,0.145045,0.21830603482792119
2026-05-04,Bogotá,Tienda,Alimentos,17368791.82,14537100.0,1031,72,72,0.08280277777777778,0.16303332145067995
2026-05-04,Bogotá,Tienda,Bebidas,3804076.42,2860200.0,454,44,44,0.08022727272727272,0.2481223602758222
2026-05-04,Bogotá,Tienda,Cuidado personal,10800539.44,7037200.0,482,43,43,0.0933720930232558,0.348439951625231
2026-05-04,Bogotá,Tienda,Hogar,9562407.36,6666500.0,335,37,37,0.1133108108108108,0.30284291925417406
2026-05-04,Caribe,E-commerce,Alimentos,2204262.41,1959688.5,133,24,24,0.1294375,0.11095498834006798
2026-05-04,Caribe,E-commerce,Bebidas,435498.94,348925.5,53,12,12,0.12523333333333334,0.1987913908584944
2026-05-04,Caribe,E-commerce,Cuidado personal,4273075.57,2929344.0,192,29,29,0.11559655172413794,0.31446473341916586
2026-05-04,Caribe,E-commerce,Hogar,1771184.29,1330912.0,64,12,12,0.143975,0.24857508757600827
2026-05-04,Caribe,Marketplace,Alimentos,561590.0499999999,618567.0,41,7,7,0.23977142857142855,-0.1014564805768907
2026-05-04,Caribe,Marketplace,Bebidas,378076.87,323568.0,48,8,8,0.18455,0.14417404058597924
2026-05-04,Caribe,Marketplace,Cuidado personal,1747764.54,1343492.0,86,11,11,0.18696363636363636,0.2313083546139459
2026-05-04,Caribe,Marketplace,Hogar,1446343.14,1107236.0,52,8,8,0.146325,0.2344582904441334
2026-05-04,Caribe,Tienda,Alimentos,6866397.67,5781000.0,410,27,27,0.0825074074074074,0.15807381427123196
2026-05-04,Caribe,Tienda,Bebidas,1035518.65,756000.0,120,15,15,0.06182666666666667,0.2699310630474883
2026-05-04,Caribe,Tienda,Cuidado personal,5290349.9399999995,3460200.0,237,24,24,0.10744166666666666,0.34594118739903235
2026-05-04,Caribe,Tienda,Hogar,8747430.38,6009800.0,302,26,26,0.0750346153846154,0.3129639518205575
2026-05-04,Eje Cafetero,E-commerce,Alimentos,1114485.01,957742.5,65,12,12,0.09597499999999999,0.14064120072821798
2026-05-04,Eje Cafetero,E-commerce,Bebidas,632854.15,493762.5,75,11,11,0.08894545454545455,0.21978468498626424
2026-05-04,Eje Cafetero,E-commerce,Cuidado personal,2330931.85,1601985.0,105,13,13,0.1213846153846154,0.3127276543928129
2026-05-04,Eje Cafetero,E-commerce,Hogar,1641651.42,1226934.5,59,10,10,0.13247,0.25262178983160744
2026-05-04,Eje Cafetero,Marketplace,Alimentos,479930.30000000005,437523.0,29,3,3,0.13246666666666665,0.08836137247429479
2026-05-04,Eje Cafetero,Marketplace,Bebidas,158841.87,128079.0,19,4,4,0.111375,0.19366977988864018
2026-05-04,Eje Cafetero,Marketplace,Cuidado personal,855204.29,671746.0,43,7,7,0.22362857142857143,0.2145198429722564
2026-05-04,Eje Cafetero,Marketplace,Hogar,399377.9,319395.0,15,4,4,0.19747499999999998,0.20026871792355064
2026-05-04,Eje Cafetero,Tienda,Alimentos,2622292.07,2157300.0,153,19,19,0.07791052631578947,0.17732276099969285
2026-05-04,Eje Cafetero,Tienda,Bebidas,1832607.26,1436400.0,228,12,12,0.11394166666666666,0.21619867423203376
2026-05-04,Eje Cafetero,Tienda,Cuidado personal,3396896.67,2146200.0,147,15,15,0.0927,0.3681880232170854
2026-05-04,Eje Cafetero,Tienda,Hogar,3762258.37,2606900.0,131,16,16,0.11458125,0.30709171364007093
2026-05-04,Valle,E-commerce,Alimentos,2885276.51,2534334.0,172,26,26,0.11324999999999999,0.12163219323474816
2026-05-04,Valle,E-commerce,Bebidas,504860.51,408177.0,62,12,12,0.113575,0.1915053922518123
2026-05-04,Valle,E-commerce,Cuidado personal,6058957.45,4394016.0,288,43,43,0.15684883720930232,0.2747900878557911
2026-05-04,Valle,E-commerce,Hogar,3104536.2600000002,2329096.0,112,21,21,0.1383,0.2497765189574562
2026-05-04,Valle,Marketplace,Alimentos,2280405.75,2142354.0,142,15,15,0.15617333333333333,0.06053823974088822
2026-05-04,Valle,Marketplace,Bebidas,934763.09,788697.0,117,7,7,0.1349,0.156260010223553
2026-05-04,Valle,Marketplace,Cuidado personal,1420134.4400000002,1077918.0,69,12,12,0.1869666666666667,0.24097467842551593
2026-05-04,Valle,Marketplace,Hogar,648625.32,617497.0,29,6,6,0.2772,0.04799121933753673
2026-05-04,Valle,Tienda,Alimentos,7053884.06,5766900.0,409,41,41,0.07113170731707316,0.18245041299984163
2026-05-04,Valle,Tienda,Bebidas,1785916.67,1329300.0,211,28,28,0.08526785714285713,0.25567635806882294
2026-05-04,Valle,Tienda,Cuidado personal,6175398.87,4044200.0,277,22,22,0.1030409090909091,0.3451111280201404
2026-05-04,Valle,Tienda,Hogar,9025300.49,6308300.0,317,37,37,0.1136864864864865,0.3010426625695651
2026-05-11,Antioquia,E-commerce,Alimentos,4115019.1,3609952.5,245,32,32,0.120075,0.12273736469412744
2026-05-11,Antioquia,E-commerce,Bebidas,1049357.85,829521.0,126,22,22,0.10642727272727273,0.20949655067620648
2026-05-11,Antioquia,E-commerce,Cuidado personal,5064996.54,3661680.0,240,42,42,0.14268333333333333,0.27706169765715183
2026-05-11,Antioquia,E-commerce,Hogar,5865273.92,4346259.5,209,35,35,0.12734571428571428,0.25898439539546686
2026-05-11,Antioquia,Marketplace,Alimentos,1643973.4000000001,1584135.0,105,14,14,0.1538142857142857,0.03639864245978684
2026-05-11,Antioquia,Marketplace,Bebidas,323364.91,310086.0,46,8,8,0.26455,0.041064783436149506
2026-05-11,Antioquia,Marketplace,Cuidado personal,1915229.6500000001,1437224.0,92,15,15,0.17809333333333335,0.24958137526745167
2026-05-11,Antioquia,Marketplace,Hogar,1594019.0,1320166.0,62,11,11,0.20201818181818182,0.17180033613150156
2026-05-11,Antioquia,Tienda,Alimentos,7657274.67,6415500.0,455,43,43,0.09486511627906977,0.16216927347076607
2026-05-11,Antioquia,Tienda,Bebidas,2398650.03,1808100.0,287,33,33,0.09648181818181818,0.24620099748357197
2026-05-11,Antioquia,Tienda,Cuidado personal,12750043.54,8322000.0,570,43,43,0.09880465116279069,0.3472963465660447
2026-05-11,Antioquia,Tienda,Hogar,7170418.27,4895400.0,246,28,28,0.083075,0.3172783210595049
2026-05-11,Bogotá,E-commerce,Alimentos,6951176.03,6188490.0,420,65,65,0.12244923076923077,0.10972043100453611
2026-05-11,Bogotá,E-commerce,Bebidas,1617431.26,1270615.5,193,30,30,0.10547666666666666,0.2144238018498542
2026-05-11,Bogotá,E-commerce,Cuidado personal,11505446.52,8086210.0,530,81,81,0.13033456790123457,0.297184165260889
2026-05-11,Bogotá,E-commerce,Hogar,8975782.2,6675355.5,321,62,62,0.12843225806451614,0.2562926159237687
2026-05-11,Bogotá,Marketplace,Alimentos,2009368.45,1885875.0,125,22,22,0.16037272727272728,0.06145883797468799
2026-05-11,Bogotá,Marketplace,Bebidas,606061.33,512316.0,76,15,15,0.15729999999999997,0.15467960973520611
2026-05-11,Bogotá,Marketplace,Cuidado personal,4794425.75,3577438.0,229,32,32,0.163075,0.2538338924114113
2026-05-11,Bogotá,Marketplace,Hogar,3910246.43,3193950.0,150,25,25,0.182916,0.18318447259601492
2026-05-11,Bogotá,Tienda,Alimentos,18294782.06,15354900.0,1089,77,77,0.08013636363636363,0.16069511242923212
2026-05-11,Bogotá,Tienda,Bebidas,4967365.0,3773700.0,599,48,48,0.08866666666666667,0.24030144754814675
2026-05-11,Bogotá,Tienda,Cuidado personal,11437442.97,7329200.0,502,54,54,0.09527592592592592,0.35919243320170197
2026-05-11,Bogotá,Tienda,Hogar,15857855.55,11104200.0,558,60,60,0.109535,0.2997666068411123
2026-05-11,Caribe,E-commerce,Alimentos,2013648.72,1797609.0,122,21,21,0.12416190476190476,0.1072876901786524
2026-05-11,Caribe,E-commerce,Bebidas,1141538.27,908523.0,138,15,15,0.09647333333333333,0.20412392306391972
2026-05-11,Caribe,E-commerce,Cuidado personal,3604981.32,2502148.0,164,20,20,0.13082,0.3059192883695719
2026-05-11,Caribe,E-commerce,Hogar,2091889.88,1601253.5,77,14,14,0.1573642857142857,0.23454216433228306
2026-05-11,Caribe,Marketplace,Alimentos,412603.43000000005,362088.0,24,3,3,0.07543333333333334,0.12243095022259036
2026-05-11,Caribe,Marketplace,Bebidas,79076.32,80892.0,12,3,3,0.30163333333333336,-0.022961108964099402
2026-05-11,Caribe,Marketplace,Cuidado personal,1623059.56,1202894.0,77,10,10,0.17365,0.2588725456261137
2026-05-11,Caribe,Marketplace,Hogar,830443.3200000001,766548.0,36,7,7,0.2769142857142857,0.0769412173729088
2026-05-11,Caribe,Tienda,Alimentos,4433616.71,3623700.0,257,31,31,0.0766225806451613,0.18267630311236355
2026-05-11,Caribe,Tienda,Bebidas,1521692.44,1146600.0,182,18,18,0.09994444444444445,0.24649688080201013
2026-05-11,Caribe,Tienda,Cuidado personal,4482143.35,2890800.0,198,16,16,0.10520625,0.35504070837002566
2026-05-11,Caribe,Tienda,Hogar,4905624.6,3442700.0,173,20,20,0.112625,0.29821372797258067
2026-05-11,Eje Cafetero,E-commerce,Alimentos,1721231.57,1547122.5,105,16,16,0.1102625,0.10115377444535256
2026-05-11,Eje Cafetero,E-commerce,Bebidas,441724.53,375259.5,57,12,12,0.16942500000000002,0.15046714747763731
2026-05-11,Eje Cafetero,E-commerce,Cuidado personal,2377841.99,1754555.0,115,16,16,0.1568875,0.26212296385597944
2026-05-11,Eje Cafetero,E-commerce,Hogar,2249794.42,1622049.0,78,10,10,0.10655,0.27902345850782223
2026-05-11,Eje Cafetero,Marketplace,Alimentos,861888.85,799611.0,53,6,6,0.12086666666666666,0.07225740302824428
2026-05-11,Eje Cafetero,Marketplace,Bebidas,30450.5,26964.0,4,1,1,0.1725,0.11449729889492784
2026-05-11,Eje Cafetero,Marketplace,Cuidado personal,598766.52,468660.0,30,6,6,0.20333333333333334,0.21729090664588263
2026-05-11,Eje Cafetero,Marketplace,Hogar,1378389.38,1085943.0,51,7,7,0.13692857142857143,0.2121652881568196
2026-05-11,Eje Cafetero,Tienda,Alimentos,4019979.91,3384000.0,240,21,21,0.09105238095238095,0.1582047483416404
2026-05-11,Eje Cafetero,Tienda,Bebidas,1551309.21,1197000.0,190,17,17,0.10225294117647059,0.22839367401164334
2026-05-11,Eje Cafetero,Tienda,Cuidado personal,3881781.23,2482000.0,170,11,11,0.06513636363636365,0.3606028127453231
2026-05-11,Eje Cafetero,Tienda,Hogar,2716264.68,1870600.0,94,10,10,0.09029000000000001,0.3113336804865423
2026-05-11,Valle,E-commerce,Alimentos,2465339.58,2136502.5,145,23,23,0.09448260869565217,0.1333840914524238
2026-05-11,Valle,E-commerce,Bebidas,654583.66,533263.5,81,16,16,0.14360625,0.18533942628509859
2026-05-11,Valle,E-commerce,Cuidado personal,6084678.82,4378759.0,287,38,38,0.15051842105263158,0.2803631663174623
2026-05-11,Valle,E-commerce,Hogar,3333120.2,2495460.0,120,19,19,0.14242105263157895,0.25131412902540995
2026-05-11,Valle,Marketplace,Alimentos,1729036.76,1569048.0,104,15,15,0.12056666666666667,0.09253057176181725
2026-05-11,Valle,Marketplace,Bebidas,524775.22,417942.0,62,7,7,0.10801428571428572,0.2035790104570867
2026-05-11,Valle,Marketplace,Cuidado personal,2040796.4,1484090.0,95,13,13,0.14633846153846153,0.27278879950983836
2026-05-11,Valle,Marketplace,Hogar,1306718.53,1064650.0,50,6,6,0.18528333333333333,0.1852491752757191
2026-05-11,Valle,Tienda,Alimentos,8171060.390000001,6852600.0,486,37,37,0.08223243243243243,0.16135731803103226
2026-05-11,Valle,Tienda,Bebidas,3950974.8,3030300.0,481,24,24,0.08857916666666667,0.23302472088660242
2026-05-11,Valle,Tienda,Cuidado personal,6611565.57,4380000.0,300,30,30,0.12741666666666665,0.3375245312737631
2026-05-11,Valle,Tienda,Hogar,8947072.81,6109300.0,307,38,38,0.08357368421052631,0.3171733225226766
2026-05-18,Antioquia,E-commerce,Alimentos,3958805.38,3521545.5,239,42,42,0.12219523809523809,0.11045248200607424
2026-05-18,Antioquia,E-commerce,Bebidas,920989.7,724185.0,110,22,22,0.10133636363636364,0.2136882746897169
2026-05-18,Antioquia,E-commerce,Cuidado personal,5115404.83,3585395.0,235,38,38,0.12496842105263158,0.2990984840587876
2026-05-18,Antioquia,E-commerce,Hogar,5519210.82,3971940.5,191,27,27,0.09862962962962962,0.28034267406368074
2026-05-18,Antioquia,Marketplace,Alimentos,1620058.79,1553961.0,103,18,18,0.18317777777777777,0.04079962431486825
2026-05-18,Antioquia,Marketplace,Bebidas,157768.31,134820.0,20,4,4,0.142575,0.14545576358141885
2026-05-18,Antioquia,Marketplace,Cuidado personal,2212019.9699999997,1609066.0,103,14,14,0.16075,0.27258070821123725
2026-05-18,Antioquia,Marketplace,Hogar,2329718.3000000003,1916370.0,90,15,15,0.18960666666666667,0.17742415467140393
2026-05-18,Antioquia,Tienda,Alimentos,6500307.37,5301600.0,376,42,42,0.07713809523809524,0.18440779824231607
2026-05-18,Antioquia,Tienda,Bebidas,3018246.36,2274300.0,361,36,36,0.08676944444444444,0.24648298093201373
2026-05-18,Antioquia,Tienda,Cuidado personal,11128043.040000001,7387600.0,506,32,32,0.1179,0.3361276575364504
2026-05-18,Antioquia,Tienda,Hogar,7852926.02,5432700.0,273,30,30,0.09541333333333334,0.30819417040681607
2026-05-18,Bogotá,E-commerce,Alimentos,8167017.890000001,7190436.0,488,70,70,0.10964428571428571,0.119576313307182
2026-05-18,Bogotá,E-commerce,Bebidas,1560306.02,1244281.5,189,35,35,0.1147,0.2025400888987149
2026-05-18,Bogotá,E-commerce,Cuidado personal,10539644.29,7399645.0,485,72,72,0.13379305555555557,0.2979227005772127
2026-05-18,Bogotá,E-commerce,Hogar,7253913.8,5469216.5,263,51,51,0.14144509803921568,0.2460323280930082
2026-05-18,Bogotá,Marketplace,Alimentos,1509933.82,1463439.0,97,20,20,0.17279,0.030792621096466376
2026-05-18,Bogotá,Marketplace,Bebidas,918965.4299999999,781956.0,116,11,11,0.1358,0.14909095111445045
2026-05-18,Bogotá,Marketplace,Cuidado personal,3581891.2,2827582.0,181,27,27,0.20705555555555558,0.21058964605066735
2026-05-18,Bogotá,Marketplace,Hogar,4033615.88,3343001.0,157,26,26,0.19333461538461538,0.17121483565757875
2026-05-18,Bogotá,Tienda,Alimentos,15791540.13,13254000.0,940,83,83,0.08809638554216868,0.16068984463265273
2026-05-18,Bogotá,Tienda,Bebidas,3809105.38,2809800.0,446,44,44,0.07053181818181818,0.2623464777968416
2026-05-18,Bogotá,Tienda,Cuidado personal,14327628.23,9329400.0,639,47,47,0.09187872340425532,0.34885245134532644
2026-05-18,Bogotá,Tienda,Hogar,15806270.71,10785800.0,542,55,55,0.07544545454545454,0.3176252515290497
2026-05-18,Caribe,E-commerce,Alimentos,2594937.51,2328051.0,158,15,15,0.11222,0.10284891600337605
2026-05-18,Caribe,E-commerce,Bebidas,847862.59,678100.5,103,16,16,0.13385,0.200223588117032
2026-05-18,Caribe,E-commerce,Cuidado personal,2932285.52,2090209.0,137,21,21,0.1480047619047619,0.28717412211618465
2026-05-18,Caribe,E-commerce,Hogar,4225738.44,3223302.5,155,25,25,0.151728,0.2372214831166882
2026-05-18,Caribe,Marketplace,Alimentos,640375.88,603480.0,40,7,7,0.12865714285714286,0.0576159739183181
2026-05-18,Caribe,Marketplace,Bebidas,152463.72,121338.0,18,3,3,0.09663333333333333,0.20415164997941807
2026-05-18,Caribe,Marketplace,Cuidado personal,1260026.6199999999,952942.0,61,7,7,0.20652857142857142,0.24371280346442198
2026-05-18,Caribe,Marketplace,Hogar,593481.91,532325.0,25,5,5,0.21960000000000002,0.10304763964920183
2026-05-18,Caribe,Tienda,Alimentos,4018317.77,3327600.0,236,29,29,0.09187931034482757,0.17189227172543897
2026-05-18,Caribe,Tienda,Bebidas,1659771.84,1241100.0,197,18,18,0.06743333333333333,0.25224662204173803
2026-05-18,Caribe,Tienda,Cuidado personal,6914297.83,4453000.0,305,22,22,0.07864545454545455,0.35597220289250975
2026-05-18,Caribe,Tienda,Hogar,5698079.46,3980000.0,200,15,15,0.08735333333333334,0.30151904199665197
2026-05-18,Eje Cafetero,E-commerce,Alimentos,1249255.47,1075618.5,73,12,12,0.09510833333333334,0.13899236318733107
2026-05-18,Eje Cafetero,E-commerce,Bebidas,654888.85,526680.0,80,11,11,0.13714545454545454,0.19577192373942537
2026-05-18,Eje Cafetero,E-commerce,Cuidado personal,2602842.0700000003,1830840.0,120,18,18,0.13735,0.2965996588490673
2026-05-18,Eje Cafetero,E-commerce,Hogar,1103234.93,811024.5,39,8,8,0.1489,0.26486691279798397
2026-05-18,Eje Cafetero,Marketplace,Alimentos,808011.73,784524.0,52,10,10,0.19562,0.029068550774627964
2026-05-18,Eje Cafetero,Marketplace,Bebidas,62221.979999999996,60669.0,9,2,2,0.20975000000000002,0.024958704303527403
2026-05-18,Eje Cafetero,Marketplace,Cuidado personal,1653367.52,1390358.0,89,13,13,0.2565,0.1590750494481711
2026-05-18,Eje Cafetero,Marketplace,Hogar,1398089.77,1171115.0,55,7,7,0.19564285714285715,0.1623463491904386
2026-05-18,Eje Cafetero,Tienda,Alimentos,5163648.99,4441500.0,315,21,21,0.10880000000000001,0.13985245538543087
2026-05-18,Eje Cafetero,Tienda,Bebidas,738293.55,548100.0,87,10,10,0.08234,0.2576123684136209
2026-05-18,Eje Cafetero,Tienda,Cuidado personal,3720149.9299999997,2452800.0,168,16,16,0.11493125,0.340671734700757
2026-05-18,Eje Cafetero,Tienda,Hogar,4279534.84,2945200.0,148,17,17,0.08871176470588235,0.3117943631462526
2026-05-18,Valle,E-commerce,Alimentos,2425353.38,2180706.0,148,26,26,0.12513846153846153,0.100870818255771
2026-05-18,Valle,E-commerce,Bebidas,933794.39,776853.0,118,21,21,0.15426190476190477,0.16806846526460714
2026-05-18,Valle,E-commerce,Cuidado personal,5826306.17,4165161.0,273,40,40,0.14343,0.2851112045146779
2026-05-18,Valle,E-commerce,Hogar,10377908.530000001,7839903.5,377,26,26,0.13965,0.24455843127382054
2026-05-18,Valle,Marketplace,Alimentos,1057843.98,950481.0,63,12,12,0.10557500000000002,0.10149226353776668
2026-05-18,Valle,Marketplace,Bebidas,350761.99,289863.0,43,9,9,0.13456666666666667,0.17361912560708187
2026-05-18,Valle,Marketplace,Cuidado personal,1226037.07,890454.0,57,10,10,0.15199000000000001,0.27371364064872855
2026-05-18,Valle,Marketplace,Hogar,1629456.79,1341459.0,63,12,12,0.19951666666666668,0.1767446622502951
2026-05-18,Valle,Tienda,Alimentos,10502903.23,8812500.0,625,44,44,0.07270681818181818,0.1609462824689855
2026-05-18,Valle,Tienda,Bebidas,2228950.34,1656900.0,263,24,24,0.06646666666666666,0.2566456191213304
2026-05-18,Valle,Tienda,Cuidado personal,4333584.78,2832400.0,194,22,22,0.11429090909090908,0.3464071562481351
2026-05-18,Valle,Tienda,Hogar,6531390.4799999995,4378000.0,220,25,25,0.06566,0.32969862797117583
2026-05-25,Antioquia,E-commerce,Alimentos,4124433.58,3580483.5,243,29,29,0.09450344827586207,0.13188479568144726
2026-05-25,Antioquia,E-commerce,Bebidas,1142796.41,908523.0,138,22,22,0.09964090909090909,0.20500012771303677
2026-05-25,Antioquia,E-commerce,Cuidado personal,4819503.3,3402311.0,223,41,41,0.13527073170731707,0.2940536009177543
2026-05-25,Antioquia,E-commerce,Hogar,5854633.0,4408646.0,212,34,34,0.1361764705882353,0.2469816639232553
2026-05-25,Antioquia,Marketplace,Alimentos,1234789.57,1146612.0,76,13,13,0.15082307692307692,0.07141100973180399
2026-05-25,Antioquia,Marketplace,Bebidas,528235.4,458388.0,68,11,11,0.16603636363636365,0.1322277908674807
2026-05-25,Antioquia,Marketplace,Cuidado personal,1202602.31,906076.0,58,13,13,0.1602769230769231,0.24657054749878207
2026-05-25,Antioquia,Marketplace,Hogar,803594.1699999999,681376.0,32,6,6,0.22306666666666666,0.15208941846852864
2026-05-25,Antioquia,Tienda,Alimentos,7384046.96,6232200.0,442,37,37,0.09588918918918919,0.15599128313235971
2026-05-25,Antioquia,Tienda,Bebidas,2553755.62,1902600.0,302,32,32,0.08592187500000001,0.2549796131236708
2026-05-25,Antioquia,Tienda,Cuidado personal,7142027.41,4701200.0,322,36,36,0.11455,0.3417555366116972
2026-05-25,Antioquia,Tienda,Hogar,10151054.129999999,6945100.0,349,36,36,0.08835833333333333,0.3158247497198598
2026-05-25,Bogotá,E-commerce,Alimentos,7627782.12,6674728.5,453,60,60,0.112905,0.124945050213364
2026-05-25,Bogotá,E-commerce,Bebidas,1363073.77,1119195.0,170,32,32,0.14116875,0.1789182473961039
2026-05-25,Bogotá,E-commerce,Cuidado personal,10123860.41,7063991.0,463,95,95,0.1277726315789474,0.30224334256698826
2026-05-25,Bogotá,E-commerce,Hogar,8547161.35,6446605.0,310,49,49,0.14892448979591835,0.24576069925250676
2026-05-25,Bogotá,Marketplace,Alimentos,2066446.91,1900962.0,126,23,23,0.1282173913043478,0.08008185896244482
2026-05-25,Bogotá,Marketplace,Bebidas,518312.19,458388.0,68,13,13,0.18455384615384615,0.11561408578872127
2026-05-25,Bogotá,Marketplace,Cuidado personal,3785442.31,2874448.0,184,36,36,0.17425,0.24065729587092824
2026-05-25,Bogotá,Marketplace,Hogar,4829886.12,3917912.0,184,28,28,0.18121428571428572,0.18881896950398494
2026-05-25,Bogotá,Tienda,Alimentos,12489213.59,10448100.0,741,65,65,0.09007384615384616,0.16343011313653094
2026-05-25,Bogotá,Tienda,Bebidas,3413008.34,2551500.0,405,39,39,0.08663846153846154,0.2524190550322534
2026-05-25,Bogotá,Tienda,Cuidado personal,11737569.45,7519000.0,515,62,62,0.08719677419354839,0.35940741121663816
2026-05-25,Bogotá,Tienda,Hogar,16895549.2,11840500.0,595,58,58,0.10818793103448275,0.29919413332832057
2026-05-25,Caribe,E-commerce,Alimentos,2866345.61,2490130.5,169,23,23,0.10633478260869565,0.131252528895146
2026-05-25,Caribe,E-commerce,Bebidas,1077427.81,888772.5,135,10,10,0.13402,0.17509786572150948
2026-05-25,Caribe,E-commerce,Cuidado personal,3585669.8,2563176.0,168,31,31,0.15389354838709676,0.2851611712824198
2026-05-25,Caribe,E-commerce,Hogar,2629495.7800000003,2017163.5,97,13,13,0.14998461538461538,0.2328706076113194
2026-05-25,Caribe,Marketplace,Alimentos,617341.66,573306.0,38,7,7,0.14327142857142855,0.07133110051247801
2026-05-25,Caribe,Marketplace,Bebidas,291343.05,249417.0,37,5,5,0.13332,0.14390612715834475
2026-05-25,Caribe,Marketplace,Cuidado personal,1340485.99,1077918.0,69,14,14,0.2253285714285714,0.19587522134416338
2026-05-25,Caribe,Marketplace,Hogar,1948367.24,1490510.0,70,11,11,0.13130909090909093,0.23499534923405918
2026-05-25,Caribe,Tienda,Alimentos,8798322.5,7444800.0,528,31,31,0.08114193548387097,0.15383870050228324
2026-05-25,Caribe,Tienda,Bebidas,1077995.68,819000.0,130,14,14,0.11699999999999999,0.24025669564835359
2026-05-25,Caribe,Tienda,Cuidado personal,4159906.1100000003,2686400.0,184,25,25,0.100776,0.35421619407655336
2026-05-25,Caribe,Tienda,Hogar,7932382.35,5472500.0,275,23,23,0.0780304347826087,0.31010637680620623
2026-05-25,Eje Cafetero,E-commerce,Alimentos,611584.96,545176.5,37,8,8,0.1166125,0.10858419409136544
2026-05-25,Eje Cafetero,E-commerce,Bebidas,454898.49,368676.0,56,10,10,0.12103000000000001,0.1895422646929428
2026-05-25,Eje Cafetero,E-commerce,Cuidado personal,1223251.91,839135.0,55,12,12,0.11391666666666667,0.314012924778511
2026-05-25,Eje Cafetero,E-commerce,Hogar,2107360.84,1538867.0,74,13,13,0.10987692307692307,0.26976577964692555
2026-05-25,Eje Cafetero,Marketplace,Alimentos,577670.03,543132.0,36,8,8,0.13040000000000002,0.05978850936753639
2026-05-25,Eje Cafetero,Marketplace,Bebidas,226675.41999999998,195489.0,29,5,5,0.18796,0.13758183397211743
2026-05-25,Eje Cafetero,Marketplace,Cuidado personal,248295.91,203086.0,13,4,4,0.22907500000000003,0.18208076806420212
2026-05-25,Eje Cafetero,Marketplace,Hogar,718053.66,553618.0,26,4,4,0.155,0.22900191052573984
2026-05-25,Eje Cafetero,Tienda,Alimentos,6601155.87,5470800.0,388,27,27,0.07365185185185186,0.171236052027961
2026-05-25,Eje Cafetero,Tienda,Bebidas,1542672.8699999999,1159200.0,184,19,19,0.08859473684210527,0.24857691961614642
2026-05-25,Eje Cafetero,Tienda,Cuidado personal,4241555.21,2817800.0,193,18,18,0.12067777777777779,0.33566820175847717
2026-05-25,Eje Cafetero,Tienda,Hogar,4830611.43,3343200.0,168,21,21,0.1005047619047619,0.30791369820445275
2026-05-25,Valle,E-commerce,Alimentos,4049778.74,3551014.5,241,37,37,0.11536216216216215,0.12315839259899918
2026-05-25,Valle,E-commerce,Bebidas,475940.53,375259.5,57,12,12,0.12313333333333333,0.2115411982249127
2026-05-25,Valle,E-commerce,Cuidado personal,3129017.56,2151237.0,141,21,21,0.10956666666666666,0.312488038577834
2026-05-25,Valle,E-commerce,Hogar,4870023.54,3701599.0,178,23,23,0.14793478260869564,0.23992174378688938
2026-05-25,Valle,Marketplace,Alimentos,589605.81,528045.0,35,6,6,0.09561666666666667,0.10441011427618065
2026-05-25,Valle,Marketplace,Bebidas,689241.07,566244.0,84,11,11,0.11115454545454545,0.1784529032780939
2026-05-25,Valle,Marketplace,Cuidado personal,1080345.78,874832.0,56,11,11,0.21525454545454545,0.19022963184990643
2026-05-25,Valle,Marketplace,Hogar,2418112.63,2022835.0,95,13,13,0.21683076923076922,0.16346535107423837
2026-05-25,Valle,Tienda,Alimentos,7632332.67,6457800.0,458,31,31,0.07671935483870967,0.15388908224829775
2026-05-25,Valle,Tienda,Bebidas,2121537.3,1575000.0,250,21,21,0.0739047619047619,0.25761380674287454
2026-05-25,Valle,Tienda,Cuidado personal,4154377.09,2715600.0,186,26,26,0.12096538461538463,0.34632799546850956
2026-05-25,Valle,Tienda,Hogar,9093032.55,6268500.0,315,35,35,0.10343714285714285,0.31062602431792685
2026-06-01,Antioquia,E-commerce,Alimentos,3805658.4,3329997.0,226,39,39,0.10685128205128205,0.12498793901207736
2026-06-01,Antioquia,E-commerce,Bebidas,924857.89,783436.5,119,22,22,0.15320454545454545,0.15291148135201615
2026-06-01,Antioquia,E-commerce,Cuidado personal,3802274.66,2685232.0,176,36,36,0.13500555555555555,0.2937827379361385
2026-06-01,Antioquia,E-commerce,Hogar,4929101.29,3743190.0,180,29,29,0.13028965517241378,0.24059381624109413
2026-06-01,Antioquia,Marketplace,Alimentos,1140010.39,1116438.0,74,13,13,0.1903846153846154,0.02067734663365647
2026-06-01,Antioquia,Marketplace,Bebidas,309751.06,262899.0,39,9,9,0.15052222222222222,0.1512571417834696
2026-06-01,Antioquia,Marketplace,Cuidado personal,2310492.09,1702798.0,109,17,17,0.15843529411764706,0.26301500560428226
2026-06-01,Antioquia,Marketplace,Hogar,1427218.15,1107236.0,52,10,10,0.14561000000000002,0.22419988843331337
2026-06-01,Antioquia,Tienda,Alimentos,5342844.5200000005,4371000.0,310,35,35,0.07473428571428571,0.18189646289763273
2026-06-01,Antioquia,Tienda,Bebidas,2384538.98,1789200.0,284,23,23,0.07557826086956522,0.24966628140421507
2026-06-01,Antioquia,Tienda,Cuidado personal,4724653.28,3080600.0,211,24,24,0.093725,0.34797331837226375
2026-06-01,Antioquia,Tienda,Hogar,8670285.4,6149100.0,309,30,30,0.10920333333333333,0.2907845917044438
2026-06-01,Bogotá,E-commerce,Alimentos,5859367.34,5053933.5,343,55,55,0.10431090909090909,0.13746088839686912
2026-06-01,Bogotá,E-commerce,Bebidas,2452932.5,1968466.5,299,50,50,0.12720599999999999,0.19750482330842778
2026-06-01,Bogotá,E-commerce,Cuidado personal,9170823.87,6499482.0,426,79,79,0.1389898734177215,0.2912870106183818
2026-06-01,Bogotá,E-commerce,Hogar,8170131.78,6072286.0,292,52,52,0.12403653846153845,0.2567701276416866
2026-06-01,Bogotá,Marketplace,Alimentos,1439956.03,1388004.0,92,15,15,0.16918666666666665,0.03607890027030897
2026-06-01,Bogotá,Marketplace,Bebidas,543714.74,465129.0,69,13,13,0.15673846153846152,0.14453487135551998
2026-06-01,Bogotá,Marketplace,Cuidado personal,3222859.25,2468276.0,158,32,32,0.177534375,0.23413472059010954
2026-06-01,Bogotá,Marketplace,Hogar,2965465.38,2576453.0,121,19,19,0.20446315789473682,0.13118088736547648
2026-06-01,Bogotá,Tienda,Alimentos,12035991.11,9898200.0,702,77,77,0.07715454545454546,0.17761654112753822
2026-06-01,Bogotá,Tienda,Bebidas,3816242.42,2860200.0,454,50,50,0.091682,0.25051931056308524
2026-06-01,Bogotá,Tienda,Cuidado personal,8832110.89,5752400.0,394,47,47,0.1070468085106383,0.3486947716527142
2026-06-01,Bogotá,Tienda,Hogar,14077137.87,9651500.0,485,56,56,0.09728035714285714,0.3143847784166086
2026-06-01,Caribe,E-commerce,Alimentos,2083209.01,1812343.5,123,18,18,0.09883888888888889,0.130023203960701
2026-06-01,Caribe,E-commerce,Bebidas,783611.6799999999,605682.0,92,13,13,0.0965,0.22706358843451638
2026-06-01,Caribe,E-commerce,Cuidado personal,3303850.7,2319064.0,152,27,27,0.1287777777777778,0.2980723977630103
2026-06-01,Caribe,E-commerce,Hogar,5170981.94,3805576.5,183,26,26,0.12665384615384617,0.2640514811003189
2026-06-01,Caribe,Marketplace,Alimentos,517881.80999999994,467697.0,31,4,4,0.11615,0.09690398278325309
2026-06-01,Caribe,Marketplace,Bebidas,233502.85,188748.0,28,4,4,0.10070000000000001,0.1916672537401578
2026-06-01,Caribe,Marketplace,Cuidado personal,262530.57999999996,218708.0,14,5,5,0.23445999999999997,0.1669237160867125
2026-06-01,Caribe,Marketplace,Hogar,4734788.600000001,3854033.0,181,9,9,0.18736666666666668,0.1860179354153215
2026-06-01,Caribe,Tienda,Alimentos,4372210.33,3637800.0,258,22,22,0.09455454545454546,0.16797232396639986
2026-06-01,Caribe,Tienda,Bebidas,1663983.79,1228500.0,195,25,25,0.08201599999999999,0.26171155789925094
2026-06-01,Caribe,Tienda,Cuidado personal,2814116.24,1781200.0,122,19,19,0.08000526315789473,0.3670481785073669
2026-06-01,Caribe,Tienda,Hogar,4697603.08,3263600.0,164,18,18,0.10698333333333333,0.3052627170876259
2026-06-01,Eje Cafetero,E-commerce,Alimentos,1388400.41,1222963.5,83,17,17,0.1058470588235294,0.11915648310705981
2026-06-01,Eje Cafetero,E-commerce,Bebidas,194607.9,164587.5,25,7,7,0.15155714285714286,0.1542609524073791
2026-06-01,Eje Cafetero,E-commerce,Cuidado personal,1144342.03,808621.0,53,9,9,0.14003333333333334,0.293374726435592
2026-06-01,Eje Cafetero,E-commerce,Hogar,1703740.35,1414094.0,68,14,14,0.20709285714285716,0.17000615733494842
2026-06-01,Eje Cafetero,Marketplace,Alimentos,1127885.23,1101351.0,73,7,7,0.16105714285714284,0.023525647197277316
2026-06-01,Eje Cafetero,Marketplace,Bebidas,58956.03,53928.0,8,2,2,0.19895000000000002,0.08528440602259003
2026-06-01,Eje Cafetero,Marketplace,Cuidado personal,785895.61,624880.0,40,10,10,0.20365000000000003,0.20488167633357818
2026-06-01,Eje Cafetero,Marketplace,Hogar,267071.77,255516.0,12,3,3,0.2934333333333333,0.04326840684060325
2026-06-01,Eje Cafetero,Tienda,Alimentos,4405076.52,3609600.0,256,27,27,0.07388888888888888,0.18058177114253615
2026-06-01,Eje Cafetero,Tienda,Bebidas,1006393.44,762300.0,121,11,11,0.10478181818181818,0.24254275743291803
2026-06-01,Eje Cafetero,Tienda,Cuidado personal,3224562.3,2073200.0,142,20,20,0.09281500000000001,0.35706002641040613
2026-06-01,Eje Cafetero,Tienda,Hogar,3359336.08,2368100.0,119,13,13,0.09873846153846154,0.2950690423329124
2026-06-01,Valle,E-commerce,Alimentos,2222330.92,2018626.5,137,24,24,0.13529583333333334,0.09166250542020984
2026-06-01,Valle,E-commerce,Bebidas,1034146.08,796603.5,121,17,17,0.10421176470588235,0.22969925099943325
2026-06-01,Valle,E-commerce,Cuidado personal,2944791.14,2120723.0,139,33,33,0.15766060606060606,0.27983924863343623
2026-06-01,Valle,E-commerce,Hogar,4235298.01,3160916.0,152,22,22,0.14093636363636364,0.25367329700608243
2026-06-01,Valle,Marketplace,Alimentos,1216179.03,1176786.0,78,13,13,0.17563846153846155,0.03239081502663307
2026-06-01,Valle,Marketplace,Bebidas,658671.45,559503.0,83,6,6,0.13225,0.15055829427554504
2026-06-01,Valle,Marketplace,Cuidado personal,1543984.74,1124784.0,72,14,14,0.14688571428571429,0.2715057533534949
2026-06-01,Valle,Marketplace,Hogar,1744141.8599999999,1426631.0,67,10,10,0.19016,0.1820441715675581
2026-06-01,Valle,Tienda,Alimentos,7049339.13,5907900.0,419,35,35,0.07599714285714286,0.16192143815898383
2026-06-01,Valle,Tienda,Bebidas,3795013.97,2879100.0,457,30,30,0.07293666666666666,0.2413466662416529
2026-06-01,Valle,Tienda,Cuidado personal,7401808.06,4774200.0,327,39,39,0.10065384615384615,0.3549954333725319
2026-06-01,Valle,Tienda,Hogar,12430065.0,8636600.0,434,35,35,0.08284,0.30518464706339027
2026-06-08,Antioquia,E-commerce,Alimentos,3313575.09,2961634.5,201,35,35,0.11699999999999999,0.10621174424630282
2026-06-08,Antioquia,E-commerce,Bebidas,848006.79,678100.5,103,18,18,0.12793333333333334,0.20035958674340335
2026-06-08,Antioquia,E-commerce,Cuidado personal,5068909.26,3539624.0,232,33,33,0.11777878787878787,0.30169907993184314
2026-06-08,Antioquia,E-commerce,Hogar,5196304.05,4055122.5,195,35,35,0.16283142857142857,0.21961408320592785
2026-06-08,Antioquia,Marketplace,Alimentos,719090.02,709089.0,47,9,9,0.18794444444444444,0.013907883188255093
2026-06-08,Antioquia,Marketplace,Bebidas,517374.9,444906.0,66,9,9,0.18443333333333334,0.1400703822315308
2026-06-08,Antioquia,Marketplace,Cuidado personal,1443564.59,1124784.0,72,15,15,0.18281333333333333,0.2208287680428626
2026-06-08,Antioquia,Marketplace,Hogar,1477791.35,1171115.0,55,9,9,0.15913333333333332,0.20752344368506426
2026-06-08,Antioquia,Tienda,Alimentos,10715978.05,9108600.0,646,40,40,0.0913675,0.14999825890834115
2026-06-08,Antioquia,Tienda,Bebidas,1943730.9,1442700.0,229,32,32,0.08638124999999999,0.2577676261667703
2026-06-08,Antioquia,Tienda,Cuidado personal,3961586.2399999998,2540400.0,174,27,27,0.09140370370370371,0.3587417145309955
2026-06-08,Antioquia,Tienda,Hogar,7492998.79,5174000.0,260,28,28,0.08955,0.30948874475929283
2026-06-08,Bogotá,E-commerce,Alimentos,5368363.03,4685571.0,318,54,54,0.10734814814814815,0.12718812535299057
2026-06-08,Bogotá,E-commerce,Bebidas,1624976.43,1296949.5,197,33,33,0.11023333333333334,0.20186565413751875
2026-06-08,Bogotá,E-commerce,Cuidado personal,10042929.84,7170790.0,470,86,86,0.1410232558139535,0.2859862496062205
2026-06-08,Bogotá,E-commerce,Hogar,7701875.97,5614785.0,270,50,50,0.115908,0.27098475464023863
2026-06-08,Bogotá,Marketplace,Alimentos,1614650.51,1538874.0,102,19,19,0.15871578947368423,0.046930595525591486
2026-06-08,Bogotá,Marketplace,Bebidas,1166688.23,984186.0,146,22,22,0.13968181818181818,0.15642759162831357
2026-06-08,Bogotá,Marketplace,Cuidado personal,2630816.62,2030860.0,130,25,25,0.185244,0.22804957800517472
2026-06-08,Bogotá,Marketplace,Hogar,3282113.33,2640332.0,124,22,22,0.16499090909090908,0.19553905227276233
2026-06-08,Bogotá,Tienda,Alimentos,14623700.86,12224700.0,867,70,70,0.08307428571428571,0.16404881930824722
2026-06-08,Bogotá,Tienda,Bebidas,4304022.89,3244500.0,515,42,42,0.07738333333333333,0.24617036597591138
2026-06-08,Bogotá,Tienda,Cuidado personal,8026985.2,5183000.0,355,38,38,0.10120263157894736,0.3543030327251631
2026-06-08,Bogotá,Tienda,Hogar,19508387.71,13591700.0,683,72,72,0.10715555555555556,0.3032894259614856
2026-06-08,Caribe,E-commerce,Alimentos,1398520.78,1311370.5,89,18,18,0.16261666666666666,0.06231604224000163
2026-06-08,Caribe,E-commerce,Bebidas,451825.82,381843.0,58,10,10,0.13583,0.15488893485547153
2026-06-08,Caribe,E-commerce,Cuidado personal,2414608.81,1708784.0,112,22,22,0.13336363636363638,0.2923143521537967
2026-06-08,Caribe,E-commerce,Hogar,3429854.49,2557846.5,123,20,20,0.13315,0.2542405202735
2026-06-08,Caribe,Marketplace,Alimentos,1610375.51,1463439.0,97,13,13,0.12666923076923078,0.09124363174151848
2026-06-08,Caribe,Marketplace,Bebidas,206409.51,188748.0,28,4,4,0.22352500000000003,0.08556538892030706
2026-06-08,Caribe,Marketplace,Cuidado personal,1092457.3599999999,859210.0,55,10,10,0.18796,0.21350706081562754
2026-06-08,Caribe,Marketplace,Hogar,1463937.09,1171115.0,55,8,8,0.1940125,0.2000236840778452
2026-06-08,Caribe,Tienda,Alimentos,6387483.23,5315700.0,377,35,35,0.08757428571428572,0.16779429258869466
2026-06-08,Caribe,Tienda,Bebidas,2523653.79,1946700.0,309,23,23,0.08934782608695653,0.22861843898167983
2026-06-08,Caribe,Tienda,Cuidado personal,4439948.640000001,3007600.0,206,25,25,0.148208,0.32260477679759836
2026-06-08,Caribe,Tienda,Hogar,6559737.97,4477500.0,225,26,26,0.08150384615384615,0.31742700387161954
2026-06-08,Eje Cafetero,E-commerce,Alimentos,1546385.33,1370308.5,93,17,17,0.12105882352941176,0.11386348963876944
2026-06-08,Eje Cafetero,E-commerce,Bebidas,911440.56,737352.0,112,18,18,0.12489444444444445,0.19100374466547773
2026-06-08,Eje Cafetero,E-commerce,Cuidado personal,928865.86,656051.0,43,10,10,0.14012,0.2937074896907073
2026-06-08,Eje Cafetero,E-commerce,Hogar,1630156.39,1206139.0,58,8,8,0.11445,0.2601084120524166
2026-06-08,Eje Cafetero,Marketplace,Alimentos,498785.36,467697.0,31,6,6,0.13706666666666667,0.0623281324856848
2026-06-08,Eje Cafetero,Marketplace,Bebidas,49014.93,53928.0,8,2,2,0.3151,-0.10023619333945799
2026-06-08,Eje Cafetero,Marketplace,Cuidado personal,826252.91,656124.0,42,11,11,0.19812727272727274,0.20590415832847114
2026-06-08,Eje Cafetero,Marketplace,Hogar,1121943.0899999999,894306.0,42,6,6,0.17925,0.20289539819706887
2026-06-08,Eje Cafetero,Tienda,Alimentos,3836990.05,3144300.0,223,21,21,0.07653333333333333,0.1805295403359203
2026-06-08,Eje Cafetero,Tienda,Bebidas,634262.8,466200.0,74,10,10,0.07816,0.2649734463380164
2026-06-08,Eje Cafetero,Tienda,Cuidado personal,5273094.73,3445600.0,236,26,26,0.1225,0.34656967560300217
2026-06-08,Eje Cafetero,Tienda,Hogar,1661186.76,1213900.0,61,8,8,0.1678,0.26925735911836907
2026-06-08,Valle,E-commerce,Alimentos,2562419.05,2283847.5,155,20,20,0.10832,0.10871428309120627
2026-06-08,Valle,E-commerce,Bebidas,1123805.84,941440.5,143,18,18,0.16703333333333334,0.16227477515155114
2026-06-08,Valle,E-commerce,Cuidado personal,3612170.15,2517405.0,165,31,31,0.13654516129032257,0.3030768497990052
2026-06-08,Valle,E-commerce,Hogar,2285186.74,1830004.0,88,16,16,0.17811875,0.1991884216867109
2026-06-08,Valle,Marketplace,Alimentos,596891.63,573306.0,38,5,5,0.16406,0.03951409069013081
2026-06-08,Valle,Marketplace,Bebidas,181551.52000000002,155043.0,23,3,3,0.1686,0.14601100558122573
2026-06-08,Valle,Marketplace,Cuidado personal,1157589.24,874832.0,56,11,11,0.1701909090909091,0.24426388068361796
2026-06-08,Valle,Marketplace,Hogar,2380487.59,1831198.0,86,13,13,0.15406923076923076,0.2307466723655551
2026-06-08,Valle,Tienda,Alimentos,8318955.58,7064100.0,501,32,32,0.09256875,0.15084292348150752
2026-06-08,Valle,Tienda,Bebidas,2579536.11,1965600.0,312,23,23,0.08543478260869565,0.2380025259658024
2026-06-08,Valle,Tienda,Cuidado personal,5263621.71,3372600.0,231,22,22,0.07475909090909091,0.3592624649312042
2026-06-08,Valle,Tienda,Hogar,9082491.85,6208800.0,312,33,33,0.07664545454545454,0.3163990562788118
2026-06-15,Antioquia,E-commerce,Alimentos,1888325.73,1709202.0,116,23,23,0.1303391304347826,0.09485849138961845
2026-06-15,Antioquia,E-commerce,Bebidas,1213468.4,967774.5,147,27,27,0.11773703703703704,0.20247243356316483
2026-06-15,Antioquia,E-commerce,Cuidado personal,5429028.34,3753222.0,246,40,40,0.128035,0.30867518735405974
2026-06-15,Antioquia,E-commerce,Hogar,5232153.34,3951145.0,190,31,31,0.13813870967741937,0.24483386796152268
2026-06-15,Antioquia,Marketplace,Alimentos,1465640.97,1372917.0,91,15,15,0.15144000000000002,0.06326513238777705
2026-06-15,Antioquia,Marketplace,Bebidas,480668.31,390978.0,58,11,11,0.10594545454545455,0.18659501392966804
2026-06-15,Antioquia,Marketplace,Cuidado personal,1638869.62,1218516.0,78,16,16,0.16508125,0.2564899702027548
2026-06-15,Antioquia,Marketplace,Hogar,1559803.32,1298873.0,61,10,10,0.19263,0.16728411630768938
2026-06-15,Antioquia,Tienda,Alimentos,6389072.45,5259300.0,373,39,39,0.07923076923076923,0.17682886817162327
2026-06-15,Antioquia,Tienda,Bebidas,2836259.17,2148300.0,341,29,29,0.09286206896551724,0.24255864107087222
2026-06-15,Antioquia,Tienda,Cuidado personal,8592881.87,5635600.0,386,29,29,0.10782068965517241,0.3441548382417131
2026-06-15,Antioquia,Tienda,Hogar,11109216.21,7701300.0,387,42,42,0.09571190476190476,0.30676477490215315
2026-06-15,Bogotá,E-commerce,Alimentos,6124236.68,5333889.0,362,61,61,0.10675081967213115,0.1290524389073741
2026-06-15,Bogotá,E-commerce,Bebidas,1468742.09,1178446.5,179,34,34,0.10891470588235294,0.1976491257222703
2026-06-15,Bogotá,E-commerce,Cuidado personal,9843764.95,6850393.0,449,85,85,0.12578705882352942,0.3040881172198245
2026-06-15,Bogotá,E-commerce,Hogar,10898461.81,8089449.5,389,65,65,0.12355692307692308,0.2577439237730375
2026-06-15,Bogotá,Marketplace,Alimentos,3076347.79,2926878.0,194,30,30,0.1492,0.04858676593259959
2026-06-15,Bogotá,Marketplace,Bebidas,663392.34,566244.0,84,14,14,0.1542714285714286,0.14644175722619887
2026-06-15,Bogotá,Marketplace,Cuidado personal,1989307.14,1452846.0,93,16,16,0.153175,0.2696723543655506
2026-06-15,Bogotá,Marketplace,Hogar,2292472.67,1746026.0,82,13,13,0.14075384615384617,0.23836562029766747
2026-06-15,Bogotá,Tienda,Alimentos,11856917.31,9926400.0,704,63,63,0.08674444444444444,0.16281781001979515
2026-06-15,Bogotá,Tienda,Bebidas,5273224.19,4000500.0,635,44,44,0.08554545454545454,0.24135597959471553
2026-06-15,Bogotá,Tienda,Cuidado personal,11299573.63,7300000.0,500,48,48,0.0940875,0.35395792451683866
2026-06-15,Bogotá,Tienda,Hogar,21173500.88,15183700.0,763,69,69,0.12565652173913042,0.2828913798406303
2026-06-15,Caribe,E-commerce,Alimentos,1581071.67,1399777.5,95,13,13,0.12270769230769231,0.11466537124151996
2026-06-15,Caribe,E-commerce,Bebidas,304153.20999999996,250173.0,38,7,7,0.12277142857142856,0.17747703534018255
2026-06-15,Caribe,E-commerce,Cuidado personal,3534122.57,2425863.0,159,24,24,0.11640416666666666,0.3135883229992218
2026-06-15,Caribe,E-commerce,Hogar,2187176.4,1684435.5,81,10,10,0.1709,0.22985841471222895
2026-06-15,Caribe,Marketplace,Alimentos,420601.85,377175.0,25,4,4,0.10497500000000001,0.10324930810456487
2026-06-15,Caribe,Marketplace,Bebidas,92486.15,74151.0,11,2,2,0.14955000000000002,0.19824752138563445
2026-06-15,Caribe,Marketplace,Cuidado personal,975091.4400000001,718612.0,46,6,6,0.16780000000000003,0.26303116762054646
2026-06-15,Caribe,Marketplace,Hogar,806541.01,660083.0,31,5,5,0.20140000000000002,0.1815878029562316
2026-06-15,Caribe,Tienda,Alimentos,6146934.36,5273400.0,374,27,27,0.11324814814814815,0.14210894550694378
2026-06-15,Caribe,Tienda,Bebidas,1322362.88,989100.0,157,14,14,0.07160714285714286,0.2520207463778777
2026-06-15,Caribe,Tienda,Cuidado personal,6851060.59,4453000.0,305,31,31,0.10854193548387096,0.35002764294630184
2026-06-15,Caribe,Tienda,Hogar,7081426.32,4875500.0,245,27,27,0.08766296296296296,0.3115087583090182
2026-06-15,Eje Cafetero,E-commerce,Alimentos,2949786.6,2666944.5,181,18,18,0.13849999999999998,0.09588561423392461
2026-06-15,Eje Cafetero,E-commerce,Bebidas,637144.81,520096.5,79,14,14,0.13934285714285713,0.18370754679772097
2026-06-15,Eje Cafetero,E-commerce,Cuidado personal,1378054.01,1006962.0,66,15,15,0.16034666666666667,0.26928698534827383
2026-06-15,Eje Cafetero,E-commerce,Hogar,1499993.55,1122957.0,54,8,8,0.130625,0.25135878084275765
2026-06-15,Eje Cafetero,Marketplace,Alimentos,492203.26,452610.0,30,4,4,0.13019999999999998,0.08044087314659397
2026-06-15,Eje Cafetero,Marketplace,Bebidas,241263.3,202230.0,30,3,3,0.1454,0.16178714292642102
2026-06-15,Eje Cafetero,Marketplace,Cuidado personal,793491.76,609258.0,39,8,8,0.1796875,0.23218106259855806
2026-06-15,Eje Cafetero,Marketplace,Hogar,128448.97,127758.0,6,1,1,0.3204,0.005379334688320203
2026-06-15,Eje Cafetero,Tienda,Alimentos,4625003.28,3877500.0,275,24,24,0.08494583333333333,0.1616222161900824
2026-06-15,Eje Cafetero,Tienda,Bebidas,860757.36,617400.0,98,14,14,0.04592142857142857,0.2827246925893262
2026-06-15,Eje Cafetero,Tienda,Cuidado personal,2567778.74,1664400.0,114,11,11,0.10905454545454546,0.35181331083066764
2026-06-15,Eje Cafetero,Tienda,Hogar,3650905.17,2567100.0,129,12,12,0.09820833333333334,0.29685930462006493
2026-06-15,Valle,E-commerce,Alimentos,2108873.35,1900750.5,129,21,21,0.1456952380952381,0.09868911758024733
2026-06-15,Valle,E-commerce,Bebidas,1098864.03,901939.5,137,23,23,0.13293478260869565,0.17920736744836394
2026-06-15,Valle,E-commerce,Cuidado personal,2776701.06,1983410.0,130,28,28,0.13382857142857144,0.28569552244129587
2026-06-15,Valle,E-commerce,Hogar,5461737.92,4096713.5,197,28,28,0.13131428571428572,0.24992492133346447
2026-06-15,Valle,Marketplace,Alimentos,1129499.02,1010829.0,67,9,9,0.1262111111111111,0.1050642965586637
2026-06-15,Valle,Marketplace,Bebidas,489428.06,417942.0,62,9,9,0.14566666666666667,0.14606040364747375
2026-06-15,Valle,Marketplace,Cuidado personal,693172.29,546770.0,35,9,9,0.1991888888888889,0.21120620675705318
2026-06-15,Valle,Marketplace,Hogar,1807200.86,1405338.0,66,11,11,0.17158181818181817,0.22236756793044027
2026-06-15,Valle,Tienda,Alimentos,9601684.2,7980600.0,566,40,40,0.073745,0.16883331780480756
2026-06-15,Valle,Tienda,Bebidas,2315153.37,1738800.0,276,26,26,0.08460000000000001,0.2489482457052079
2026-06-15,Valle,Tienda,Cuidado personal,5919334.28,3869000.0,265,29,29,0.11022413793103449,0.3463792012773437
2026-06-15,Valle,Tienda,Hogar,12319367.47,8696300.0,437,34,34,0.10727352941176471,0.29409525114198093
2026-06-22,Antioquia,E-commerce,Alimentos,3420536.46,3035307.0,206,30,30,0.12773666666666667,0.11262252705237936
2026-06-22,Antioquia,E-commerce,Bebidas,606216.15,487179.0,74,15,15,0.12626666666666667,0.19636090196541287
2026-06-22,Antioquia,E-commerce,Cuidado personal,3349636.11,2425863.0,159,34,34,0.14818823529411765,0.2757831237972891
2026-06-22,Antioquia,E-commerce,Hogar,3633783.71,2703415.0,130,23,23,0.1388913043478261,0.25603304551112094
2026-06-22,Antioquia,Marketplace,Alimentos,1947965.98,1825527.0,121,12,12,0.14573333333333335,0.06285478353169185
2026-06-22,Antioquia,Marketplace,Bebidas,397091.05,330309.0,49,8,8,0.135475,0.1681781797902521
2026-06-22,Antioquia,Marketplace,Cuidado personal,1749244.37,1359114.0,87,14,14,0.19885,0.22302794091599681
2026-06-22,Antioquia,Marketplace,Hogar,1858596.97,1469217.0,69,10,10,0.1407,0.20950210093154298
2026-06-22,Antioquia,Tienda,Alimentos,7034404.91,5865600.0,416,38,38,0.0846421052631579,0.166155477962101
2026-06-22,Antioquia,Tienda,Bebidas,1039334.63,768600.0,122,18,18,0.0777,0.26048841459270916
2026-06-22,Antioquia,Tienda,Cuidado personal,5918436.89,3912800.0,268,31,31,0.11631612903225806,0.3388794925546633
2026-06-22,Antioquia,Tienda,Hogar,9709316.34,6845600.0,344,34,34,0.12130588235294117,0.2949452092936957
2026-06-22,Bogotá,E-commerce,Alimentos,5700632.95,5068668.0,344,57,57,0.10703859649122807,0.11085873367798574
2026-06-22,Bogotá,E-commerce,Bebidas,2371012.34,1915798.5,291,41,41,0.11619756097560975,0.19199134155497474
2026-06-22,Bogotá,E-commerce,Cuidado personal,8693472.47,6026515.0,395,80,80,0.12541375000000002,0.3067770076000483
2026-06-22,Bogotá,E-commerce,Hogar,9703193.82,7320016.0,352,55,55,0.13837818181818182,0.24560756635488915
2026-06-22,Bogotá,Marketplace,Alimentos,3041626.45,2776008.0,184,28,28,0.12565714285714286,0.08732776833920555
2026-06-22,Bogotá,Marketplace,Bebidas,1080179.81,923517.0,137,12,12,0.1429,0.14503401058755214
2026-06-22,Bogotá,Marketplace,Cuidado personal,2430841.94,1827774.0,117,25,25,0.17038,0.24809014937433568
2026-06-22,Bogotá,Marketplace,Hogar,5461979.78,4535409.0,213,27,27,0.1913111111111111,0.16964009705652924
2026-06-22,Bogotá,Tienda,Alimentos,10968552.49,9179100.0,651,62,62,0.08194032258064517,0.16314390541791537
2026-06-22,Bogotá,Tienda,Bebidas,3824837.4,2835000.0,450,45,45,0.07362222222222223,0.258792020805904
2026-06-22,Bogotá,Tienda,Cuidado personal,9302734.1,6117400.0,419,41,41,0.11500243902439024,0.34240837862924617
2026-06-22,Bogotá,Tienda,Hogar,21315481.59,14905100.0,749,64,64,0.101921875,0.3007382949774582
2026-06-22,Caribe,E-commerce,Alimentos,2514452.23,2210175.0,150,21,21,0.10511904761904763,0.1210113385212333
2026-06-22,Caribe,E-commerce,Bebidas,657621.55,513513.0,78,11,11,0.11377272727272728,0.21913599090540758
2026-06-22,Caribe,E-commerce,Cuidado personal,3445558.99,2349578.0,154,25,25,0.12072,0.31808510409511237
2026-06-22,Caribe,E-commerce,Hogar,2620941.2199999997,1996368.0,96,17,17,0.14714117647058822,0.23830111687892025
2026-06-22,Caribe,Marketplace,Alimentos,784807.63,709089.0,47,9,9,0.13086666666666666,0.09648049675561896
2026-06-22,Caribe,Marketplace,Bebidas,335546.0,289863.0,43,7,7,0.16368571428571427,0.13614526771292162
2026-06-22,Caribe,Marketplace,Cuidado personal,1370288.71,1031052.0,66,10,10,0.18180000000000002,0.24756586515260712
2026-06-22,Caribe,Marketplace,Hogar,1373574.25,1171115.0,55,9,9,0.20142222222222222,0.1473959270858492
2026-06-22,Caribe,Tienda,Alimentos,7734668.53,6570600.0,466,29,29,0.09119655172413793,0.15050011845821146
2026-06-22,Caribe,Tienda,Bebidas,1128159.59,831600.0,132,17,17,0.07757058823529411,0.2628702469302238
2026-06-22,Caribe,Tienda,Cuidado personal,4240097.11,2715600.0,186,22,22,0.09913636363636363,0.3595429704674854
2026-06-22,Caribe,Tienda,Hogar,4926558.2,3442700.0,173,18,18,0.11143888888888889,0.30119571103412524
2026-06-22,Eje Cafetero,E-commerce,Alimentos,1474893.63,1296636.0,88,16,16,0.12406874999999999,0.1208613464552016
2026-06-22,Eje Cafetero,E-commerce,Bebidas,366475.15,302841.0,46,8,8,0.14395,0.17363837629918433
2026-06-22,Eje Cafetero,E-commerce,Cuidado personal,2511705.41,1800326.0,118,21,21,0.1553952380952381,0.28322565503412284
2026-06-22,Eje Cafetero,E-commerce,Hogar,1627003.06,1310116.5,63,10,10,0.18674,0.19476703381246255
2026-06-22,Eje Cafetero,Marketplace,Alimentos,912839.9600000001,875046.0,58,9,9,0.20535555555555554,0.04140261344387255
2026-06-22,Eje Cafetero,Marketplace,Bebidas,168992.54,134820.0,20,4,4,0.09265,0.20221330480031843
2026-06-22,Eje Cafetero,Marketplace,Cuidado personal,360545.15,281196.0,18,3,3,0.2176,0.22008103562064285
2026-06-22,Eje Cafetero,Marketplace,Hogar,1475914.8699999999,1213701.0,57,10,10,0.21009000000000003,0.1776619202976117
2026-06-22,Eje Cafetero,Tienda,Alimentos,3451948.02,2862300.0,203,18,18,0.06793333333333333,0.17081601941387287
2026-06-22,Eje Cafetero,Tienda,Bebidas,2071510.63,1593900.0,253,13,13,0.14426923076923076,0.23056151539034098
2026-06-22,Eje Cafetero,Tienda,Cuidado personal,2977578.95,1927200.0,132,14,14,0.10242142857142857,0.35276275378021466
2026-06-22,Eje Cafetero,Tienda,Hogar,4774437.96,3303400.0,166,15,15,0.07982666666666667,0.30810704261407973
2026-06-22,Valle,E-commerce,Alimentos,2805134.41,2519599.5,171,27,27,0.12819259259259258,0.10179009924875583
2026-06-22,Valle,E-commerce,Bebidas,1024032.86,842688.0,128,22,22,0.14382272727272727,0.17708890708839167
2026-06-22,Valle,E-commerce,Cuidado personal,4330435.86,3051400.0,200,37,37,0.13972432432432433,0.2953596130621365
2026-06-22,Valle,E-commerce,Hogar,2699595.18,2037959.0,98,16,16,0.13115,0.24508718377545782
2026-06-22,Valle,Marketplace,Alimentos,887679.11,859959.0,57,10,10,0.17417,0.03122762458609619
2026-06-22,Valle,Marketplace,Bebidas,92080.22,74151.0,11,2,2,0.11885000000000001,0.19471304477769494
2026-06-22,Valle,Marketplace,Cuidado personal,497267.82,406172.0,26,7,7,0.23162857142857143,0.18319267070207762
2026-06-22,Valle,Marketplace,Hogar,1598665.01,1362752.0,64,14,14,0.21304285714285714,0.14756875801016
2026-06-22,Valle,Tienda,Alimentos,9301554.46,7938300.0,563,36,36,0.09375,0.14656200378791318
2026-06-22,Valle,Tienda,Bebidas,2987177.58,2223900.0,353,28,28,0.07225000000000001,0.2555179796174019
2026-06-22,Valle,Tienda,Cuidado personal,5900558.54,3839800.0,263,31,31,0.10650967741935484,0.34924804593159753
2026-06-22,Valle,Tienda,Hogar,8353442.5600000005,5731200.0,288,30,30,0.08315,0.3139116048461822
2026-06-29,Antioquia,E-commerce,Alimentos,4074766.63,3654156.0,248,34,34,0.12601176470588235,0.10322324397753299
2026-06-29,Antioquia,E-commerce,Bebidas,627970.6,513513.0,78,15,15,0.13552,0.1822658576691329
2026-06-29,Antioquia,E-commerce,Cuidado personal,4355571.18,3081914.0,202,37,37,0.14152432432432432,0.29242024234350816
2026-06-29,Antioquia,E-commerce,Hogar,5553981.2299999995,4242282.0,204,28,28,0.15168571428571428,0.2361727877139404
2026-06-29,Antioquia,Marketplace,Alimentos,728610.04,709089.0,47,9,9,0.1847888888888889,0.026792164434077847
2026-06-29,Antioquia,Marketplace,Bebidas,257100.18000000002,215712.0,32,3,3,0.14573333333333333,0.16098075077193652
2026-06-29,Antioquia,Marketplace,Cuidado personal,1315433.1099999999,968564.0,62,12,12,0.1541,0.2636919409760029
2026-06-29,Antioquia,Marketplace,Hogar,4209573.81,3236536.0,152,24,24,0.14794166666666667,0.2311487703787286
2026-06-29,Antioquia,Tienda,Alimentos,6440312.03,5301600.0,376,37,37,0.07178378378378379,0.17681007142133767
2026-06-29,Antioquia,Tienda,Bebidas,2694488.54,1990800.0,316,28,28,0.06991428571428572,0.2611584831605927
2026-06-29,Antioquia,Tienda,Cuidado personal,5155677.5,3372600.0,231,30,30,0.10592666666666667,0.3458473692351781
2026-06-29,Antioquia,Tienda,Hogar,9163859.63,6427700.0,323,31,31,0.10193225806451613,0.29858157375551164
2026-06-29,Bogotá,E-commerce,Alimentos,4626469.37,4155129.0,282,51,51,0.12636666666666665,0.10187906420744337
2026-06-29,Bogotá,E-commerce,Bebidas,1595471.79,1296949.5,197,29,29,0.12723793103448278,0.18710596569056231
2026-06-29,Bogotá,E-commerce,Cuidado personal,6781319.94,4729670.0,310,68,68,0.12746617647058822,0.30254433622844235
2026-06-29,Bogotá,E-commerce,Hogar,9296506.31,6841719.5,329,65,65,0.12009384615384615,0.2640547672580454
2026-06-29,Bogotá,Marketplace,Alimentos,1899259.55,1795353.0,119,20,20,0.135805,0.05470897855956551
2026-06-29,Bogotá,Marketplace,Bebidas,833078.1300000001,714546.0,106,10,10,0.15711,0.1422821290483284
2026-06-29,Bogotá,Marketplace,Cuidado personal,1937110.92,1484090.0,95,20,20,0.18521,0.23386421258726886
2026-06-29,Bogotá,Marketplace,Hogar,2015703.11,1639561.0,77,14,14,0.18214285714285716,0.18660590844650732
2026-06-29,Bogotá,Tienda,Alimentos,12936809.28,10758300.0,763,69,69,0.08190869565217392,0.1683961812259166
2026-06-29,Bogotá,Tienda,Bebidas,5932598.34,4504500.0,715,52,52,0.07835192307692308,0.24072055078652094
2026-06-29,Bogotá,Tienda,Cuidado personal,9296426.69,6088200.0,417,42,42,0.10639761904761905,0.34510320975811404
2026-06-29,Bogotá,Tienda,Hogar,16424268.85,11303200.0,568,59,59,0.08441016949152542,0.3117988932578877
2026-06-29,Caribe,E-commerce,Alimentos,2962151.4,2666944.5,181,22,22,0.13324090909090908,0.09965962577064762
2026-06-29,Caribe,E-commerce,Bebidas,599891.97,474012.0,72,13,13,0.1091,0.20983773128351757
2026-06-29,Caribe,E-commerce,Cuidado personal,2360631.59,1739298.0,114,21,21,0.1724190476190476,0.2632065048320394
2026-06-29,Caribe,E-commerce,Hogar,1651792.03,1268525.5,61,12,12,0.17351666666666665,0.232030741787754
2026-06-29,Caribe,Marketplace,Alimentos,600033.79,633654.0,42,10,10,0.21053000000000002,-0.05603052788077145
2026-06-29,Caribe,Marketplace,Bebidas,338601.14,303345.0,45,10,10,0.18588,0.10412292173617611
2026-06-29,Caribe,Marketplace,Cuidado personal,2001492.8900000001,1499712.0,96,15,15,0.17490666666666668,0.2507033087686862
2026-06-29,Caribe,Marketplace,Hogar,1988761.06,1511803.0,71,8,8,0.129425,0.2398267291094286
2026-06-29,Caribe,Tienda,Alimentos,2976127.25,2425200.0,172,21,21,0.06998095238095238,0.18511548859343968
2026-06-29,Caribe,Tienda,Bebidas,2717468.9,2079000.0,330,20,20,0.08846,0.2349498461601529
2026-06-29,Caribe,Tienda,Cuidado personal,3019505.92,1956400.0,134,15,15,0.1067,0.35207942894180516
2026-06-29,Caribe,Tienda,Hogar,4233334.58,2965100.0,149,17,17,0.1197470588235294,0.2995828834299225
2026-06-29,Eje Cafetero,E-commerce,Alimentos,673933.9500000001,618849.0,42,10,10,0.15791,0.08173642238976099
2026-06-29,Eje Cafetero,E-commerce,Bebidas,1059567.46,836104.5,127,15,15,0.09040666666666668,0.21090017241563833
2026-06-29,Eje Cafetero,E-commerce,Cuidado personal,1893571.25,1342616.0,88,19,19,0.13280526315789473,0.2909609289853762
2026-06-29,Eje Cafetero,E-commerce,Hogar,744219.23,561478.5,27,5,5,0.13355999999999998,0.24554690692418682
2026-06-29,Eje Cafetero,Marketplace,Alimentos,129008.67000000001,150870.0,10,2,2,0.31115,-0.16945628537988947
2026-06-29,Eje Cafetero,Marketplace,Bebidas,262005.13000000003,222453.0,33,5,5,0.15488,0.15095937243671537
2026-06-29,Eje Cafetero,Marketplace,Cuidado personal,1004315.18,734234.0,47,8,8,0.15005,0.26892073860717713
2026-06-29,Eje Cafetero,Marketplace,Hogar,1030017.7,851720.0,40,6,6,0.19608333333333336,0.1731015884484315
2026-06-29,Eje Cafetero,Tienda,Alimentos,4243595.2700000005,3623700.0,257,24,24,0.11422500000000001,0.14607784921958414
2026-06-29,Eje Cafetero,Tienda,Bebidas,873959.1699999999,648900.0,103,14,14,0.0938,0.25751680138558414
2026-06-29,Eje Cafetero,Tienda,Cuidado personal,5371475.9,3518600.0,241,14,14,0.0758357142857143,0.3449472611428826
2026-06-29,Eje Cafetero,Tienda,Hogar,4323130.82,2945200.0,148,16,16,0.0677,0.318734472162006
2026-06-29,Valle,E-commerce,Alimentos,1110939.7,1031415.0,70,19,19,0.15852631578947368,0.07158327315154905
2026-06-29,Valle,E-commerce,Bebidas,1196987.09,948024.0,144,23,23,0.11828260869565217,0.20799145795298432
2026-06-29,Valle,E-commerce,Cuidado personal,4597682.35,3295512.0,216,37,37,0.16711081081081083,0.28322320918929944
2026-06-29,Valle,E-commerce,Hogar,3431737.41,2578642.0,124,15,15,0.12059333333333333,0.2485899438325615
2026-06-29,Valle,Marketplace,Alimentos,813192.98,709089.0,47,6,6,0.07061666666666666,0.1280187883569777
2026-06-29,Valle,Marketplace,Bebidas,74277.56999999999,60669.0,9,2,2,0.1207,0.18321237487979203
2026-06-29,Valle,Marketplace,Cuidado personal,3079554.64,2312056.0,148,12,12,0.16065,0.24922390725952506
2026-06-29,Valle,Marketplace,Hogar,1669895.45,1426631.0,67,13,13,0.20762307692307694,0.14567645537329896
2026-06-29,Valle,Tienda,Alimentos,7389139.12,6175800.0,438,34,34,0.07893823529411764,0.16420574850402872
2026-06-29,Valle,Tienda,Bebidas,1299958.6099999999,976500.0,155,17,17,0.07732352941176471,0.24882223750185392
2026-06-29,Valle,Tienda,Cuidado personal,8034358.95,5139200.0,352,38,38,0.07788684210526316,0.3603472247154205
2026-06-29,Valle,Tienda,Hogar,9135526.58,6328200.0,318,30,30,0.08458333333333333,0.30729772995745586
2026-07-06,Antioquia,E-commerce,Alimentos,2767925.29,2578537.5,175,37,37,0.14332972972972974,0.06842229112332726
2026-07-06,Antioquia,E-commerce,Bebidas,684030.58,539847.0,82,14,14,0.11900714285714285,0.2107852838976877
2026-07-06,Antioquia,E-commerce,Cuidado personal,3376335.59,2456377.0,161,41,41,0.1512512195121951,0.27247249732068246
2026-07-06,Antioquia,E-commerce,Hogar,2273100.34,1767617.5,85,15,15,0.14929333333333333,0.22237594667730326
2026-07-06,Antioquia,Marketplace,Alimentos,972111.85,920307.0,61,13,13,0.15022307692307693,0.05329103847463641
2026-07-06,Antioquia,Marketplace,Bebidas,385410.0,323568.0,48,8,8,0.1389125,0.16045769440336266
2026-07-06,Antioquia,Marketplace,Cuidado personal,1307214.75,1109162.0,71,13,13,0.24135384615384614,0.15150743211855588
2026-07-06,Antioquia,Marketplace,Hogar,964791.02,809134.0,38,7,7,0.19805714285714288,0.1613375505920443
2026-07-06,Antioquia,Tienda,Alimentos,4491160.38,3750600.0,266,26,26,0.09047307692307692,0.16489288231563887
2026-07-06,Antioquia,Tienda,Bebidas,1202205.68,894600.0,142,15,15,0.07475333333333332,0.2558677646573754
2026-07-06,Antioquia,Tienda,Cuidado personal,4876474.98,3139000.0,215,28,28,0.1120392857142857,0.3562973227845825
2026-07-06,Antioquia,Tienda,Hogar,3257719.87,2328300.0,117,18,18,0.12334444444444445,0.2852976643446019
2026-07-06,Bogotá,E-commerce,Alimentos,5302060.7,4744509.0,322,50,50,0.123368,0.10515754751732664
2026-07-06,Bogotá,E-commerce,Bebidas,1216842.09,934857.0,142,24,24,0.08542916666666667,0.23173515472332162
2026-07-06,Bogotá,E-commerce,Cuidado personal,7477220.55,5416235.0,355,77,77,0.15232727272727273,0.2756352492504718
2026-07-06,Bogotá,E-commerce,Hogar,4828102.43,3701599.0,178,40,40,0.14578750000000001,0.23332218947972894
2026-07-06,Bogotá,Marketplace,Alimentos,1672174.07,1569048.0,104,15,15,0.14425333333333334,0.06167185094551793
2026-07-06,Bogotá,Marketplace,Bebidas,432413.12,390978.0,58,12,12,0.186875,0.09582299445493235
2026-07-06,Bogotá,Marketplace,Cuidado personal,3301435.62,2421410.0,155,29,29,0.15964827586206895,0.26655846767655583
2026-07-06,Bogotá,Marketplace,Hogar,2030115.8,1682147.0,79,16,16,0.16717500000000002,0.17140342437608733
2026-07-06,Bogotá,Tienda,Alimentos,11475517.870000001,9602100.0,681,57,57,0.07522456140350876,0.1632534488833488
2026-07-06,Bogotá,Tienda,Bebidas,4336167.01,3313800.0,526,40,40,0.09366250000000001,0.2357766681131592
2026-07-06,Bogotá,Tienda,Cuidado personal,4115242.44,2701000.0,185,21,21,0.11852380952380952,0.34365956820760235
2026-07-06,Bogotá,Tienda,Hogar,9985208.43,6945100.0,349,36,36,0.09505555555555556,0.3044611888987879
2026-07-06,Caribe,E-commerce,Alimentos,1661371.47,1502919.0,102,20,20,0.137745,0.09537449803444618
2026-07-06,Caribe,E-commerce,Bebidas,513201.46,414760.5,63,13,13,0.13103846153846155,0.1918173810339511
2026-07-06,Caribe,E-commerce,Cuidado personal,2586247.97,1846097.0,121,19,19,0.1432,0.2861871632517899
2026-07-06,Caribe,E-commerce,Hogar,3020265.98,2225118.5,107,15,15,0.12501333333333334,0.2632706805511215
2026-07-06,Caribe,Marketplace,Alimentos,417669.05000000005,377175.0,25,6,6,0.11861666666666666,0.09695247948106292
2026-07-06,Caribe,Marketplace,Bebidas,82060.48,74151.0,11,2,2,0.1732,0.09638598263134698
2026-07-06,Caribe,Marketplace,Cuidado personal,695273.98,531148.0,34,7,7,0.1982,0.23605943084480163
2026-07-06,Caribe,Marketplace,Hogar,1042606.9099999999,851720.0,40,7,7,0.19684285714285712,0.18308617386777143
2026-07-06,Caribe,Tienda,Alimentos,4787322.12,4103100.0,291,21,21,0.09986190476190478,0.14292376883133157
2026-07-06,Caribe,Tienda,Bebidas,1013160.4400000001,774900.0,123,10,10,0.11296000000000002,0.23516555778668188
2026-07-06,Caribe,Tienda,Cuidado personal,3808726.5900000003,2482000.0,170,19,19,0.10683157894736842,0.3483386267429609
2026-07-06,Caribe,Tienda,Hogar,3122464.17,2228800.0,112,18,18,0.12198333333333333,0.28620477973330916
2026-07-06,Eje Cafetero,E-commerce,Alimentos,1304061.99,1178760.0,80,15,15,0.13647333333333334,0.09608591536357869
2026-07-06,Eje Cafetero,E-commerce,Bebidas,247236.12,197505.0,30,5,5,0.10169999999999998,0.20114827881945405
2026-07-06,Eje Cafetero,E-commerce,Cuidado personal,2246336.02,1571471.0,103,17,17,0.1354,0.3004292385428606
2026-07-06,Eje Cafetero,E-commerce,Hogar,2169805.54,1622049.0,78,13,13,0.1392846153846154,0.2524449909921421
2026-07-06,Eje Cafetero,Marketplace,Alimentos,372361.25,347001.0,23,6,6,0.13373333333333334,0.06810657661075098
2026-07-06,Eje Cafetero,Marketplace,Bebidas,65849.59,60669.0,9,3,3,0.18263333333333334,0.07867307905789538
2026-07-06,Eje Cafetero,Marketplace,Cuidado personal,675842.36,515526.0,33,8,8,0.16696249999999999,0.23720969487618385
2026-07-06,Eje Cafetero,Marketplace,Hogar,1062382.73,894306.0,42,7,7,0.2089,0.15820732515107808
2026-07-06,Eje Cafetero,Tienda,Alimentos,3558242.29,3059700.0,217,14,14,0.11447857142857143,0.14010914641790737
2026-07-06,Eje Cafetero,Tienda,Bebidas,259108.16,195300.0,31,6,6,0.11538333333333332,0.2462607121288654
2026-07-06,Eje Cafetero,Tienda,Cuidado personal,1519512.56,949000.0,65,12,12,0.06565,0.3754576138548009
2026-07-06,Eje Cafetero,Tienda,Hogar,5400135.72,3820800.0,192,14,14,0.09456428571428573,0.29246222722713344
2026-07-06,Valle,E-commerce,Alimentos,1771048.3199999998,1606060.5,109,20,20,0.133845,0.09315828266052044
2026-07-06,Valle,E-commerce,Bebidas,834370.37,664933.5,101,19,19,0.11228947368421054,0.2030715328493748
2026-07-06,Valle,E-commerce,Cuidado personal,3087313.69,2197008.0,144,33,33,0.14007575757575758,0.2883755197548455
2026-07-06,Valle,E-commerce,Hogar,2116521.21,1684435.5,81,16,16,0.1650375,0.20414901015804135
2026-07-06,Valle,Marketplace,Alimentos,678627.8400000001,694002.0,46,10,10,0.20486,-0.022654773491166992
2026-07-06,Valle,Marketplace,Bebidas,221460.34,175266.0,26,5,5,0.09384,0.20858967343769091
2026-07-06,Valle,Marketplace,Cuidado personal,1129852.84,812344.0,52,13,13,0.13713076923076922,0.2810178713185339
2026-07-06,Valle,Marketplace,Hogar,840376.7,723962.0,34,7,7,0.2163,0.13852680589549896
2026-07-06,Valle,Tienda,Alimentos,6021340.43,5019600.0,356,27,27,0.08897777777777778,0.166365021484095
2026-07-06,Valle,Tienda,Bebidas,1193743.62,888300.0,141,15,15,0.07094,0.255870368546975
2026-07-06,Valle,Tienda,Cuidado personal,4478924.07,2978400.0,204,17,17,0.12463529411764707,0.335018867600495
2026-07-06,Valle,Tienda,Hogar,3578217.88,2507400.0,126,17,17,0.11232941176470589,0.2992601110136982
2026-07-13,Antioquia,E-commerce,Alimentos,1861654.38,1650264.0,112,24,24,0.12357499999999999,0.11354974493170956
2026-07-13,Antioquia,E-commerce,Bebidas,1195960.16,934857.0,142,26,26,0.0923153846153846,0.2183209514270107
2026-07-13,Antioquia,E-commerce,Cuidado personal,5119020.22,3646423.0,239,46,46,0.1427217391304348,0.2876716943305998
2026-07-13,Antioquia,E-commerce,Hogar,3895900.1500000004,2994552.0,144,22,22,0.14681818181818182,0.2313581240012017
2026-07-13,Antioquia,Marketplace,Alimentos,1095914.67,995742.0,66,12,12,0.12389166666666666,0.09140553798773396
2026-07-13,Antioquia,Marketplace,Bebidas,212025.86,182007.0,27,6,6,0.18115,0.141581126000385
2026-07-13,Antioquia,Marketplace,Cuidado personal,2002310.98,1530956.0,98,18,18,0.18130555555555555,0.2354054813203891
2026-07-13,Antioquia,Marketplace,Hogar,1537637.75,1256287.0,59,10,10,0.17717,0.18297596426726645
2026-07-13,Antioquia,Tienda,Alimentos,4359103.01,3623700.0,257,33,33,0.09617575757575758,0.16870512312119
2026-07-13,Antioquia,Tienda,Bebidas,1923516.34,1449000.0,230,15,15,0.06739333333333333,0.24669212843806673
2026-07-13,Antioquia,Tienda,Cuidado personal,5810939.23,3839800.0,263,23,23,0.10401739130434783,0.33921181275199813
2026-07-13,Antioquia,Tienda,Hogar,4752186.31,3442700.0,173,27,27,0.15715555555555555,0.2755544973572384
2026-07-13,Bogotá,E-commerce,Alimentos,4461400.83,3978315.0,270,53,53,0.11939622641509434,0.10828119875523493
2026-07-13,Bogotá,E-commerce,Bebidas,2122372.57,1744627.5,265,38,38,0.12755526315789475,0.1779824500841527
2026-07-13,Bogotá,E-commerce,Cuidado personal,7503837.66,5309436.0,348,80,80,0.13474625,0.29243725136772214
2026-07-13,Bogotá,E-commerce,Hogar,5011861.03,3763985.5,181,36,36,0.14063055555555554,0.24898446356163234
2026-07-13,Bogotá,Marketplace,Alimentos,1784848.54,1704831.0,113,21,21,0.16193333333333332,0.044831557528125066
2026-07-13,Bogotá,Marketplace,Bebidas,293949.22,242676.0,36,9,9,0.12323333333333333,0.1744288350212325
2026-07-13,Bogotá,Marketplace,Cuidado personal,2118269.33,1577822.0,101,23,23,0.1693608695652174,0.25513626730364836
2026-07-13,Bogotá,Marketplace,Hogar,2438495.46,2044128.0,96,20,20,0.203295,0.16172573066836876
2026-07-13,Bogotá,Tienda,Alimentos,12482570.91,10490400.0,744,62,62,0.0872,0.1595962021256405
2026-07-13,Bogotá,Tienda,Bebidas,5098775.24,3906000.0,620,44,44,0.10390454545454544,0.2339336769823963
2026-07-13,Bogotá,Tienda,Cuidado personal,6134717.39,4000400.0,274,31,31,0.0990225806451613,0.3479080215625059
2026-07-13,Bogotá,Tienda,Hogar,6709851.2700000005,4716300.0,237,30,30,0.1196,0.2971081160790022
2026-07-13,Caribe,E-commerce,Alimentos,2110772.19,1886016.0,128,20,20,0.12013,0.10648055297715475
2026-07-13,Caribe,E-commerce,Bebidas,680704.7,559597.5,85,15,15,0.13376666666666667,0.1779144466021756
2026-07-13,Caribe,E-commerce,Cuidado personal,2089357.15,1525700.0,100,22,22,0.15027272727272728,0.2697753947906895
2026-07-13,Caribe,E-commerce,Hogar,1500492.97,1122957.0,54,10,10,0.14475,0.25160795655043955
2026-07-13,Caribe,Marketplace,Alimentos,389702.32,392262.0,26,5,5,0.21345999999999998,-0.006568295513354893
2026-07-13,Caribe,Marketplace,Bebidas,226459.02,202230.0,30,6,6,0.18433333333333335,0.1069907482598838
2026-07-13,Caribe,Marketplace,Cuidado personal,268378.77,218708.0,14,4,4,0.229525,0.1850771206679277
2026-07-13,Caribe,Marketplace,Hogar,436511.44,383274.0,18,5,5,0.22010000000000002,0.12196115639031134
2026-07-13,Caribe,Tienda,Alimentos,4980166.26,4187700.0,297,20,20,0.077575,0.15912445862801372
2026-07-13,Caribe,Tienda,Bebidas,890350.84,674100.0,107,21,21,0.10123809523809524,0.2428827269933277
2026-07-13,Caribe,Tienda,Cuidado personal,4087246.75,2671800.0,183,13,13,0.08774615384615385,0.3463081229436417
2026-07-13,Caribe,Tienda,Hogar,2476462.36,1751200.0,88,15,15,0.12198666666666667,0.29286225856467285
2026-07-13,Eje Cafetero,E-commerce,Alimentos,1167487.2999999998,972477.0,66,8,8,0.0633625,0.16703419386232282
2026-07-13,Eje Cafetero,E-commerce,Bebidas,633768.11,506929.5,77,9,9,0.1241888888888889,0.20013409952103772
2026-07-13,Eje Cafetero,E-commerce,Cuidado personal,1758593.7,1235817.0,81,17,17,0.1283058823529412,0.2972697445691975
2026-07-13,Eje Cafetero,E-commerce,Hogar,1743243.96,1330912.0,64,10,10,0.13437000000000002,0.23653141468506794
2026-07-13,Eje Cafetero,Marketplace,Alimentos,308199.85000000003,331914.0,22,4,4,0.206525,-0.07694406729918903
2026-07-13,Eje Cafetero,Marketplace,Cuidado personal,727205.14,593636.0,38,8,8,0.1887,0.18367463684318844
2026-07-13,Eje Cafetero,Marketplace,Hogar,752067.1699999999,638790.0,30,3,3,0.2261,0.1506210808271287
2026-07-13,Eje Cafetero,Tienda,Alimentos,1209506.6,1015200.0,72,12,12,0.12306666666666666,0.1606494747527629
2026-07-13,Eje Cafetero,Tienda,Bebidas,700445.15,541800.0,86,7,7,0.10612857142857143,0.22649189590362645
2026-07-13,Eje Cafetero,Tienda,Cuidado personal,1611106.79,1007400.0,69,12,12,0.07450833333333333,0.3747155643233308
2026-07-13,Eje Cafetero,Tienda,Hogar,3719345.4499999997,2626800.0,132,14,14,0.11257142857142857,0.2937466994360526
2026-07-13,Valle,E-commerce,Alimentos,1771657.31,1547122.5,105,23,23,0.10938695652173912,0.1267371566344284
2026-07-13,Valle,E-commerce,Bebidas,527244.31,427927.5,65,15,15,0.12889333333333333,0.18836961938953886
2026-07-13,Valle,E-commerce,Cuidado personal,3327910.75,2441120.0,160,33,33,0.16670909090909092,0.26647071289396806
2026-07-13,Valle,E-commerce,Hogar,2497723.27,1913186.0,92,18,18,0.15043333333333334,0.23402803545966885
2026-07-13,Valle,Marketplace,Alimentos,475978.58999999997,467697.0,31,7,7,0.1748,0.017399080912441814
2026-07-13,Valle,Marketplace,Bebidas,662882.0499999999,566244.0,84,8,8,0.157325,0.1457846837156021
2026-07-13,Valle,Marketplace,Cuidado personal,543497.8200000001,390550.0,25,5,5,0.14988,0.28141386105283744
2026-07-13,Valle,Marketplace,Hogar,989559.38,894306.0,42,7,7,0.2716,0.09625837713750943
2026-07-13,Valle,Tienda,Alimentos,5688915.58,4794000.0,340,34,34,0.08901470588235294,0.15730864123668364
2026-07-13,Valle,Tienda,Bebidas,1921575.5299999998,1467900.0,233,20,20,0.10245,0.23609560119658676
2026-07-13,Valle,Tienda,Cuidado personal,4876655.39,3139000.0,215,24,24,0.10289583333333334,0.3563211363187998
2026-07-13,Valle,Tienda,Hogar,4510478.87,3144200.0,158,20,20,0.111415,0.3029121539815572
2026-07-20,Antioquia,E-commerce,Alimentos,2505170.9,2210175.0,150,30,30,0.11817666666666667,0.11775480068046452
2026-07-20,Antioquia,E-commerce,Bebidas,934420.43,783436.5,119,23,23,0.1408521739130435,0.16158029635546395
2026-07-20,Antioquia,E-commerce,Cuidado personal,3207907.64,2273293.0,149,28,28,0.14725357142857143,0.2913471162156028
2026-07-20,Antioquia,E-commerce,Hogar,4186441.28,3098529.5,149,30,30,0.12927333333333332,0.259865529512455
2026-07-20,Antioquia,Marketplace,Alimentos,886677.74,859959.0,57,13,13,0.14991538461538462,0.03013354096382299
2026-07-20,Antioquia,Marketplace,Bebidas,307082.76,276381.0,41,9,9,0.18087777777777778,0.09997878096445403
2026-07-20,Antioquia,Marketplace,Cuidado personal,1755030.89,1312248.0,84,15,15,0.1679,0.2522935023667874
2026-07-20,Antioquia,Marketplace,Hogar,2172105.41,1703440.0,80,13,13,0.15123076923076922,0.2157655000730375
2026-07-20,Antioquia,Tienda,Alimentos,4218824.2299999995,3496800.0,248,23,23,0.06581739130434783,0.171143472834373
2026-07-20,Antioquia,Tienda,Bebidas,2652242.34,2022300.0,321,29,29,0.09267931034482758,0.2375131150345786
2026-07-20,Antioquia,Tienda,Cuidado personal,3982174.69,2569600.0,176,25,25,0.09658,0.3547244407803717
2026-07-20,Antioquia,Tienda,Hogar,3300126.14,2328300.0,117,14,14,0.12826428571428572,0.2944815133642134
2026-07-20,Bogotá,E-commerce,Alimentos,5521283.89,4921323.0,334,59,59,0.11745593220338983,0.10866329316748821
2026-07-20,Bogotá,E-commerce,Bebidas,1123526.03,901939.5,137,29,29,0.11468275862068966,0.19722420672354163
2026-07-20,Bogotá,E-commerce,Cuidado personal,6558449.66,4638128.0,304,69,69,0.12668260869565218,0.2928011587421409
2026-07-20,Bogotá,E-commerce,Hogar,5687669.38,4242282.0,204,36,36,0.12946666666666667,0.2541264766694297
2026-07-20,Bogotá,Marketplace,Alimentos,3720127.89,3424749.0,227,27,27,0.1287111111111111,0.07940019771739625
2026-07-20,Bogotá,Marketplace,Bebidas,192640.22,168525.0,25,5,5,0.16464,0.1251826851111362
2026-07-20,Bogotá,Marketplace,Cuidado personal,3328357.15,2437032.0,156,32,32,0.156228125,0.2677973275794636
2026-07-20,Bogotá,Marketplace,Hogar,1568267.64,1320166.0,62,17,17,0.1968764705882353,0.15820108358545223
2026-07-20,Bogotá,Tienda,Alimentos,9412037.21,7910100.0,561,50,50,0.09333,0.15957620826278063
2026-07-20,Bogotá,Tienda,Bebidas,4633770.2,3578400.0,568,37,37,0.08958108108108108,0.22775626637678323
2026-07-20,Bogotá,Tienda,Cuidado personal,9775360.73,6365600.0,436,45,45,0.1005,0.3488117547964903
2026-07-20,Bogotá,Tienda,Hogar,7165726.83,5074500.0,255,36,36,0.11475555555555556,0.29183736411006894
2026-07-20,Caribe,E-commerce,Alimentos,1817523.3800000001,1576591.5,107,20,20,0.10638,0.13256053960637365
2026-07-20,Caribe,E-commerce,Bebidas,585697.55,480595.5,73,16,16,0.13143125,0.17944765177863564
2026-07-20,Caribe,E-commerce,Cuidado personal,2096553.0,1525700.0,100,21,21,0.1532952380952381,0.27228169285489084
2026-07-20,Caribe,E-commerce,Hogar,790239.32,623865.0,30,7,7,0.1994,0.2105366257907794
2026-07-20,Caribe,Marketplace,Alimentos,502963.37,482784.0,32,6,6,0.15159999999999998,0.040120953539817414
2026-07-20,Caribe,Marketplace,Bebidas,113490.7,101115.0,15,3,3,0.1999,0.10904593944702075
2026-07-20,Caribe,Marketplace,Cuidado personal,670527.4299999999,578014.0,37,7,7,0.2365142857142857,0.1379711341562864
2026-07-20,Caribe,Marketplace,Hogar,421978.42000000004,383274.0,18,3,3,0.2301,0.09172132546493737
2026-07-20,Caribe,Tienda,Alimentos,4309219.6,3694200.0,262,22,22,0.11560909090909091,0.14272180512684934
2026-07-20,Caribe,Tienda,Bebidas,466387.37,340200.0,54,9,9,0.07076666666666667,0.27056343742756156
2026-07-20,Caribe,Tienda,Cuidado personal,2745147.15,1810400.0,124,21,21,0.13027619047619046,0.3405089413877139
2026-07-20,Caribe,Tienda,Hogar,2841928.0100000002,2029800.0,102,8,8,0.1283125,0.28576656662038397
2026-07-20,Eje Cafetero,E-commerce,Alimentos,1284926.16,1178760.0,80,12,12,0.1487,0.08262432761116789
2026-07-20,Eje Cafetero,E-commerce,Bebidas,282135.23,223839.0,34,9,9,0.10523333333333335,0.2066251350460557
2026-07-20,Eje Cafetero,E-commerce,Cuidado personal,1986826.15,1434158.0,94,12,12,0.146925,0.2781663357913826
2026-07-20,Eje Cafetero,E-commerce,Hogar,1757353.64,1372503.0,66,8,8,0.1770625,0.21899441935887184
2026-07-20,Eje Cafetero,Marketplace,Alimentos,484138.41000000003,422436.0,28,4,4,0.08045,0.1274478717769987
2026-07-20,Eje Cafetero,Marketplace,Bebidas,176413.89,141561.0,21,2,2,0.08925,0.19756318507573303
2026-07-20,Eje Cafetero,Marketplace,Cuidado personal,409617.93,343684.0,22,4,4,0.21687499999999998,0.16096446266402448
2026-07-20,Eje Cafetero,Marketplace,Hogar,935387.09,766548.0,36,7,7,0.19267142857142858,0.18050183908353917
2026-07-20,Eje Cafetero,Tienda,Alimentos,3933976.81,3384000.0,240,17,17,0.09160588235294118,0.13980174173929613
2026-07-20,Eje Cafetero,Tienda,Bebidas,788676.0,585900.0,93,14,14,0.08068571428571428,0.25710938332090744
2026-07-20,Eje Cafetero,Tienda,Cuidado personal,1962132.34,1284800.0,88,16,16,0.10721875,0.3452021691870183
2026-07-20,Eje Cafetero,Tienda,Hogar,1931015.1199999999,1293500.0,65,10,10,0.07619000000000001,0.3301450689831988
2026-07-20,Valle,E-commerce,Alimentos,2391201.09,2107033.5,143,27,27,0.1375037037037037,0.11883885098095195
2026-07-20,Valle,E-commerce,Bebidas,461937.3,401593.5,61,12,12,0.167725,0.13063201434480393
2026-07-20,Valle,E-commerce,Cuidado personal,3053200.2800000003,2166494.0,142,30,30,0.14433333333333334,0.290418642304068
2026-07-20,Valle,E-commerce,Hogar,2598653.63,1892390.5,91,17,17,0.11003529411764706,0.2717804026849088
2026-07-20,Valle,Marketplace,Alimentos,772532.05,694002.0,46,8,8,0.1079875,0.10165280521371255
2026-07-20,Valle,Marketplace,Bebidas,341407.37,310086.0,46,7,7,0.16937142857142856,0.09174192695371514
2026-07-20,Valle,Marketplace,Cuidado personal,1159252.93,906076.0,58,13,13,0.19313846153846154,0.21839662721404546
2026-07-20,Valle,Marketplace,Hogar,1036878.98,873013.0,41,10,10,0.22864,0.15803771043752857
2026-07-20,Valle,Tienda,Alimentos,6111435.62,5160600.0,366,27,27,0.10175555555555554,0.15558302158797838
2026-07-20,Valle,Tienda,Bebidas,1585955.97,1190700.0,189,23,23,0.08508695652173913,0.24922253673915046
2026-07-20,Valle,Tienda,Cuidado personal,2310369.48,1489200.0,102,14,14,0.10293571428571428,0.3554277733966603
2026-07-20,Valle,Tienda,Hogar,2805599.45,1990000.0,100,17,17,0.14014117647058824,0.29070416662649406
2026-07-27,Antioquia,E-commerce,Alimentos,2996684.92,2666944.5,181,29,29,0.12331034482758621,0.11003506501444267
2026-07-27,Antioquia,E-commerce,Bebidas,561426.47,441094.5,67,14,14,0.10124285714285715,0.21433255542796187
2026-07-27,Antioquia,E-commerce,Cuidado personal,3942760.75,2853059.0,187,41,41,0.14640243902439026,0.2763803890459242
2026-07-27,Antioquia,E-commerce,Hogar,3412221.39,2599437.5,125,29,29,0.14324827586206898,0.23819787672100612
2026-07-27,Antioquia,Marketplace,Alimentos,994705.84,935394.0,62,10,10,0.14856,0.05962751761867606
2026-07-27,Antioquia,Marketplace,Bebidas,533255.51,451647.0,67,11,11,0.13072727272727272,0.15303828740560038
2026-07-27,Antioquia,Marketplace,Cuidado personal,795257.29,609258.0,39,9,9,0.17006666666666667,0.23388567742648425
2026-07-27,Antioquia,Marketplace,Hogar,1309763.1400000001,1085943.0,51,10,10,0.17652,0.17088596645039203
2026-07-27,Antioquia,Tienda,Alimentos,7848180.78,6627000.0,470,33,33,0.08046969696969697,0.1556004906400742
2026-07-27,Antioquia,Tienda,Bebidas,1141364.77,831600.0,132,21,21,0.08054761904761905,0.271398573131007
2026-07-27,Antioquia,Tienda,Cuidado personal,5463921.63,3504000.0,240,29,29,0.09328275862068966,0.35870236850377374
2026-07-27,Antioquia,Tienda,Hogar,7059853.220000001,5034700.0,253,21,21,0.11823809523809524,0.2868548618352154
2026-07-27,Bogotá,E-commerce,Alimentos,3703342.04,3300528.0,224,46,46,0.12070652173913043,0.10877041214372951
2026-07-27,Bogotá,E-commerce,Bebidas,1446294.69,1158696.0,176,31,31,0.11525806451612904,0.19885206796963345
2026-07-27,Bogotá,E-commerce,Cuidado personal,6453867.68,4546586.0,298,68,68,0.13015294117647058,0.29552537711774096
2026-07-27,Bogotá,E-commerce,Hogar,6208327.14,4803760.5,231,39,39,0.153525641025641,0.2262391475717241
2026-07-27,Bogotá,Marketplace,Alimentos,1734659.76,1599222.0,106,21,21,0.13438571428571428,0.07807742078481143
2026-07-27,Bogotá,Marketplace,Bebidas,588036.67,512316.0,76,15,15,0.15340666666666666,0.12876861914070772
2026-07-27,Bogotá,Marketplace,Cuidado personal,2712093.84,2062104.0,132,27,27,0.1992814814814815,0.2396634771310125
2026-07-27,Bogotá,Marketplace,Hogar,2885733.75,2320937.0,109,22,22,0.17379090909090908,0.19572032589631666
2026-07-27,Bogotá,Tienda,Alimentos,8651956.469999999,7303800.0,518,50,50,0.09459,0.15582099547941888
2026-07-27,Bogotá,Tienda,Bebidas,5338182.28,4088700.0,649,37,37,0.09159999999999999,0.23406512075867147
2026-07-27,Bogotá,Tienda,Cuidado personal,5253219.57,3489400.0,239,37,37,0.1280864864864865,0.3357597272485605
2026-07-27,Bogotá,Tienda,Hogar,7332541.65,5134200.0,258,28,28,0.09427857142857143,0.29980622749002733
2026-07-27,Caribe,E-commerce,Alimentos,1195979.75,1119822.0,76,13,13,0.14813076923076923,0.06367812665724483
2026-07-27,Caribe,E-commerce,Bebidas,386291.44,322591.5,49,9,9,0.1579111111111111,0.16490124658211427
2026-07-27,Caribe,E-commerce,Cuidado personal,2316037.02,1678270.0,110,22,22,0.15680454545454545,0.27536995932819763
2026-07-27,Caribe,E-commerce,Hogar,1686217.05,1351707.5,65,11,11,0.18939090909090908,0.19837870219613782
2026-07-27,Caribe,Marketplace,Alimentos,482650.12,467697.0,31,6,6,0.19986666666666666,0.030981283087632913
2026-07-27,Caribe,Marketplace,Cuidado personal,623616.9,499904.0,32,7,7,0.20832857142857142,0.19837964622190327
2026-07-27,Caribe,Marketplace,Hogar,41527.26,42586.0,2,1,1,0.3408,-0.025495060353127028
2026-07-27,Caribe,Tienda,Alimentos,6507433.25,5499000.0,390,34,34,0.10120588235294117,0.15496636096881977
2026-07-27,Caribe,Tienda,Bebidas,859660.02,648900.0,103,9,9,0.06521111111111111,0.24516671137038573
2026-07-27,Caribe,Tienda,Cuidado personal,1888066.8599999999,1284800.0,88,17,17,0.15185882352941177,0.3195156235092225
2026-07-27,Caribe,Tienda,Hogar,2412930.4,1691500.0,85,12,12,0.128075,0.2989851675788079
2026-07-27,Eje Cafetero,E-commerce,Alimentos,2179047.01,1959688.5,133,15,15,0.12938666666666668,0.10066717651951887
2026-07-27,Eje Cafetero,E-commerce,Bebidas,1023818.0899999999,836104.5,127,6,6,0.13805,0.18334662361748255
2026-07-27,Eje Cafetero,E-commerce,Cuidado personal,1887656.8599999999,1342616.0,88,24,24,0.13227916666666667,0.28873937395592114
2026-07-27,Eje Cafetero,E-commerce,Hogar,2244947.55,1726026.5,83,18,18,0.17102222222222224,0.23115063423196675
2026-07-27,Eje Cafetero,Marketplace,Alimentos,333456.28,301740.0,20,4,4,0.113275,0.09511375824141031
2026-07-27,Eje Cafetero,Marketplace,Bebidas,8248.2,6741.0,1,1,1,0.1035,0.182730777624209
2026-07-27,Eje Cafetero,Marketplace,Cuidado personal,599403.22,468660.0,30,7,7,0.19035714285714286,0.21812231839528654
2026-07-27,Eje Cafetero,Marketplace,Hogar,669820.23,553618.0,26,4,4,0.2025,0.17348271192107767
2026-07-27,Eje Cafetero,Tienda,Alimentos,2593425.48,2157300.0,153,13,13,0.07593846153846154,0.16816580363049413
2026-07-27,Eje Cafetero,Tienda,Bebidas,1475366.93,1146600.0,182,14,14,0.1319357142857143,0.22283739950711784
2026-07-27,Eje Cafetero,Tienda,Cuidado personal,1585891.73,1124200.0,77,14,14,0.18944285714285716,0.29112436950535076
2026-07-27,Eje Cafetero,Tienda,Hogar,3982068.96,2766100.0,139,14,14,0.11012857142857144,0.3053611005269984
2026-07-27,Valle,E-commerce,Alimentos,2215316.83,2018626.5,137,27,27,0.13683703703703703,0.08878654616640098
2026-07-27,Valle,E-commerce,Bebidas,822497.71,664933.5,101,18,18,0.1284611111111111,0.19156796193390005
2026-07-27,Valle,E-commerce,Cuidado personal,3051424.2,2166494.0,142,27,27,0.14934814814814815,0.2900056308133101
2026-07-27,Valle,E-commerce,Hogar,2091975.19,1684435.5,81,18,18,0.19092777777777778,0.19481095758119385
2026-07-27,Valle,Marketplace,Alimentos,879343.81,859959.0,57,11,11,0.15805454545454548,0.02204463121199438
2026-07-27,Valle,Marketplace,Bebidas,192380.07,161784.0,24,5,5,0.13312,0.15903970717964708
2026-07-27,Valle,Marketplace,Cuidado personal,1173102.8,890454.0,57,14,14,0.17805714285714286,0.24094120310683773
2026-07-27,Valle,Marketplace,Hogar,755799.13,638790.0,30,6,6,0.1932,0.15481511602163395
2026-07-27,Valle,Tienda,Alimentos,6845985.44,5682300.0,403,33,33,0.07846969696969697,0.1699807062400063
2026-07-27,Valle,Tienda,Bebidas,1979269.76,1518300.0,241,22,22,0.08762727272727272,0.23289890509922206
2026-07-27,Valle,Tienda,Cuidado personal,2647746.36,1752000.0,120,19,19,0.1481578947368421,0.3383051992940895
2026-07-27,Valle,Tienda,Hogar,5716400.43,4079500.0,205,21,21,0.12346190476190474,0.2863516036087066
2026-08-03,Antioquia,E-commerce,Alimentos,2012112.84,1782874.5,121,29,29,0.12283793103448276,0.11392916711370922
2026-08-03,Antioquia,E-commerce,Bebidas,996334.61,796603.5,121,24,24,0.1227625,0.20046589568940096
2026-08-03,Antioquia,E-commerce,Cuidado personal,3337329.0,2410606.0,158,32,32,0.159803125,0.2776840401410829
2026-08-03,Antioquia,E-commerce,Hogar,2030190.8599999999,1580458.0,76,16,16,0.1574625,0.22152245331259146
2026-08-03,Antioquia,Marketplace,Alimentos,729862.88,724176.0,48,8,8,0.21028750000000002,0.00779171013601898
2026-08-03,Antioquia,Marketplace,Bebidas,319099.87,303345.0,45,7,7,0.204,0.04937284994819959
2026-08-03,Antioquia,Marketplace,Cuidado personal,1466178.51,1187272.0,76,17,17,0.22461764705882353,0.19022684352398536
2026-08-03,Antioquia,Marketplace,Hogar,807366.66,702669.0,33,6,6,0.21878333333333333,0.12967795821541606
2026-08-03,Antioquia,Tienda,Alimentos,4642109.7,3919800.0,278,30,30,0.10154333333333333,0.1555994465188964
2026-08-03,Antioquia,Tienda,Bebidas,1457173.02,1089900.0,173,23,23,0.0848,0.2520448944353911
2026-08-03,Antioquia,Tienda,Cuidado personal,4587124.28,2890800.0,198,28,28,0.08261071428571429,0.3698012472424227
2026-08-03,Antioquia,Tienda,Hogar,3583447.58,2467600.0,124,12,12,0.08151666666666667,0.3113893966882027
2026-08-03,Bogotá,E-commerce,Alimentos,4365913.99,3860439.0,262,51,51,0.11090196078431372,0.11577758773026131
2026-08-03,Bogotá,E-commerce,Bebidas,1794988.56,1474704.0,224,35,35,0.1276142857142857,0.17843264694678615
2026-08-03,Bogotá,E-commerce,Cuidado personal,7180749.99,5050067.0,331,67,67,0.1357671641791045,0.2967215113974467
2026-08-03,Bogotá,E-commerce,Hogar,5872410.44,4429441.5,213,40,40,0.13746750000000002,0.2457200420071456
2026-08-03,Bogotá,Marketplace,Alimentos,2283940.1,2142354.0,142,24,24,0.15056666666666665,0.061992037356846656
2026-08-03,Bogotá,Marketplace,Bebidas,305504.58,276381.0,41,10,10,0.18592,0.09532943826897788
2026-08-03,Bogotá,Marketplace,Cuidado personal,2065198.97,1546578.0,99,23,23,0.16616521739130435,0.25112397281507454
2026-08-03,Bogotá,Marketplace,Hogar,3991774.17,3151364.0,148,28,28,0.1657714285714286,0.21053549980759556
2026-08-03,Bogotá,Tienda,Alimentos,11545366.36,9686700.0,687,53,53,0.08756603773584906,0.16098807972343976
2026-08-03,Bogotá,Tienda,Bebidas,2294943.83,1726200.0,274,28,28,0.0652857142857143,0.2478247278060832
2026-08-03,Bogotá,Tienda,Cuidado personal,4905412.67,3095200.0,212,33,33,0.08652424242424242,0.3690235239678622
2026-08-03,Bogotá,Tienda,Hogar,8299812.11,5890400.0,296,37,37,0.1150891891891892,0.2902971872215069
2026-08-03,Caribe,E-commerce,Alimentos,1136983.31,1001946.0,68,15,15,0.12642666666666666,0.11876806705280489
2026-08-03,Caribe,E-commerce,Bebidas,533379.51,434511.0,66,11,11,0.1188909090909091,0.1853624073410694
2026-08-03,Caribe,E-commerce,Cuidado personal,1867454.56,1296845.0,85,17,17,0.1320470588235294,0.30555472257381194
2026-08-03,Caribe,E-commerce,Hogar,2054315.85,1622049.0,78,15,15,0.16625333333333334,0.21041888471044998
2026-08-03,Caribe,Marketplace,Alimentos,723035.3,724176.0,48,11,11,0.1970090909090909,-0.0015776546456306537
2026-08-03,Caribe,Marketplace,Bebidas,47022.64,40446.0,6,2,2,0.17754999999999999,0.1398611392299539
2026-08-03,Caribe,Marketplace,Cuidado personal,773556.13,593636.0,38,8,8,0.1975875,0.2325883320192938
2026-08-03,Caribe,Marketplace,Hogar,756798.3200000001,638790.0,30,7,7,0.17998571428571428,0.15593100153816417
2026-08-03,Caribe,Tienda,Alimentos,4340129.43,3651900.0,259,17,17,0.07170588235294117,0.1585734806070057
2026-08-03,Caribe,Tienda,Bebidas,967051.43,711900.0,113,15,15,0.08425333333333333,0.2638447367788909
2026-08-03,Caribe,Tienda,Cuidado personal,3438290.03,2292200.0,157,20,20,0.12571,0.33333140020186136
2026-08-03,Caribe,Tienda,Hogar,6507941.7299999995,4636700.0,233,19,19,0.13087368421052634,0.2875320351093555
2026-08-03,Eje Cafetero,E-commerce,Alimentos,2011588.07,1841812.5,125,14,14,0.15576428571428572,0.08439877554056088
2026-08-03,Eje Cafetero,E-commerce,Bebidas,589306.48,493762.5,75,9,9,0.13985555555555554,0.16212952553991938
2026-08-03,Eje Cafetero,E-commerce,Cuidado personal,1704892.79,1266331.0,83,17,17,0.17074705882352942,0.25723716621500875
2026-08-03,Eje Cafetero,E-commerce,Hogar,978610.1499999999,769433.5,37,7,7,0.17241428571428571,0.213748702688195
2026-08-03,Eje Cafetero,Marketplace,Alimentos,410779.45999999996,392262.0,26,5,5,0.15706,0.04507883622029194
2026-08-03,Eje Cafetero,Marketplace,Bebidas,102110.81,107856.0,16,2,2,0.27195,-0.056264268200399176
2026-08-03,Eje Cafetero,Marketplace,Cuidado personal,857928.91,718612.0,46,8,8,0.2528,0.16238747567091547
2026-08-03,Eje Cafetero,Marketplace,Hogar,869657.34,702669.0,33,5,5,0.17256,0.19201624860660635
2026-08-03,Eje Cafetero,Tienda,Alimentos,3139092.4,2622600.0,186,11,11,0.0761090909090909,0.16453558359734805
2026-08-03,Eje Cafetero,Tienda,Bebidas,696313.92,535500.0,85,9,9,0.11024444444444445,0.23095031620220954
2026-08-03,Eje Cafetero,Tienda,Cuidado personal,2790145.7800000003,1868800.0,128,21,21,0.14252857142857142,0.33021420837731286
2026-08-03,Eje Cafetero,Tienda,Hogar,3789617.27,2666600.0,134,13,13,0.11076923076923076,0.2963405510340626
2026-08-03,Valle,E-commerce,Alimentos,1717343.49,1561857.0,106,22,22,0.12492272727272727,0.09053895793438503
2026-08-03,Valle,E-commerce,Bebidas,422964.68,342342.0,52,11,11,0.12367272727272728,0.19061326822844876
2026-08-03,Valle,E-commerce,Cuidado personal,3439700.89,2425863.0,159,31,31,0.14791612903225806,0.2947459451917635
2026-08-03,Valle,E-commerce,Hogar,3898575.27,2973756.5,143,26,26,0.14990384615384617,0.23721967794660537
2026-08-03,Valle,Marketplace,Alimentos,1289509.0999999999,1176786.0,78,11,11,0.12509090909090909,0.08741551339187903
2026-08-03,Valle,Marketplace,Bebidas,271695.44,222453.0,33,6,6,0.13146666666666665,0.18124131932431403
2026-08-03,Valle,Marketplace,Cuidado personal,922106.1,734234.0,47,12,12,0.18873333333333334,0.20374238929771746
2026-08-03,Valle,Marketplace,Hogar,1249235.41,1043357.0,49,9,9,0.2046111111111111,0.16480353370706963
2026-08-03,Valle,Tienda,Alimentos,5992373.25,5090100.0,361,27,27,0.1008074074074074,0.15057026863271575
2026-08-03,Valle,Tienda,Bebidas,1637969.5899999999,1297800.0,206,17,17,0.13851176470588233,0.20767759797054589
2026-08-03,Valle,Tienda,Cuidado personal,5386205.4,3518600.0,241,24,24,0.1039875,0.3467386149068879
2026-08-03,Valle,Tienda,Hogar,6667530.81,4776000.0,240,24,24,0.13533333333333333,0.28369284880739826
2026-08-10,Antioquia,E-commerce,Alimentos,3758148.7,3359466.0,228,35,35,0.12123142857142857,0.10608486566803495
2026-08-10,Antioquia,E-commerce,Bebidas,734283.13,612265.5,93,21,21,0.13947619047619048,0.16617245448632328
2026-08-10,Antioquia,E-commerce,Cuidado personal,4098947.0100000002,3112428.0,204,47,47,0.20322978723404256,0.2406762047894833
2026-08-10,Antioquia,E-commerce,Hogar,3114659.2800000003,2329096.0,112,19,19,0.14237894736842105,0.25221483616018514
2026-08-10,Antioquia,Marketplace,Alimentos,1016738.0,1010829.0,67,14,14,0.1810857142857143,0.0058117233741632555
2026-08-10,Antioquia,Marketplace,Bebidas,244013.5,215712.0,32,6,6,0.16873333333333337,0.11598333698750274
2026-08-10,Antioquia,Marketplace,Cuidado personal,1549502.2,1312248.0,84,20,20,0.26888,0.1531164008673237
2026-08-10,Antioquia,Marketplace,Hogar,1131137.69,915599.0,43,8,8,0.19058750000000002,0.19055035642919824
2026-08-10,Antioquia,Tienda,Alimentos,4476236.92,3750600.0,266,28,28,0.08854642857142857,0.162108693746264
2026-08-10,Antioquia,Tienda,Bebidas,1621058.23,1234800.0,196,17,17,0.1010764705882353,0.23827535794318752
2026-08-10,Antioquia,Tienda,Cuidado personal,3543823.42,2584200.0,177,27,27,0.2089037037037037,0.2707875947159918
2026-08-10,Antioquia,Tienda,Hogar,1905654.9100000001,1333300.0,67,11,11,0.10574545454545455,0.3003455174368376
2026-08-10,Bogotá,E-commerce,Alimentos,4578011.51,4066722.0,276,53,53,0.12280943396226414,0.11168375371777949
2026-08-10,Bogotá,E-commerce,Bebidas,1470984.66,1185030.0,180,34,34,0.12874411764705881,0.194396765497201
2026-08-10,Bogotá,E-commerce,Cuidado personal,5046969.99,4104133.0,269,72,72,0.24546666666666667,0.18681248191848276
2026-08-10,Bogotá,E-commerce,Hogar,3834509.37,2848983.5,137,28,28,0.12328214285714287,0.2570148550712761
2026-08-10,Bogotá,Marketplace,Alimentos,2897152.8699999996,2776008.0,184,16,16,0.16978125,0.04181514591599706
2026-08-10,Bogotá,Marketplace,Bebidas,450541.71,397719.0,59,8,8,0.18737499999999999,0.11724266328194125
2026-08-10,Bogotá,Marketplace,Cuidado personal,1997439.15,1655932.0,106,28,28,0.2495214285714286,0.17097249245364993
2026-08-10,Bogotá,Marketplace,Hogar,1451213.46,1298873.0,61,14,14,0.2319357142857143,0.10497453627531815
2026-08-10,Bogotá,Tienda,Alimentos,10784531.12,9080400.0,644,52,52,0.09711730769230768,0.15801624577258389
2026-08-10,Bogotá,Tienda,Bebidas,2600899.33,1946700.0,309,30,30,0.0784,0.2515281243122932
2026-08-10,Bogotá,Tienda,Cuidado personal,6064000.28,4365400.0,299,40,40,0.19019250000000001,0.28011217044336945
2026-08-10,Bogotá,Tienda,Hogar,5207969.91,3621800.0,182,22,22,0.09329090909090909,0.30456587449830336
2026-08-10,Caribe,E-commerce,Alimentos,1460676.58,1355574.0,92,15,15,0.14892,0.07195472388555725
2026-08-10,Caribe,E-commerce,Bebidas,615251.24,539847.0,82,15,15,0.17643333333333333,0.12255845270624728
2026-08-10,Caribe,E-commerce,Cuidado personal,1966034.01,1540957.0,101,19,19,0.2446315789473684,0.2162104052309858
2026-08-10,Caribe,E-commerce,Hogar,957544.16,790229.0,38,6,6,0.18499999999999997,0.1747336227292118
2026-08-10,Caribe,Marketplace,Alimentos,383841.95999999996,362088.0,24,6,6,0.1451,0.05667426250116054
2026-08-10,Caribe,Marketplace,Bebidas,187586.24,161784.0,24,7,7,0.16822857142857142,0.13754868160905614
2026-08-10,Caribe,Marketplace,Cuidado personal,1008702.32,906076.0,58,15,15,0.3033533333333333,0.10174093780214559
2026-08-10,Caribe,Marketplace,Hogar,499673.1,425860.0,20,4,4,0.23172500000000001,0.14772278115431867
2026-08-10,Caribe,Tienda,Alimentos,3651094.24,3087900.0,219,24,24,0.10392083333333334,0.1542535478350184
2026-08-10,Caribe,Tienda,Bebidas,1408893.71,1039500.0,165,18,18,0.06924999999999999,0.26218706732674674
2026-08-10,Caribe,Tienda,Cuidado personal,1486870.36,1051200.0,72,13,13,0.1785923076923077,0.29301166511921056
2026-08-10,Caribe,Tienda,Hogar,3072220.31,2149200.0,108,8,8,0.0857125,0.30044079423457754
2026-08-10,Eje Cafetero,E-commerce,Alimentos,694620.01,648318.0,44,9,9,0.1451,0.06665804228703404
2026-08-10,Eje Cafetero,E-commerce,Bebidas,592876.78,454261.5,69,10,10,0.08352,0.23380116185356428
2026-08-10,Eje Cafetero,E-commerce,Cuidado personal,904384.47,732336.0,48,12,12,0.24787499999999998,0.19023819593010036
2026-08-10,Eje Cafetero,E-commerce,Hogar,926345.9299999999,665456.0,32,5,5,0.083,0.28163337426224777
2026-08-10,Eje Cafetero,Marketplace,Alimentos,351964.76,316827.0,21,4,4,0.112425,0.09983317648050904
2026-08-10,Eje Cafetero,Marketplace,Bebidas,251584.12000000002,208971.0,31,5,5,0.11137999999999999,0.16937921201067865
2026-08-10,Eje Cafetero,Marketplace,Cuidado personal,871483.6000000001,702990.0,45,9,9,0.24246666666666666,0.1933411024602185
2026-08-10,Eje Cafetero,Marketplace,Hogar,483178.7,425860.0,20,3,3,0.21903333333333333,0.11862836668917734
2026-08-10,Eje Cafetero,Tienda,Alimentos,3098833.2800000003,2693100.0,191,16,16,0.11554375,0.13093098057860028
2026-08-10,Eje Cafetero,Tienda,Bebidas,1263530.75,970200.0,154,18,18,0.09215000000000001,0.23215165123603046
2026-08-10,Eje Cafetero,Tienda,Cuidado personal,1400897.48,992800.0,68,12,12,0.18603333333333336,0.2913114527124426
2026-08-10,Eje Cafetero,Tienda,Hogar,593962.48,477600.0,24,4,4,0.184275,0.19590880555283557
2026-08-10,Valle,E-commerce,Alimentos,2109695.61,1886016.0,128,24,24,0.13539166666666666,0.10602458901642209
2026-08-10,Valle,E-commerce,Bebidas,1131182.04,888772.5,135,23,23,0.10383913043478261,0.2142975501980212
2026-08-10,Valle,E-commerce,Cuidado personal,2338613.17,1846097.0,121,31,31,0.21855806451612902,0.21060181150010368
2026-08-10,Valle,E-commerce,Hogar,430449.79,395114.5,19,4,4,0.254,0.08208922578403391
2026-08-10,Valle,Marketplace,Alimentos,304820.72,316827.0,21,6,6,0.20741666666666667,-0.03938800485741267
2026-08-10,Valle,Marketplace,Bebidas,497695.88,390978.0,58,8,8,0.0701125,0.21442387668549717
2026-08-10,Valle,Marketplace,Cuidado personal,1105044.4000000001,968564.0,62,14,14,0.28597142857142854,0.12350671158552555
2026-08-10,Valle,Marketplace,Hogar,416609.72,361981.0,17,4,4,0.20274999999999999,0.13112684936875688
2026-08-10,Valle,Tienda,Alimentos,6056702.600000001,5132400.0,364,28,28,0.09939285714285714,0.15260821952856005
2026-08-10,Valle,Tienda,Bebidas,1891014.99,1455300.0,231,19,19,0.11371578947368421,0.23041329249325518
2026-08-10,Valle,Tienda,Cuidado personal,3846620.3000000003,2774000.0,190,24,24,0.18892083333333334,0.2788474599377537
2026-08-10,Valle,Tienda,Hogar,1759306.4100000001,1194000.0,60,8,8,0.0937875,0.3213234526895176
2026-08-17,Antioquia,E-commerce,Alimentos,2636181.2,2328051.0,158,32,32,0.115253125,0.11688506086000468
2026-08-17,Antioquia,E-commerce,Bebidas,968201.25,790020.0,120,20,20,0.139065,0.1840332782053318
2026-08-17,Antioquia,E-commerce,Cuidado personal,3143979.56,2547919.0,167,44,44,0.23728863636363637,0.1895879246746757
2026-08-17,Antioquia,E-commerce,Hogar,1815183.52,1372503.0,66,13,13,0.15436153846153847,0.24387645388054208
2026-08-17,Antioquia,Marketplace,Alimentos,524363.65,497871.0,33,6,6,0.16974999999999998,0.05052342968472361
2026-08-17,Antioquia,Marketplace,Bebidas,474488.47000000003,417942.0,62,8,8,0.19337500000000002,0.11917353861095935
2026-08-17,Antioquia,Marketplace,Cuidado personal,1205259.58,1062296.0,68,18,18,0.2799388888888889,0.11861642286220207
2026-08-17,Antioquia,Marketplace,Hogar,912261.14,787841.0,37,8,8,0.19425,0.1363865394946013
2026-08-17,Antioquia,Tienda,Alimentos,3637472.41,2975100.0,211,29,29,0.08485172413793104,0.18209688908678215
2026-08-17,Antioquia,Tienda,Bebidas,2138625.9,1625400.0,258,17,17,0.0796,0.23997927828331264
2026-08-17,Antioquia,Tienda,Cuidado personal,4488963.37,3285000.0,225,29,29,0.20948965517241377,0.268205211485163
2026-08-17,Antioquia,Tienda,Hogar,2551294.3,1771100.0,89,11,11,0.11766363636363636,0.3058033328416874
2026-08-17,Bogotá,E-commerce,Alimentos,4166000.58,3727828.5,253,51,51,0.12595686274509804,0.10517811305729585
2026-08-17,Bogotá,E-commerce,Bebidas,954232.3,770269.5,117,24,24,0.128775,0.1927861800528027
2026-08-17,Bogotá,E-commerce,Cuidado personal,6611480.71,5294179.0,347,78,78,0.23577435897435897,0.1992445819296658
2026-08-17,Bogotá,E-commerce,Hogar,3855722.82,2911370.0,140,33,33,0.13066666666666668,0.2449223826727254
2026-08-17,Bogotá,Marketplace,Alimentos,1291445.7,1252221.0,83,18,18,0.16988333333333333,0.03037270556555336
2026-08-17,Bogotá,Marketplace,Bebidas,341967.26,303345.0,45,10,10,0.1647,0.11294139678751705
2026-08-17,Bogotá,Marketplace,Cuidado personal,1754891.23,1499712.0,96,24,24,0.263175,0.14541028277860843
2026-08-17,Bogotá,Marketplace,Hogar,2317633.27,1831198.0,86,18,18,0.15543888888888888,0.20988448703103058
2026-08-17,Bogotá,Tienda,Alimentos,10191710.28,8643300.0,613,48,48,0.10334791666666666,0.15192840430703447
2026-08-17,Bogotá,Tienda,Bebidas,3186603.69,2431800.0,386,34,34,0.08478529411764706,0.2368677637475528
2026-08-17,Bogotá,Tienda,Cuidado personal,7267002.77,5314400.0,364,47,47,0.19779787234042553,0.2686943753566231
2026-08-17,Bogotá,Tienda,Hogar,6060216.59,4119300.0,207,33,33,0.09159393939393938,0.32027181886580064
2026-08-17,Caribe,E-commerce,Alimentos,2072076.95,1841812.5,125,20,20,0.11817,0.11112736426125486
2026-08-17,Caribe,E-commerce,Bebidas,528900.97,414760.5,63,10,10,0.10171999999999999,0.21580688347007565
2026-08-17,Caribe,E-commerce,Cuidado personal,2057808.53,1663013.0,109,29,29,0.2522931034482758,0.19185241204146433
2026-08-17,Caribe,E-commerce,Hogar,776380.72,603069.5,29,5,5,0.13932,0.22322968040731353
2026-08-17,Caribe,Marketplace,Alimentos,325976.98,301740.0,20,5,5,0.12401999999999999,0.0743518146588142
2026-08-17,Caribe,Marketplace,Bebidas,405801.66000000003,337050.0,50,9,9,0.14932222222222225,0.16942183035919575
2026-08-17,Caribe,Marketplace,Cuidado personal,488639.3,406172.0,26,5,5,0.2486,0.16876927418650114
2026-08-17,Caribe,Marketplace,Hogar,618141.77,511032.0,24,5,5,0.18948,0.17327702996029537
2026-08-17,Caribe,Tienda,Alimentos,2886114.59,2411100.0,171,20,20,0.09531,0.1645861850551124
2026-08-17,Caribe,Tienda,Bebidas,334799.72,245700.0,39,6,6,0.08473333333333333,0.26612841850644314
2026-08-17,Caribe,Tienda,Cuidado personal,1875754.2,1430800.0,98,12,12,0.2538916666666667,0.23721348991248425
2026-08-17,Caribe,Tienda,Hogar,736396.47,497500.0,25,4,4,0.10759999999999999,0.32441283973020674
2026-08-17,Eje Cafetero,E-commerce,Alimentos,2104611.78,1856547.0,126,18,18,0.11981111111111112,0.11786723915419679
2026-08-17,Eje Cafetero,E-commerce,Bebidas,434234.55,348925.5,53,9,9,0.13394444444444445,0.19645845776205506
2026-08-17,Eje Cafetero,E-commerce,Cuidado personal,1363237.72,1129018.0,74,18,18,0.24482222222222225,0.17181135510246884
2026-08-17,Eje Cafetero,E-commerce,Hogar,1132868.43,894206.5,43,9,9,0.15212222222222221,0.21067047476996068
2026-08-17,Eje Cafetero,Marketplace,Alimentos,415422.07,377175.0,25,5,5,0.12603999999999999,0.09206797799645071
2026-08-17,Eje Cafetero,Marketplace,Bebidas,144072.34999999998,114597.0,17,2,2,0.11545,0.20458713972528372
2026-08-17,Eje Cafetero,Marketplace,Cuidado personal,468184.7,421794.0,27,8,8,0.3019875,0.09908632212885216
2026-08-17,Eje Cafetero,Marketplace,Hogar,164993.39,149051.0,7,2,2,0.24585,0.09662441628722225
2026-08-17,Eje Cafetero,Tienda,Alimentos,3395339.38,2820000.0,200,17,17,0.08574705882352941,0.16944974142761537
2026-08-17,Eje Cafetero,Tienda,Bebidas,654974.89,497700.0,79,2,2,0.06915,0.24012354122461094
2026-08-17,Eje Cafetero,Tienda,Cuidado personal,1530108.13,1153400.0,79,14,14,0.24315714285714285,0.24619706451726384
2026-08-17,Eje Cafetero,Tienda,Hogar,1728020.84,1213900.0,61,8,8,0.1092625,0.2975200461124069
2026-08-17,Valle,E-commerce,Alimentos,1581261.39,1443981.0,98,22,22,0.13763181818181816,0.08681701258765315
2026-08-17,Valle,E-commerce,Bebidas,685322.08,553014.0,84,17,17,0.125,0.19305970705044256
2026-08-17,Valle,E-commerce,Cuidado personal,2278655.07,1785069.0,117,30,30,0.2189866666666667,0.21661289437720815
2026-08-17,Valle,E-commerce,Hogar,1329270.3800000001,998184.0,48,10,10,0.12033,0.2490737663168272
2026-08-17,Valle,Marketplace,Alimentos,1483143.25,1403091.0,93,11,11,0.13667272727272728,0.05397472563759435
2026-08-17,Valle,Marketplace,Bebidas,155816.13,128079.0,19,3,3,0.14576666666666666,0.17801192983037126
2026-08-17,Valle,Marketplace,Cuidado personal,1277532.08,1031052.0,66,14,14,0.2553714285714285,0.1929345523753893
2026-08-17,Valle,Tienda,Alimentos,9085566.3,7628100.0,541,36,36,0.08662500000000001,0.16041557035360587
2026-08-17,Valle,Tienda,Bebidas,2968609.25,2305800.0,366,24,24,0.09271249999999999,0.22327264863167828
2026-08-17,Valle,Tienda,Cuidado personal,3167050.33,2292200.0,157,21,21,0.21532380952380953,0.27623505749591293
2026-08-17,Valle,Tienda,Hogar,418455.54000000004,318400.0,16,3,3,0.1983,0.23910673998962956
2026-08-24,Antioquia,E-commerce,Alimentos,2282005.56,2033361.0,138,24,24,0.12346249999999999,0.10895878798822911
2026-08-24,Antioquia,E-commerce,Bebidas,1059149.74,829521.0,126,19,19,0.10219473684210527,0.2168047928709306
2026-08-24,Antioquia,E-commerce,Cuidado personal,2655532.38,2090209.0,137,37,37,0.22834054054054057,0.2128851390620211
2026-08-24,Antioquia,E-commerce,Hogar,1577426.47,1164548.0,56,11,11,0.10846363636363637,0.2617418167199895
2026-08-24,Antioquia,Marketplace,Alimentos,786858.06,739263.0,49,9,9,0.18373333333333333,0.060487478516773475
2026-08-24,Antioquia,Marketplace,Bebidas,175361.13999999998,148302.0,22,5,5,0.14567999999999998,0.15430522406503508
2026-08-24,Antioquia,Marketplace,Cuidado personal,1399290.5,1234138.0,79,17,17,0.2776,0.11802588526113769
2026-08-24,Antioquia,Marketplace,Hogar,1481272.82,1213701.0,57,6,6,0.20446666666666666,0.18063642050760106
2026-08-24,Antioquia,Tienda,Alimentos,4424484.14,3637800.0,258,35,35,0.08341428571428572,0.17780245450263943
2026-08-24,Antioquia,Tienda,Bebidas,1810295.3699999999,1367100.0,217,25,25,0.105568,0.24481936889669
2026-08-24,Antioquia,Tienda,Cuidado personal,2350670.01,1737400.0,119,17,17,0.2340941176470588,0.26089157873758717
2026-08-24,Antioquia,Tienda,Hogar,2468066.2600000002,1731300.0,87,13,13,0.12470769230769231,0.29851964347180865
2026-08-24,Bogotá,E-commerce,Alimentos,3681228.77,3256324.5,221,40,40,0.122085,0.11542457601731718
2026-08-24,Bogotá,E-commerce,Bebidas,1866313.27,1507621.5,229,39,39,0.11797179487179488,0.19219269120880228
2026-08-24,Bogotá,E-commerce,Cuidado personal,5353988.89,4256703.0,279,74,74,0.2227364864864865,0.204947360284866
2026-08-24,Bogotá,E-commerce,Hogar,3381201.06,2599437.5,125,23,23,0.15037391304347827,0.23120883559642563
2026-08-24,Bogotá,Marketplace,Alimentos,1185192.51,1176786.0,78,19,19,0.18064736842105264,0.0070929489758587904
2026-08-24,Bogotá,Marketplace,Bebidas,938298.39,808920.0,120,14,14,0.1424642857142857,0.13788618991448978
2026-08-24,Bogotá,Marketplace,Cuidado personal,2250491.44,1921506.0,123,30,30,0.26060666666666665,0.1461838219655703
2026-08-24,Bogotá,Marketplace,Hogar,1779244.8499999999,1447924.0,68,14,14,0.1859142857142857,0.18621430884006768
2026-08-24,Bogotá,Tienda,Alimentos,10306676.69,8713800.0,618,50,50,0.08922000000000001,0.1545480408389525
2026-08-24,Bogotá,Tienda,Bebidas,4685891.6,3553200.0,564,37,37,0.0689054054054054,0.2417238162316857
2026-08-24,Bogotá,Tienda,Cuidado personal,5976574.59,4146400.0,284,37,37,0.14878648648648649,0.3062246714133287
2026-08-24,Bogotá,Tienda,Hogar,5232659.79,3562100.0,179,27,27,0.08877037037037036,0.319256335600599
2026-08-24,Caribe,E-commerce,Alimentos,711438.36,677787.0,46,9,9,0.17302222222222222,0.047300457625028804
2026-08-24,Caribe,E-commerce,Bebidas,493596.69,408177.0,62,11,11,0.13194545454545456,0.17305563779206057
2026-08-24,Caribe,E-commerce,Cuidado personal,1996585.35,1617242.0,106,25,25,0.24959199999999998,0.18999606002317912
2026-08-24,Caribe,E-commerce,Hogar,659479.73,499092.0,24,7,7,0.12658571428571427,0.24320342643434997
2026-08-24,Caribe,Marketplace,Alimentos,669619.89,633654.0,42,8,8,0.153675,0.05371090455512009
2026-08-24,Caribe,Marketplace,Bebidas,127093.03,114597.0,17,4,4,0.20095,0.09832191427020033
2026-08-24,Caribe,Marketplace,Cuidado personal,828042.9,687368.0,44,9,9,0.2505888888888889,0.16988842003234375
2026-08-24,Caribe,Marketplace,Hogar,282882.78,234223.0,11,2,2,0.17315,0.1720139345350043
2026-08-24,Caribe,Tienda,Alimentos,5411804.82,4497900.0,319,21,21,0.08417142857142858,0.16887246499033945
2026-08-24,Caribe,Tienda,Bebidas,1774805.96,1367100.0,217,19,19,0.08782631578947368,0.22971861104185157
2026-08-24,Caribe,Tienda,Cuidado personal,2258728.01,1576800.0,108,18,18,0.17128333333333334,0.3019079796154827
2026-08-24,Caribe,Tienda,Hogar,479991.45,378100.0,19,5,5,0.18309999999999998,0.21227763536204658
2026-08-24,Eje Cafetero,E-commerce,Alimentos,1990530.47,1723936.5,117,16,16,0.114525,0.13393111736691976
2026-08-24,Eje Cafetero,E-commerce,Bebidas,628187.9,487179.0,74,10,10,0.10868,0.2244693028948823
2026-08-24,Eje Cafetero,E-commerce,Cuidado personal,1465589.33,1113761.0,73,15,15,0.21405333333333332,0.24005928727660705
2026-08-24,Eje Cafetero,E-commerce,Hogar,1089780.48,852615.5,41,9,9,0.1719,0.21762637921354583
2026-08-24,Eje Cafetero,Marketplace,Alimentos,1115721.97,1086264.0,72,8,8,0.1758625,0.026402608169488653
2026-08-24,Eje Cafetero,Marketplace,Bebidas,108683.9,94374.0,14,3,3,0.2051333333333333,0.13166531565392844
2026-08-24,Eje Cafetero,Marketplace,Cuidado personal,477229.25,437416.0,28,6,6,0.31256666666666666,0.08342583779179504
2026-08-24,Eje Cafetero,Marketplace,Hogar,307465.77,234223.0,11,2,2,0.1669,0.23821438724707475
2026-08-24,Eje Cafetero,Tienda,Alimentos,1664157.32,1381800.0,98,10,10,0.08181,0.1696698482809306
2026-08-24,Eje Cafetero,Tienda,Bebidas,378542.42000000004,283500.0,45,7,7,0.12045714285714285,0.251074688009867
2026-08-24,Eje Cafetero,Tienda,Cuidado personal,3000619.66,2204600.0,151,15,15,0.20487333333333335,0.2652850911468067
2026-08-24,Eje Cafetero,Tienda,Hogar,1439524.49,1014900.0,51,7,7,0.11190000000000001,0.29497552347997913
2026-08-24,Valle,E-commerce,Alimentos,2502327.12,2195440.5,149,28,28,0.10757142857142857,0.12264048834670349
2026-08-24,Valle,E-commerce,Bebidas,694996.51,559597.5,85,19,19,0.12286842105263157,0.19481969772769075
2026-08-24,Valle,E-commerce,Cuidado personal,2596414.6,2059695.0,135,30,30,0.2303066666666667,0.2067156763022362
2026-08-24,Valle,E-commerce,Hogar,1142908.3399999999,852615.5,41,8,8,0.1489625,0.25399485666540844
2026-08-24,Valle,Marketplace,Alimentos,601508.83,558219.0,37,9,9,0.14056666666666665,0.07196873568755419
2026-08-24,Valle,Marketplace,Bebidas,544941.39,505575.0,75,14,14,0.2270285714285714,0.07223967700453073
2026-08-24,Valle,Marketplace,Cuidado personal,781383.91,687368.0,44,11,11,0.2811,0.1203197414187861
2026-08-24,Valle,Marketplace,Hogar,352634.3,276809.0,13,2,2,0.16685,0.2150253109240933
2026-08-24,Valle,Tienda,Alimentos,7686751.890000001,6457800.0,458,30,30,0.07924666666666666,0.15987921915351433
2026-08-24,Valle,Tienda,Bebidas,1724806.02,1310400.0,208,17,17,0.07888823529411765,0.24026239194132684
2026-08-24,Valle,Tienda,Cuidado personal,3007761.56,2263000.0,155,24,24,0.23691666666666666,0.24761323168183585
2026-08-24,Valle,Tienda,Hogar,1500926.81,1054700.0,53,8,8,0.1176375,0.29730084573544263
2026-08-31,Antioquia,E-commerce,Alimentos,3878701.61,3403669.5,231,34,34,0.10644411764705883,0.12247193977883745
2026-08-31,Antioquia,E-commerce,Bebidas,782781.62,638599.5,97,20,20,0.131715,0.1841920100270111
2026-08-31,Antioquia,E-commerce,Cuidado personal,2522060.2399999998,2090209.0,137,32,32,0.25910625,0.17122955001265147
2026-08-31,Antioquia,E-commerce,Hogar,1383597.67,1018979.5,49,11,11,0.11651818181818183,0.2635290430924186
2026-08-31,Antioquia,Marketplace,Alimentos,1282312.69,1191873.0,79,14,14,0.14898571428571428,0.07052857754998895
2026-08-31,Antioquia,Marketplace,Bebidas,139309.45,121338.0,18,4,4,0.14839999999999998,0.12900381129923355
2026-08-31,Antioquia,Marketplace,Cuidado personal,922365.27,781100.0,50,12,12,0.2763083333333333,0.15315545217785576
2026-08-31,Antioquia,Marketplace,Hogar,1303533.96,1022064.0,48,8,8,0.1663625,0.21592836752791617
2026-08-31,Antioquia,Tienda,Alimentos,4595998.21,3948000.0,280,30,30,0.09718666666666667,0.14099183254468672
2026-08-31,Antioquia,Tienda,Bebidas,1632819.6400000001,1215900.0,193,17,17,0.05574117647058824,0.25533722757033966
2026-08-31,Antioquia,Tienda,Cuidado personal,4625239.77,3358000.0,230,27,27,0.21071481481481483,0.2739835842067058
2026-08-31,Antioquia,Tienda,Hogar,2026091.41,1373100.0,69,9,9,0.06525555555555557,0.32229118922131944
2026-08-31,Bogotá,E-commerce,Alimentos,5209712.71,4626633.0,314,56,56,0.11488035714285715,0.11192166295096913
2026-08-31,Bogotá,E-commerce,Bebidas,1617401.78,1310116.5,199,42,42,0.12865714285714286,0.18998698022948882
2026-08-31,Bogotá,E-commerce,Cuidado personal,5233866.92,4165161.0,273,69,69,0.22273188405797104,0.204190503185358
2026-08-31,Bogotá,E-commerce,Hogar,2393587.76,1850799.5,89,20,20,0.136345,0.22676764523561896
2026-08-31,Bogotá,Marketplace,Alimentos,1889619.32,1735005.0,115,23,23,0.1348913043478261,0.08182299914249398
2026-08-31,Bogotá,Marketplace,Bebidas,718889.81,599949.0,89,15,15,0.14009333333333332,0.16545068290785767
2026-08-31,Bogotá,Marketplace,Cuidado personal,1169952.05,1046674.0,67,17,17,0.2898352941176471,0.10537017307675134
2026-08-31,Bogotá,Marketplace,Hogar,1177505.85,1000771.0,47,12,12,0.17990000000000003,0.1500925451877798
2026-08-31,Bogotá,Tienda,Alimentos,11878485.35,10011000.0,710,55,55,0.09079454545454546,0.15721578088236643
2026-08-31,Bogotá,Tienda,Bebidas,2394618.82,1814400.0,288,27,27,0.09262962962962963,0.24230111914012264
2026-08-31,Bogotá,Tienda,Cuidado personal,6132447.67,4438400.0,304,50,50,0.20389800000000002,0.2762433144415238
2026-08-31,Bogotá,Tienda,Hogar,5644654.35,3980000.0,200,17,17,0.13756470588235295,0.2949081107154063
2026-08-31,Caribe,E-commerce,Alimentos,943204.84,810397.5,55,10,10,0.09769,0.14080434532121355
2026-08-31,Caribe,E-commerce,Bebidas,260055.11,204088.5,31,8,8,0.100775,0.2152105759429222
2026-08-31,Caribe,E-commerce,Cuidado personal,2310243.34,1830840.0,120,28,28,0.23005,0.20751205368695053
2026-08-31,Caribe,E-commerce,Hogar,1744126.78,1330912.0,64,13,13,0.1574769230769231,0.2369178575424431
2026-08-31,Caribe,Marketplace,Alimentos,1170566.04,1161699.0,77,12,12,0.18184999999999998,0.007575001919584167
2026-08-31,Caribe,Marketplace,Bebidas,173622.38999999998,141561.0,21,3,3,0.11313333333333332,0.18466160960000602
2026-08-31,Caribe,Marketplace,Cuidado personal,291540.4,265574.0,17,4,4,0.29157500000000003,0.08906621517978304
2026-08-31,Caribe,Marketplace,Hogar,252931.45,255516.0,12,2,2,0.32865,-0.010218381304499652
2026-08-31,Caribe,Tienda,Alimentos,3563747.1599999997,2946900.0,209,16,16,0.08050625,0.17308948483314954
2026-08-31,Caribe,Tienda,Bebidas,838749.77,623700.0,99,10,10,0.06405,0.25639323871290004
2026-08-31,Caribe,Tienda,Cuidado personal,3004796.3200000003,2233800.0,153,17,17,0.21170588235294116,0.256588546407698
2026-08-31,Caribe,Tienda,Hogar,1709371.8399999999,1213900.0,61,10,10,0.11607,0.28985609122939565
2026-08-31,Eje Cafetero,E-commerce,Alimentos,824014.3,766194.0,52,9,9,0.15895555555555557,0.07016904925072301
2026-08-31,Eje Cafetero,E-commerce,Bebidas,284654.36,230422.5,35,8,8,0.1487,0.1905182832962755
2026-08-31,Eje Cafetero,E-commerce,Cuidado personal,682025.27,579766.0,38,10,10,0.28755000000000003,0.14993472309317807
2026-08-31,Eje Cafetero,E-commerce,Hogar,846097.65,665456.0,32,7,7,0.17087142857142856,0.21349976565943662
2026-08-31,Eje Cafetero,Marketplace,Alimentos,216987.72,196131.0,13,3,3,0.12560000000000002,0.09611935643178333
2026-08-31,Eje Cafetero,Marketplace,Bebidas,112616.87,94374.0,14,4,4,0.127775,0.16199056144963003
2026-08-31,Eje Cafetero,Marketplace,Cuidado personal,698644.78,609258.0,39,9,9,0.2768333333333334,0.12794310150002125
2026-08-31,Eje Cafetero,Marketplace,Hogar,755421.47,574911.0,27,4,4,0.11155000000000001,0.23895332230893568
2026-08-31,Eje Cafetero,Tienda,Alimentos,4032514.8000000003,3384000.0,240,21,21,0.0904047619047619,0.1608214308351702
2026-08-31,Eje Cafetero,Tienda,Bebidas,341305.64,258300.0,41,7,7,0.1237,0.2432003174632567
2026-08-31,Eje Cafetero,Tienda,Cuidado personal,2059945.93,1474600.0,101,15,15,0.21121333333333334,0.2841559681132019
2026-08-31,Eje Cafetero,Tienda,Hogar,1890987.54,1253700.0,63,6,6,0.04635,0.3370130825928129
2026-08-31,Valle,E-commerce,Alimentos,3150492.39,2770086.0,188,29,29,0.10547241379310345,0.12074505915565792
2026-08-31,Valle,E-commerce,Bebidas,481356.54000000004,395010.0,60,9,9,0.14661111111111114,0.17938166997793367
2026-08-31,Valle,E-commerce,Cuidado personal,1669148.67,1388387.0,91,26,26,0.24696153846153848,0.16820650853108246
2026-08-31,Valle,E-commerce,Hogar,1467970.02,1102161.5,53,9,9,0.1259,0.2491934542368924
2026-08-31,Valle,Marketplace,Alimentos,626107.2,603480.0,40,7,7,0.16872857142857142,0.03613949815622621
2026-08-31,Valle,Marketplace,Bebidas,446554.92000000004,390978.0,58,12,12,0.17530833333333332,0.12445707685854192
2026-08-31,Valle,Marketplace,Cuidado personal,673527.55,624880.0,40,10,10,0.3025,0.07222800314552841
2026-08-31,Valle,Marketplace,Hogar,93828.28,85172.0,4,1,1,0.2553,0.09225662028548322
2026-08-31,Valle,Tienda,Alimentos,7572548.03,6359100.0,451,36,36,0.0854388888888889,0.16024302852787586
2026-08-31,Valle,Tienda,Bebidas,2195553.13,1688400.0,268,20,20,0.11267,0.2309910532659257
2026-08-31,Valle,Tienda,Cuidado personal,3613676.64,2613400.0,179,25,25,0.187612,0.2768030290612832
2026-08-31,Valle,Tienda,Hogar,979860.0800000001,696500.0,35,5,5,0.15006,0.2891842272010919
2026-09-07,Antioquia,E-commerce,Alimentos,2680646.21,2431192.5,165,30,30,0.13819333333333333,0.09305730426843607
2026-09-07,Antioquia,E-commerce,Bebidas,984582.22,816354.0,124,24,24,0.12935,0.17086254106843407
2026-09-07,Antioquia,E-commerce,Cuidado personal,3957951.4,3097171.0,203,49,49,0.21611428571428573,0.21748129600580743
2026-09-07,Antioquia,E-commerce,Hogar,1952512.02,1538867.0,74,14,14,0.1572,0.21185273932398122
2026-09-07,Antioquia,Marketplace,Alimentos,755696.3400000001,709089.0,47,8,8,0.1445875,0.0616746933033976
2026-09-07,Antioquia,Marketplace,Bebidas,232338.66999999998,188748.0,28,5,5,0.10507999999999999,0.1876169386697444
2026-09-07,Antioquia,Marketplace,Cuidado personal,1962557.09,1593444.0,102,23,23,0.24203478260869565,0.1880776319225445
2026-09-07,Antioquia,Marketplace,Hogar,380995.35,319395.0,15,3,3,0.18846666666666667,0.1616826819539923
2026-09-07,Antioquia,Tienda,Alimentos,7442363.55,6415500.0,455,31,31,0.1019967741935484,0.1379754621097487
2026-09-07,Antioquia,Tienda,Bebidas,2353375.57,1770300.0,281,23,23,0.07555652173913044,0.24776137622606487
2026-09-07,Antioquia,Tienda,Cuidado personal,4276412.11,3182800.0,218,30,30,0.22696666666666668,0.25573122558573996
2026-09-07,Antioquia,Tienda,Hogar,4092771.08,2766100.0,139,18,18,0.07459444444444445,0.32414983737619646
2026-09-07,Bogotá,E-commerce,Alimentos,5585526.21,4877119.5,331,55,55,0.10054363636363636,0.1268290011300475
2026-09-07,Bogotá,E-commerce,Bebidas,1710683.07,1382535.0,210,31,31,0.12681935483870968,0.19182283133251565
2026-09-07,Bogotá,E-commerce,Cuidado personal,5749799.99,4622871.0,303,76,76,0.23511447368421054,0.19599446797452866
2026-09-07,Bogotá,E-commerce,Hogar,5753198.06,4138304.5,199,37,37,0.10632432432432433,0.2806949357832467
2026-09-07,Bogotá,Marketplace,Alimentos,3274282.0,3153183.0,209,23,23,0.14937826086956524,0.036984902338894454
2026-09-07,Bogotá,Marketplace,Bebidas,819019.58,667359.0,99,19,19,0.1235157894736842,0.18517332638128134
2026-09-07,Bogotá,Marketplace,Cuidado personal,1574185.53,1374736.0,88,22,22,0.2610954545454545,0.1267001418822596
2026-09-07,Bogotá,Marketplace,Hogar,657474.1799999999,532325.0,25,7,7,0.1543142857142857,0.1903484331506371
2026-09-07,Bogotá,Tienda,Alimentos,11668984.78,9743100.0,691,70,70,0.0891742857142857,0.16504304498715777
2026-09-07,Bogotá,Tienda,Bebidas,3933754.5,3024000.0,480,35,35,0.09347714285714286,0.2312687535533801
2026-09-07,Bogotá,Tienda,Cuidado personal,7120244.46,5241400.0,359,48,48,0.21126250000000002,0.2638735889694439
2026-09-07,Bogotá,Tienda,Hogar,6362988.09,4477500.0,225,23,23,0.10045217391304348,0.29632117227489574
2026-09-07,Caribe,E-commerce,Alimentos,1637026.23,1429246.5,97,18,18,0.11186111111111112,0.12692510736373477
2026-09-07,Caribe,E-commerce,Bebidas,561191.24,441094.5,67,12,12,0.110025,0.2140032335501174
2026-09-07,Caribe,E-commerce,Cuidado personal,1960367.3900000001,1586728.0,104,25,25,0.242528,0.19059661566804584
2026-09-07,Caribe,E-commerce,Hogar,1315402.31,977388.5,47,10,10,0.13269,0.25696610643780915
2026-09-07,Caribe,Marketplace,Alimentos,472468.39,497871.0,33,5,5,0.24164,-0.05376573446532579
2026-09-07,Caribe,Marketplace,Bebidas,346540.14,310086.0,46,8,8,0.1948625,0.10519456707093156
2026-09-07,Caribe,Marketplace,Cuidado personal,1098126.27,906076.0,58,12,12,0.24387499999999998,0.1748890589786182
2026-09-07,Caribe,Marketplace,Hogar,880395.11,766548.0,36,7,7,0.1991285714285714,0.12931365554722354
2026-09-07,Caribe,Tienda,Alimentos,3581812.85,2975100.0,211,17,17,0.07135294117647059,0.16938708844042483
2026-09-07,Caribe,Tienda,Bebidas,1207497.55,919800.0,146,11,11,0.05476363636363637,0.23825932400442554
2026-09-07,Caribe,Tienda,Cuidado personal,2888610.25,2117000.0,145,22,22,0.19006363636363635,0.2671216201631909
2026-09-07,Caribe,Tienda,Hogar,1176980.82,875600.0,44,7,7,0.18457142857142858,0.2560626433997455
2026-09-07,Eje Cafetero,E-commerce,Alimentos,1269198.75,1105087.5,75,12,12,0.10145833333333333,0.12930303469019333
2026-09-07,Eje Cafetero,E-commerce,Bebidas,476949.54,381843.0,58,10,10,0.11479999999999999,0.19940587425663517
2026-09-07,Eje Cafetero,E-commerce,Cuidado personal,2287794.93,1769812.0,116,18,18,0.22842777777777779,0.2264114336506551
2026-09-07,Eje Cafetero,E-commerce,Hogar,1077694.93,831820.0,40,2,2,0.1835,0.22814891594599962
2026-09-07,Eje Cafetero,Marketplace,Alimentos,787337.69,739263.0,49,7,7,0.15044285714285713,0.06105981030833155
2026-09-07,Eje Cafetero,Marketplace,Bebidas,357182.08999999997,316827.0,47,9,9,0.18689999999999998,0.11298184071883327
2026-09-07,Eje Cafetero,Marketplace,Cuidado personal,596539.53,531148.0,34,7,7,0.2609,0.10961810024559483
2026-09-07,Eje Cafetero,Marketplace,Hogar,542357.02,447153.0,21,4,4,0.187125,0.17553754536080313
2026-09-07,Eje Cafetero,Tienda,Alimentos,2001662.8499999999,1649700.0,117,15,15,0.07839333333333333,0.1758352311929054
2026-09-07,Eje Cafetero,Tienda,Bebidas,1334019.62,1033200.0,164,10,10,0.08201,0.2254986474636708
2026-09-07,Eje Cafetero,Tienda,Cuidado personal,1519256.25,1095000.0,75,14,14,0.20575000000000002,0.27925259481407433
2026-09-07,Eje Cafetero,Tienda,Hogar,909519.64,676600.0,34,5,5,0.19336,0.2560908305399541
2026-09-07,Valle,E-commerce,Alimentos,2316945.12,2018626.5,137,22,22,0.10954090909090909,0.1287551515246939
2026-09-07,Valle,E-commerce,Bebidas,931040.49,763686.0,116,25,25,0.12844,0.1797499591022083
2026-09-07,Valle,E-commerce,Cuidado personal,2732348.52,2197008.0,144,32,32,0.244253125,0.195926879781793
2026-09-07,Valle,E-commerce,Hogar,1292075.23,998184.0,48,6,6,0.16356666666666667,0.22745674800994364
2026-09-07,Valle,Marketplace,Alimentos,1327059.96,1237134.0,82,14,14,0.14211428571428572,0.06776329835164341
2026-09-07,Valle,Marketplace,Bebidas,151281.87,121338.0,18,3,3,0.08633333333333333,0.19793429311787325
2026-09-07,Valle,Marketplace,Cuidado personal,1037526.39,890454.0,57,13,13,0.28343076923076926,0.1417529148342916
2026-09-07,Valle,Marketplace,Hogar,544429.8,447153.0,21,4,4,0.19942500000000002,0.17867647950204055
2026-09-07,Valle,Tienda,Alimentos,6677121.09,5696400.0,404,24,24,0.0951875,0.14687783504013102
2026-09-07,Valle,Tienda,Bebidas,714181.3,535500.0,85,12,12,0.1078,0.2501903928316242
2026-09-07,Valle,Tienda,Cuidado personal,4134584.41,2993000.0,205,25,25,0.188436,0.27610620483135817
2026-09-07,Valle,Tienda,Hogar,1662342.75,1134300.0,57,8,8,0.0920875,0.3176497446149418
2026-09-14,Antioquia,E-commerce,Alimentos,3026637.06,2755351.5,187,33,33,0.1279242424242424,0.08963266973278919
2026-09-14,Antioquia,E-commerce,Bebidas,928705.9500000001,757102.5,115,21,21,0.12269047619047618,0.18477694689045554
2026-09-14,Antioquia,E-commerce,Cuidado personal,3557853.87,2746260.0,180,41,41,0.22053170731707317,0.2281133232714811
2026-09-14,Antioquia,E-commerce,Hogar,1766944.51,1330912.0,64,13,13,0.13931538461538462,0.2467720449240367
2026-09-14,Antioquia,Marketplace,Alimentos,576123.39,573306.0,38,9,9,0.18711111111111112,0.004890254499127372
2026-09-14,Antioquia,Marketplace,Bebidas,379197.02,316827.0,47,11,11,0.1560090909090909,0.16447919342826064
2026-09-14,Antioquia,Marketplace,Cuidado personal,1023997.16,874832.0,56,11,11,0.24954545454545454,0.14566950556776936
2026-09-14,Antioquia,Marketplace,Hogar,1010462.49,873013.0,41,9,9,0.215,0.1360263160288117
2026-09-14,Antioquia,Tienda,Alimentos,4626164.88,3807000.0,270,31,31,0.08773870967741935,0.17707213237069058
2026-09-14,Antioquia,Tienda,Bebidas,1506077.31,1121400.0,178,26,26,0.09245,0.25541670898687135
2026-09-14,Antioquia,Tienda,Cuidado personal,4079902.09,2949200.0,202,29,29,0.18544137931034482,0.27713951586519564
2026-09-14,Antioquia,Tienda,Hogar,3452613.9899999998,2527300.0,127,20,20,0.160015,0.26800389289970983
2026-09-14,Bogotá,E-commerce,Alimentos,4510328.82,4022518.5,273,50,50,0.115938,0.10815404806783029
2026-09-14,Bogotá,E-commerce,Bebidas,1416624.08,1145529.0,174,37,37,0.12110270270270271,0.19136698565790303
2026-09-14,Bogotá,E-commerce,Cuidado personal,8081271.76,6316398.0,414,89,89,0.21954606741573035,0.21839059648205666
2026-09-14,Bogotá,E-commerce,Hogar,4118943.38,3119325.0,150,30,30,0.13319333333333333,0.24268806045107616
2026-09-14,Bogotá,Marketplace,Alimentos,2920710.45,2791095.0,185,23,23,0.16823043478260868,0.044378055346088886
2026-09-14,Bogotá,Marketplace,Bebidas,432146.3,384237.0,57,11,11,0.16934545454545455,0.11086361262378039
2026-09-14,Bogotá,Marketplace,Cuidado personal,1972808.0,1671554.0,107,26,26,0.25805384615384613,0.15270315205534446
2026-09-14,Bogotá,Marketplace,Hogar,2082643.05,1639561.0,77,13,13,0.14243846153846154,0.21274987569281256
2026-09-14,Bogotá,Tienda,Alimentos,10690027.14,8911200.0,632,55,55,0.0773381818181818,0.16640061963397415
2026-09-14,Bogotá,Tienda,Bebidas,4044071.92,3112200.0,494,35,35,0.09573142857142858,0.230429116601863
2026-09-14,Bogotá,Tienda,Cuidado personal,10744931.959999999,7898600.0,541,50,50,0.206688,0.2648999519583742
2026-09-14,Bogotá,Tienda,Hogar,5047819.84,3502400.0,176,31,31,0.10695483870967741,0.30615590274315335
2026-09-14,Caribe,E-commerce,Alimentos,1959119.63,1709202.0,116,21,21,0.11149047619047618,0.12756629364180272
2026-09-14,Caribe,E-commerce,Bebidas,696685.11,579348.0,88,17,17,0.14304705882352942,0.16842201493297307
2026-09-14,Caribe,E-commerce,Cuidado personal,2536413.75,1983410.0,130,19,19,0.23483684210526315,0.2180258445610461
2026-09-14,Caribe,E-commerce,Hogar,1270305.91,977388.5,47,8,8,0.159,0.230588087242702
2026-09-14,Caribe,Marketplace,Alimentos,795904.97,769437.0,51,5,5,0.17434,0.033255188744455225
2026-09-14,Caribe,Marketplace,Bebidas,79238.43,60669.0,9,1,1,0.043,0.23434878757693703
2026-09-14,Caribe,Marketplace,Cuidado personal,634919.25,531148.0,34,7,7,0.2634142857142857,0.16344007525366414
2026-09-14,Caribe,Marketplace,Hogar,1084591.69,1000771.0,47,6,6,0.24523333333333333,0.07728317556996951
2026-09-14,Caribe,Tienda,Alimentos,4826476.07,4131300.0,293,24,24,0.12236666666666667,0.14403387894555547
2026-09-14,Caribe,Tienda,Bebidas,768092.19,579600.0,92,12,12,0.10274166666666668,0.24540308110670928
2026-09-14,Caribe,Tienda,Cuidado personal,2579986.15,1883400.0,129,11,11,0.17512727272727274,0.26999608118051327
2026-09-14,Caribe,Tienda,Hogar,1986452.12,1313400.0,66,8,8,0.06054999999999999,0.33882121457828046
2026-09-14,Eje Cafetero,E-commerce,Alimentos,1176684.58,1090353.0,74,13,13,0.14213076923076923,0.07336849778383267
2026-09-14,Eje Cafetero,E-commerce,Bebidas,336639.97,263340.0,40,6,6,0.0982,0.2177399492995439
2026-09-14,Eje Cafetero,E-commerce,Cuidado personal,1145337.56,930677.0,61,12,12,0.23679166666666665,0.18742121754917393
2026-09-14,Eje Cafetero,E-commerce,Hogar,736079.97,623865.0,30,6,6,0.20866666666666664,0.1524494274718547
2026-09-14,Eje Cafetero,Marketplace,Alimentos,343756.77,362088.0,24,6,6,0.20856666666666668,-0.053326164310887554
2026-09-14,Eje Cafetero,Marketplace,Bebidas,301266.57999999996,256158.0,38,5,5,0.13934,0.14972978416656757
2026-09-14,Eje Cafetero,Marketplace,Cuidado personal,530989.53,453038.0,29,6,6,0.2890833333333333,0.14680426937985014
2026-09-14,Eje Cafetero,Marketplace,Hogar,404291.29000000004,340688.0,16,4,4,0.1859,0.1573204557535732
2026-09-14,Eje Cafetero,Tienda,Alimentos,2930478.76,2481600.0,176,18,18,0.09872222222222223,0.153175913139872
2026-09-14,Eje Cafetero,Tienda,Bebidas,649195.23,497700.0,79,8,8,0.0810125,0.2333585075786832
2026-09-14,Eje Cafetero,Tienda,Cuidado personal,1329211.83,1022000.0,70,11,11,0.23276363636363637,0.2311233041011981
2026-09-14,Eje Cafetero,Tienda,Hogar,1050966.06,776100.0,39,6,6,0.15693333333333334,0.2615365714093565
2026-09-14,Valle,E-commerce,Alimentos,2437307.84,2195440.5,149,26,26,0.12211923076923077,0.09923544988063546
2026-09-14,Valle,E-commerce,Bebidas,884442.07,691267.5,105,17,17,0.1052235294117647,0.21841404491308283
2026-09-14,Valle,E-commerce,Cuidado personal,3651670.57,2883573.0,189,33,33,0.23704242424242425,0.21034141916038168
2026-09-14,Valle,E-commerce,Hogar,441371.59,332728.0,16,4,4,0.126,0.2461499391023333
2026-09-14,Valle,Marketplace,Alimentos,813698.28,784524.0,52,10,10,0.16206,0.035853928559367275
2026-09-14,Valle,Marketplace,Bebidas,16276.94,13482.0,2,1,1,0.1154,0.17171163621663535
2026-09-14,Valle,Marketplace,Cuidado personal,1840142.61,1640310.0,105,17,17,0.2923764705882353,0.10859626254728165
2026-09-14,Valle,Marketplace,Hogar,230648.65999999997,191637.0,9,2,2,0.20854999999999999,0.1691388972300987
2026-09-14,Valle,Tienda,Alimentos,6163250.09,5259300.0,373,28,28,0.1001,0.14666776080799926
2026-09-14,Valle,Tienda,Bebidas,1449088.94,1077300.0,171,17,17,0.07773529411764706,0.2565673712201543
2026-09-14,Valle,Tienda,Cuidado personal,4969628.2700000005,3591600.0,246,28,28,0.18525,0.2772900094598022
2026-09-14,Valle,Tienda,Hogar,2442749.27,1731300.0,87,11,11,0.11873636363636364,0.291249404405717
2026-09-21,Antioquia,E-commerce,Alimentos,3523433.0100000002,3108979.5,211,35,35,0.11511714285714285,0.11762775362089266
2026-09-21,Antioquia,E-commerce,Bebidas,879827.3,691267.5,105,20,20,0.10225,0.21431455923224937
2026-09-21,Antioquia,E-commerce,Cuidado personal,2960110.25,2334321.0,153,41,41,0.22810975609756096,0.211407412950244
2026-09-21,Antioquia,E-commerce,Hogar,1965109.8800000001,1518071.5,73,13,13,0.17330769230769233,0.22748772704760922
2026-09-21,Antioquia,Marketplace,Alimentos,955032.92,905220.0,60,12,12,0.15551666666666666,0.05215832769408623
2026-09-21,Antioquia,Marketplace,Bebidas,450588.15,390978.0,58,9,9,0.15082222222222222,0.13229409162224975
2026-09-21,Antioquia,Marketplace,Cuidado personal,2305217.66,1937128.0,124,24,24,0.2627791666666667,0.15967674826853448
2026-09-21,Antioquia,Marketplace,Hogar,312512.0,255516.0,12,3,3,0.1686,0.18238019660045054
2026-09-21,Antioquia,Tienda,Alimentos,4643610.97,3821100.0,271,27,27,0.07192222222222222,0.1771274500197849
2026-09-21,Antioquia,Tienda,Bebidas,1288899.32,982800.0,156,14,14,0.10455,0.23748892970166208
2026-09-21,Antioquia,Tienda,Cuidado personal,4879647.24,3591600.0,246,32,32,0.208109375,0.2639631876340307
2026-09-21,Antioquia,Tienda,Hogar,3272867.74,2368100.0,119,11,11,0.1377909090909091,0.27644494427385574
2026-09-21,Bogotá,E-commerce,Alimentos,6016341.95,5392827.0,366,67,67,0.12814776119402985,0.1036368868627888
2026-09-21,Bogotá,E-commerce,Bebidas,1554597.47,1211364.0,184,36,36,0.1070138888888889,0.22078607268028036
2026-09-21,Bogotá,E-commerce,Cuidado personal,5145644.94,4043105.0,265,67,67,0.22170597014925372,0.2142666182482463
2026-09-21,Bogotá,E-commerce,Hogar,3956133.68,2952961.0,142,25,25,0.132824,0.2535740096628889
2026-09-21,Bogotá,Marketplace,Alimentos,2549081.95,2413920.0,160,29,29,0.15322413793103448,0.053023775873506214
2026-09-21,Bogotá,Marketplace,Bebidas,728846.35,640395.0,95,19,19,0.1812421052631579,0.12135802010945103
2026-09-21,Bogotá,Marketplace,Cuidado personal,1240317.7,1077918.0,69,21,21,0.24924761904761908,0.13093395345402228
2026-09-21,Bogotá,Marketplace,Hogar,1572328.44,1341459.0,63,15,15,0.20014666666666667,0.1468328334759371
2026-09-21,Bogotá,Tienda,Alimentos,12070743.03,10180200.0,722,49,49,0.0916204081632653,0.15662192669509586
2026-09-21,Bogotá,Tienda,Bebidas,2299538.81,1694700.0,269,40,40,0.07269,0.2630261369670034
2026-09-21,Bogotá,Tienda,Cuidado personal,3942577.37,2847000.0,195,40,40,0.199595,0.27788354347501365
2026-09-21,Bogotá,Tienda,Hogar,6461057.25,4537200.0,228,25,25,0.10998799999999999,0.297761987792323
2026-09-21,Caribe,E-commerce,Alimentos,1023731.8999999999,884070.0,60,8,8,0.1003875,0.1364242923366947
2026-09-21,Caribe,E-commerce,Bebidas,646297.89,513513.0,78,16,16,0.11029375,0.2054546240279386
2026-09-21,Caribe,E-commerce,Cuidado personal,2423989.98,1998667.0,131,25,25,0.264,0.17546400088667033
2026-09-21,Caribe,E-commerce,Hogar,1536808.67,1226934.5,59,11,11,0.1916909090909091,0.20163483981385916
2026-09-21,Caribe,Marketplace,Alimentos,861211.4,905220.0,60,10,10,0.21372,-0.0511008098592285
2026-09-21,Caribe,Marketplace,Bebidas,114737.2,107856.0,16,3,3,0.19973333333333332,0.05997357439435508
2026-09-21,Caribe,Marketplace,Cuidado personal,757411.65,687368.0,44,10,10,0.29994,0.09247765069364859
2026-09-21,Caribe,Marketplace,Hogar,416710.47000000003,340688.0,16,3,3,0.17966666666666664,0.1824347489997072
2026-09-21,Caribe,Tienda,Alimentos,5789159.9799999995,4836300.0,343,23,23,0.07282173913043478,0.16459382419761695
2026-09-21,Caribe,Tienda,Bebidas,1532600.64,1165500.0,185,12,12,0.10917499999999998,0.23952791772291046
2026-09-21,Caribe,Tienda,Cuidado personal,3730591.76,2701000.0,185,22,22,0.20092272727272728,0.27598617759237204
2026-09-21,Caribe,Tienda,Hogar,2242704.9299999997,1552200.0,78,12,12,0.10340833333333332,0.3078893352234258
2026-09-21,Eje Cafetero,E-commerce,Alimentos,1815288.3900000001,1606060.5,109,12,12,0.13830833333333334,0.11525876062039934
2026-09-21,Eje Cafetero,E-commerce,Bebidas,116720.61,98752.5,15,4,4,0.1513,0.15394119341905427
2026-09-21,Eje Cafetero,E-commerce,Cuidado personal,1082257.91,945934.0,62,17,17,0.2910117647058823,0.125962498162753
2026-09-21,Eje Cafetero,E-commerce,Hogar,548441.63,395114.5,19,4,4,0.0933,0.27956873003969446
2026-09-21,Eje Cafetero,Marketplace,Alimentos,634300.84,588393.0,39,6,6,0.14106666666666667,0.07237549929777796
2026-09-21,Eje Cafetero,Marketplace,Bebidas,225566.21,202230.0,30,4,4,0.14024999999999999,0.10345614265540921
2026-09-21,Eje Cafetero,Marketplace,Cuidado personal,79672.58,78110.0,5,2,2,0.36219999999999997,0.019612519137700846
2026-09-21,Eje Cafetero,Marketplace,Hogar,269012.45,212930.0,10,3,3,0.155,0.20847529547424296
2026-09-21,Eje Cafetero,Tienda,Alimentos,2671421.31,2115000.0,150,15,15,0.04701333333333334,0.20828661803255588
2026-09-21,Eje Cafetero,Tienda,Bebidas,1414407.5899999999,1077300.0,171,10,10,0.0726,0.23833836327193345
2026-09-21,Eje Cafetero,Tienda,Cuidado personal,1406984.59,1065800.0,73,15,15,0.22410666666666668,0.24249348033015775
2026-09-21,Eje Cafetero,Tienda,Hogar,644583.88,437800.0,22,5,5,0.08012,0.32080212741280467
2026-09-21,Valle,E-commerce,Alimentos,3508333.79,3094245.0,210,32,32,0.109859375,0.11803004354383283
2026-09-21,Valle,E-commerce,Bebidas,495868.09,401593.5,61,11,11,0.11623636363636364,0.19012029993702564
2026-09-21,Valle,E-commerce,Cuidado personal,2896613.91,2349578.0,154,33,33,0.23820606060606062,0.1888535811111948
2026-09-21,Valle,E-commerce,Hogar,945657.51,707047.0,34,5,5,0.16228,0.2523223339071246
2026-09-21,Valle,Marketplace,Alimentos,671176.75,648741.0,43,10,10,0.14652,0.03342748389302818
2026-09-21,Valle,Marketplace,Bebidas,209716.36,182007.0,27,4,4,0.15155000000000002,0.1321277939403487
2026-09-21,Valle,Marketplace,Cuidado personal,870070.23,734234.0,47,13,13,0.2564384615384615,0.15612099496841764
2026-09-21,Valle,Marketplace,Hogar,440751.83,319395.0,15,2,2,0.06655,0.2753405017059147
2026-09-21,Valle,Tienda,Alimentos,5720175.32,4822200.0,342,23,23,0.0815304347826087,0.15698388069685953
2026-09-21,Valle,Tienda,Bebidas,2080386.56,1631700.0,259,23,23,0.13173478260869564,0.21567461001093952
2026-09-21,Valle,Tienda,Cuidado personal,4536625.44,3226600.0,221,26,26,0.17567307692307693,0.28876649776932
2026-09-21,Valle,Tienda,Hogar,5453122.9,3880500.0,195,9,9,0.06892222222222222,0.28838941077231184
2026-09-28,Antioquia,E-commerce,Alimentos,2199249.57,2048095.5,139,27,27,0.16496296296296295,0.06872983951521239
2026-09-28,Antioquia,E-commerce,Bebidas,1365180.1099999999,1053360.0,160,22,22,0.08662727272727272,0.22840950268459442
2026-09-28,Antioquia,E-commerce,Cuidado personal,3787980.52,2959858.0,194,42,42,0.22399523809523808,0.21861847378243646
2026-09-28,Antioquia,E-commerce,Hogar,1203976.46,935797.5,45,10,10,0.14617,0.22274435498514644
2026-09-28,Antioquia,Marketplace,Alimentos,1374203.77,1252221.0,83,15,15,0.11850000000000001,0.08876614419417582
2026-09-28,Antioquia,Marketplace,Bebidas,449138.84,377496.0,56,7,7,0.13294285714285714,0.1595115666238084
2026-09-28,Antioquia,Marketplace,Cuidado personal,2878779.05,2499520.0,160,31,31,0.2738870967741936,0.1317430214034661
2026-09-28,Antioquia,Marketplace,Hogar,880117.15,681376.0,32,5,5,0.14368,0.22581215466600102
2026-09-28,Antioquia,Tienda,Alimentos,7299514.34,6175800.0,438,30,30,0.07873,0.15394371291830353
2026-09-28,Antioquia,Tienda,Bebidas,1842067.83,1379700.0,219,24,24,0.09015416666666666,0.25100477977512914
2026-09-28,Antioquia,Tienda,Cuidado personal,4642716.97,3416400.0,234,25,25,0.19322,0.2641377835272176
2026-09-28,Antioquia,Tienda,Hogar,2289641.32,1592000.0,80,11,11,0.11895454545454545,0.30469458858298376
2026-09-28,Bogotá,E-commerce,Alimentos,4871363.59,4346677.5,295,48,48,0.11294791666666666,0.10770825874650015
2026-09-28,Bogotá,E-commerce,Bebidas,1835227.02,1461537.0,222,37,37,0.1078864864864865,0.2036205962137589
2026-09-28,Bogotá,E-commerce,Cuidado personal,6529856.41,5187380.0,340,74,74,0.23009324324324326,0.2055904947533142
2026-09-28,Bogotá,E-commerce,Hogar,3124307.08,2433073.5,117,25,25,0.15968400000000002,0.2212438029619035
2026-09-28,Bogotá,Marketplace,Alimentos,1349608.43,1297482.0,86,18,18,0.16568888888888889,0.03862337315127762
2026-09-28,Bogotá,Marketplace,Bebidas,484833.15,417942.0,62,13,13,0.16263846153846154,0.1379673605239246
2026-09-28,Bogotá,Marketplace,Cuidado personal,2038409.55,1796530.0,115,27,27,0.28807777777777777,0.11866091875403549
2026-09-28,Bogotá,Marketplace,Hogar,2297494.61,1895077.0,89,13,13,0.19446923076923078,0.17515497457467372
2026-09-28,Bogotá,Tienda,Alimentos,10546787.54,8756100.0,621,50,50,0.07325,0.16978511543999483
2026-09-28,Bogotá,Tienda,Bebidas,3404341.66,2551500.0,405,41,41,0.08384878048780488,0.2505158838845805
2026-09-28,Bogotá,Tienda,Cuidado personal,5976407.26,4321600.0,296,34,34,0.1837705882352941,0.2768899755335616
2026-09-28,Bogotá,Tienda,Hogar,5451305.73,3840700.0,193,17,17,0.09828823529411765,0.29545320144794013
2026-09-28,Caribe,E-commerce,Alimentos,1206927.79,1060884.0,72,14,14,0.11331428571428571,0.12100457973546208
2026-09-28,Caribe,E-commerce,Bebidas,546086.58,447678.0,68,9,9,0.11622222222222223,0.18020691883693601
2026-09-28,Caribe,E-commerce,Cuidado personal,1493946.24,1159532.0,76,17,17,0.20735882352941176,0.22384623425271313
2026-09-28,Caribe,E-commerce,Hogar,1151002.06,915002.0,44,8,8,0.15713749999999999,0.20503878159870542
2026-09-28,Caribe,Marketplace,Alimentos,1493675.35,1403091.0,93,15,15,0.14694666666666667,0.06064527341901979
2026-09-28,Caribe,Marketplace,Bebidas,246857.51,195489.0,29,4,4,0.0859,0.20808971944989646
2026-09-28,Caribe,Marketplace,Cuidado personal,1141432.45,968564.0,62,13,13,0.27668461538461536,0.151448690634299
2026-09-28,Caribe,Marketplace,Hogar,889544.26,702669.0,33,5,5,0.19856000000000001,0.2100797772558276
2026-09-28,Caribe,Tienda,Alimentos,3238183.1,2749500.0,195,20,20,0.10659,0.15091274486609485
2026-09-28,Caribe,Tienda,Bebidas,1246934.75,894600.0,142,20,20,0.05222,0.28256069533710565
2026-09-28,Caribe,Tienda,Cuidado personal,876620.48,686200.0,47,10,10,0.24672,0.21722111717034034
2026-09-28,Caribe,Tienda,Hogar,3827979.46,2766100.0,139,9,9,0.12555555555555553,0.2773994665060193
2026-09-28,Eje Cafetero,E-commerce,Alimentos,1145247.58,1046149.5,71,15,15,0.15842,0.08652983139244011
2026-09-28,Eje Cafetero,E-commerce,Bebidas,484414.94,395010.0,60,10,10,0.12705,0.18456272219845243
2026-09-28,Eje Cafetero,E-commerce,Cuidado personal,1490477.95,1235817.0,81,13,13,0.25448461538461536,0.17085858264458054
2026-09-28,Eje Cafetero,E-commerce,Hogar,678110.6799999999,519887.5,25,4,4,0.163075,0.23332943229857395
2026-09-28,Eje Cafetero,Marketplace,Alimentos,444869.88,407349.0,27,6,6,0.12128333333333334,0.08434124602906361
2026-09-28,Eje Cafetero,Marketplace,Bebidas,228342.7,202230.0,30,7,7,0.1930714285714286,0.11435749861939974
2026-09-28,Eje Cafetero,Marketplace,Cuidado personal,329607.22,296818.0,19,6,6,0.29801666666666665,0.09947967765997351
2026-09-28,Eje Cafetero,Marketplace,Hogar,498020.25,383274.0,18,4,4,0.13405,0.23040478775712434
2026-09-28,Eje Cafetero,Tienda,Alimentos,2953364.67,2467500.0,175,19,19,0.10131052631578948,0.1645122510387449
2026-09-28,Eje Cafetero,Tienda,Bebidas,1665454.95,1272600.0,202,11,11,0.0875909090909091,0.23588446508264901
2026-09-28,Eje Cafetero,Tienda,Cuidado personal,2647987.36,1868800.0,128,19,19,0.19424210526315788,0.29425644992504796
2026-09-28,Eje Cafetero,Tienda,Hogar,1196853.19,875600.0,44,7,7,0.1421,0.2684148671567646
2026-09-28,Valle,E-commerce,Alimentos,707027.23,633583.5,43,8,8,0.134525,0.10387680542374582
2026-09-28,Valle,E-commerce,Bebidas,1188419.52,967774.5,147,22,22,0.12727272727272726,0.18566256804667766
2026-09-28,Valle,E-commerce,Cuidado personal,2214400.71,1830840.0,120,30,30,0.24853666666666668,0.1732119702942111
2026-09-28,Valle,E-commerce,Hogar,1396135.48,1018979.5,49,8,8,0.1080375,0.2701428231019528
2026-09-28,Valle,Marketplace,Alimentos,812668.57,724176.0,48,7,7,0.10108571428571429,0.10889134053750836
2026-09-28,Valle,Marketplace,Bebidas,351195.11,303345.0,45,9,9,0.17473333333333332,0.13624936292535506
2026-09-28,Valle,Marketplace,Cuidado personal,890897.24,781100.0,50,10,10,0.31106,0.12324343938926109
2026-09-28,Valle,Marketplace,Hogar,52817.76,42586.0,2,1,1,0.1616,0.19371817358403692
2026-09-28,Valle,Tienda,Alimentos,4599912.55,3778800.0,268,25,25,0.06332399999999999,0.178506121817468
2026-09-28,Valle,Tienda,Bebidas,2684181.29,2091600.0,332,15,15,0.10760666666666666,0.2207679832236667
2026-09-28,Valle,Tienda,Cuidado personal,3238100.66,2292200.0,157,27,27,0.18915555555555555,0.29211589117183284
2026-09-28,Valle,Tienda,Hogar,1706794.62,1174100.0,59,8,8,0.0987125,0.3121023547636915
